,model,link,price,rating,sim,processor,ram,battery,display,camera,card,os
0,Honor Robot Phone,https://www.smartprix.com/mobiles/honor-robot-phone-ppd1k8077jha,"₹99,990",85,"Dual Sim, 3G, 4G, 5G, VoLTE, Wi-Fi, NFC, IR Blaster",Octa Core Processor,"12 GB RAM, 512 GB inbuilt",7000 mAh Battery with 120W Fast Charging,"6.71 inches, 1256 x 2808 px, 120 Hz Display with Punch Hole",200 MP + 50 MP Dual Rear & 50 MP Front Camera,Android v16,No FM Radio
1,Samsung Galaxy S25 Ultra,https://www.smartprix.com/mobiles/samsung-galaxy-s25-ultra-ppd1p8z4fzt4,"₹1,10,000",89,"Dual Sim, 3G, 4G, 5G, VoLTE, Vo5G, Wi-Fi, NFC","Snapdragon 8 Elite for Galaxy, Octa Core, 4.47 GHz Processor","12 GB RAM, 256 GB inbuilt",5000 mAh Battery with 45W Fast Charging,"6.9 inches, 1440 x 3120 px, 120 Hz Display with Punch Hole",200 MP Quad Rear & 12 MP Front Camera,Memory Card Not Supported,Android v15
2,Nothing Phone (4a) Pro,https://www.smartprix.com/mobiles/nothing-phone-4a-pro-ppd1r955oi6x,"₹39,999",74,"Dual Sim, 3G, 4G, 5G, VoLTE, Wi-Fi, NFC","Snapdragon 7 Gen 4, Octa Core, 2.8 GHz Processor","8 GB RAM, 128 GB inbuilt",5400 mAh Battery with 50W Fast Charging,"6.83 inches, 1260 x 2800 px, 144 Hz Display with Punch Hole",50 MP + 50 MP + 8 MP Triple Rear & 32 MP Front Camera,Memory Card Not Supported,Android v16
3,Vivo T5x 5G,https://www.smartprix.com/mobiles/vivo-t5x-5g-ppd1rtf1u89r,"₹15,990",57,"Dual Sim, 3G, 4G, 5G, VoLTE, Wi-Fi","Dimensity 7400, Octa Core Processor","8 GB RAM, 128 GB inbuilt",6700 mAh Battery with 67W Fast Charging,"6.82 inches, 1080 x 2408 px, 120 Hz Display with Punch Hole",50 MP + 2 MP Dual Rear & 32 MP Front Camera,"Memory Card (Hybrid), upto 1 TB",Android v16
4,Samsung Galaxy S25 FE,https://www.smartprix.com/mobiles/samsung-galaxy-s25-fe-ppd1ifl43cwc,"₹51,300",77,"Dual Sim, 3G, 4G, 5G, VoLTE, Vo5G, Wi-Fi, NFC","Exynos 2400, Deca Core, 3.2 GHz Processor","8 GB RAM, 128 GB inbuilt",4900 mAh Battery with 45W Fast Charging,"6.7 inches, 1080 x 2340 px, 120 Hz Display with Punch Hole",50 MP + 12 MP + 8 MP Triple Rear & 12 MP Front Camera,Memory Card Not Supported,Android v16
5,Infinix Note 60 Ultra,https://www.smartprix.com/mobiles/infinix-note-60-ultra-ppd1vt10tmy2,"₹31,990",83,"Dual Sim, 3G, 4G, 5G, VoLTE, Wi-Fi, NFC, IR Blaster","Dimensity 8400 Ultimate, Octa Core, 3.25 GHz Processor","12 GB RAM, 256 GB inbuilt",7000 mAh Battery with 100W Fast Charging,"6.78 inches, 1208 x 2644 px, 144 Hz Display with Punch Hole",200 MP + 50 MP + 8 MP Triple Rear & 32 MP Front Camera,"Memory Card Supported, upto 1 TB",Android v16
6,Motorola Edge 70 Fusion,https://www.smartprix.com/mobiles/motorola-edge-70-fusion-ppd1ktx4v2b3,"₹26,999",70,"Dual Sim, 3G, 4G, 5G, VoLTE, Vo5G, Wi-Fi, NFC","Snapdragon 7s Gen4, Octa Core, 2.7 GHz Processor","8 GB RAM, 128 GB inbuilt",7000 mAh Battery with 68W Fast Charging,"6.8 inches, 1272 x 2772 px, 144 Hz Display with Punch Hole",50 MP + 13 MP + Dedicated 3-in-1 light sensor Triple Rear & 32 MP Front Camera,Android v16,No FM Radio
7,iQOO Z11x,https://www.smartprix.com/mobiles/iqoo-z11x-ppd1ol60m05r,"₹19,990",63,"Dual Sim, 3G, 4G, 5G, VoLTE, Wi-Fi","Dimensity 7400 Turbo, Octa Core, 2.6 GHz Processor","8 GB RAM, 128 GB inbuilt",7200 mAh Battery with 44W Fast Charging,"6.78 inches, 1080 x 2408 px, 120 Hz Display with Punch Hole",50 MP + 2 MP Dual Rear & 32 MP Front Camera,Android v16,No FM Radio
8,Realme C83 5G,https://www.smartprix.com/mobiles/realme-c83-5g-ppd1867s4tap,"₹13,499",52,"Dual Sim, 3G, 4G, 5G, VoLTE, Wi-Fi","Dimensity 6300, Octa Core, 2.4 GHz Processor","4 GB RAM, 64 GB inbuilt",7000 mAh Battery with 15W Fast Charging,"6.8 inches, 720 x 1570 px, 144 Hz Display with Punch Hole",13 MP Rear & 5 MP Front Camera,"Memory Card (Hybrid), upto 2 TB",Android v16
9,OPPO K14,https://www.smartprix.com/mobiles/oppo-k14-ppd18o79qj03,"₹19,999",62,"Dual Sim, 3G, 4G, 5G, VoLTE, Wi-Fi, IR Blaster",Octa Core Processor,"8 GB RAM, 256 GB inbuilt",7000 mAh Battery with 45W Fast Charging,"6.67 inches, 1080 x 2400 px, 120 Hz Display with Punch Hole",50 MP + 2 MP Dual Rear & 32 MP Front Camera,Android v16,No FM Radio
10,Nothing Phone 4a,https://www.smartprix.com/mobiles/nothing-phone-4a-ppd1wt9hfgkb,"₹31,999",68,"Dual Sim, 3G, 4G, 5G, VoLTE, Wi-Fi, NFC","Snapdragon 7s Gen4, Octa Core, 2.7 GHz Processor","8 GB RAM, 128 GB inbuilt",5400 mAh Battery with 50W Fast Charging,"6.78 inches, 1224 x 2720 px Display with Punch Hole",50 MP + 50 MP + 8 MP Triple Rear & 32 MP Front Camera,Android v16,No FM Radio
11,OnePlus 15T,https://www.smartprix.com/mobiles/oneplus-15t-ppd1417f31ev,"₹42,990",81,"Dual Sim, 3G, 4G, 5G, VoLTE, Vo5G, Wi-Fi, NFC, IR Blaster","Snapdragon 8 Elite Gen 5, Octa Core, 4.6 GHz Processor","12 GB RAM, 256 GB inbuilt",7500 mAh Battery with 100W Fast Charging,"6.32 inches, 1216 x 2640 px, 165 Hz Display with Punch Hole",50 MP + 50 MP Dual Rear & 16 MP Front Camera,Memory Card Not Supported,Android v16
12,Samsung Galaxy S26 Ultra 5G,https://www.smartprix.com/mobiles/samsung-galaxy-s26-ultra-ppd1n43i34jv,"₹1,39,999",90,"Dual Sim, 3G, 4G, 5G, VoLTE, Vo5G, Wi-Fi, NFC","Snapdragon 8 Elite Gen 5 for Galaxy, Octa Core, 4.74 GHz Processor","12 GB RAM, 256 GB inbuilt",5000 mAh Battery with 60W Fast Charging,"6.9 inches, 1440 x 3120 px, 120 Hz Display with Punch Hole",200 MP Quad Rear & 12 MP Front Camera,Memory Card Not Supported,Android v16
13,OnePlus Nord CE 5 5G,https://www.smartprix.com/mobiles/oneplus-nord-ce-5-5g-ppd1r3kavvs1,"₹24,998",71,"Dual Sim, 3G, 4G, 5G, VoLTE, Wi-Fi, IR Blaster","Dimensity 8350 Apex, Octa Core, 3.35 GHz Processor","8 GB RAM, 128 GB inbuilt",7100 mAh Battery with 80W Fast Charging,"6.77 inches, 1080 x 2392 px, 120 Hz Display with Punch Hole",50 MP + 8 MP Dual Rear & 16 MP Front Camera,"Memory Card (Hybrid), upto 1 TB",Android v15
14,iQOO 15R,https://www.smartprix.com/mobiles/iqoo-15r-ppd19cy9qdq2,"₹44,998",85,"Dual Sim, 3G, 4G, 5G, VoLTE, Wi-Fi, NFC, IR Blaster","Snapdragon 8 Gen5, Octa Core, 3.8 GHz Processor","8 GB RAM, 256 GB inbuilt",7600 mAh Battery with 100W Fast Charging,"6.59 inches, 1260 x 2750 px, 144 Hz Display with Punch Hole",50 MP + 8 MP Dual Rear & 32 MP Front Camera,Android v16,No FM Radio
15,Realme Narzo Power 5G,https://www.smartprix.com/mobiles/realme-narzo-power-5g-ppd12xzlzeqo,"₹27,999",74,"Dual Sim, 3G, 4G, 5G, VoLTE, Wi-Fi, IR Blaster","Dimensity 7400 Ultra, Octa Core, 2.6 GHz Processor","8 GB RAM, 128 GB inbuilt",10001 mAh Battery with 80W Fast Charging,"6.8 inches, 1280 x 2800 px, 144 Hz Display with Punch Hole",50 MP + 8 MP Dual Rear & 16 MP Front Camera,Memory Card Not Supported,Android v16
16,Motorola Edge 60 Stylus,https://www.smartprix.com/mobiles/motorola-edge-60-stylus-ppd1wurw9siu,"₹18,219",67,"Dual Sim, 3G, 4G, 5G, VoLTE, Vo5G, Wi-Fi, NFC","Snapdragon 7s Gen2, Octa Core, 2.4 GHz Processor","8 GB RAM, 256 GB inbuilt",5000 mAh Battery with 68W Fast Charging,"6.7 inches, 1220 x 2712 px, 120 Hz Display with Punch Hole",50 MP + 13 MP Dual Rear & 32 MP Front Camera,"Memory Card Supported, upto 1 TB",Android v15
17,Realme P4 Power 5G,https://www.smartprix.com/mobiles/realme-p4-power-5g-ppd1g2rnb2hl,"₹24,669",72,"Dual Sim, 3G, 4G, 5G, VoLTE, Wi-Fi, IR Blaster","Dimensity 7400 Ultra, Octa Core, 2.6 GHz Processor","8 GB RAM, 128 GB inbuilt",10001 mAh Battery with 80W Fast Charging,"6.8 inches, 1280 x 2800 px, 144 Hz Display with Punch Hole",50 MP + 8 MP Dual Rear & 16 MP Front Camera,Memory Card Not Supported,Android v16
18,Vivo V70 5G,https://www.smartprix.com/mobiles/vivo-v70-5g-ppd1xo1y0bku,"₹45,999",81,"Dual Sim, 3G, 4G, 5G, VoLTE, Wi-Fi, NFC, IR Blaster","Snapdragon 7 Gen4, Octa Core, 2.8 GHz Processor","8 GB RAM, 256 GB inbuilt",6500 mAh Battery with 90W Fast Charging,"6.59 inches, 1260 x 2750 px, 120 Hz Display with Punch Hole",50 MP + 50 MP + 8 MP Triple Rear & 50 MP Front Camera,Memory Card Not Supported,Android v16
19,Vivo T5 5G,https://www.smartprix.com/mobiles/vivo-t5-5g-ppd1f44bz55h,"₹23,990",63,"Dual Sim, 3G, 4G, 5G, VoLTE, Wi-Fi","Snapdragon 7s Gen4, Octa Core Processor","8 GB RAM, 128 GB inbuilt",7500 mAh Battery with 100W Fast Charging,"6.67 inches, 1080 x 2400 px, 120 Hz Display with Water Drop Notch",50 MP + 13 MP + 8 MP Triple Rear & 32 MP Front Camera,Android v16,No FM Radio
20,Infinix Note 60 Pro 5G,https://www.smartprix.com/mobiles/infinix-note-60-pro-5g-ppd1xfo8edjp,"₹25,990",72,"Dual Sim, 3G, 4G, 5G, VoLTE, Wi-Fi, NFC, IR Blaster","Snapdragon 7s Gen4, Octa Core, 2.7 GHz Processor","8 GB RAM, 256 GB inbuilt",6500 mAh Battery with 90W Fast Charging,"6.78 inches, 1208 x 2644 px, 144 Hz Display with Punch Hole",50 MP + 8 MP Dual Rear & 13 MP Front Camera,"Memory Card Supported, upto 1 TB",Android v16
21,Motorola Moto G57 Power,https://www.smartprix.com/mobiles/motorola-moto-g57-power-ppd1iqn2o3pg,"₹14,382",55,"Dual Sim, 3G, 4G, 5G, Wi-Fi","Snapdragon 6s Gen4, Octa Core, 2.4 GHz Processor","8 GB RAM, 128 GB inbuilt",7000 mAh Battery with 33W Fast Charging,"6.72 inches, 1080 x 2400 px, 120 Hz Display",50 MP + 8 MP Dual Rear & 8 MP Front Camera,Android v16,Bluetooth
22,Vivo T4 Pro 5G,https://www.smartprix.com/mobiles/vivo-t4-pro-5g-ppd1xf2ybjj3,"₹27,299",71,"Dual Sim, 3G, 4G, 5G, VoLTE, Vo5G, Wi-Fi, IR Blaster","Snapdragon 7 Gen4, Octa Core, 2.8 GHz Processor","8 GB RAM, 128 GB inbuilt",6500 mAh Battery with 90W Fast Charging,"6.77 inches, 1080 x 2392 px, 120 Hz Display with Punch Hole",50 MP + 50 MP + 2 MP Triple Rear & 32 MP Front Camera,Memory Card Not Supported,Android v15
23,Vivo X300 Ultra,https://www.smartprix.com/mobiles/vivo-x300-ultra-ppd1i5d5dvnf,"₹79,990",89,"Dual Sim, 3G, 4G, 5G, VoLTE, Wi-Fi, NFC, IR Blaster","Snapdragon 8 Elite Gen 5, Octa Core, 4.6 GHz Processor","12 GB RAM, 256 GB inbuilt",7000 mAh Battery with 120W Fast Charging,"6.82 inches, 1440 x 3168 px, 120 Hz Display with Punch Hole",200 MP + 200 MP + 50 MP Triple Rear & 50 MP Front Camera,Memory Card Not Supported,Android v16
24,Apple iPhone 17,https://www.smartprix.com/mobiles/apple-iphone-17-ppd1sq07ludi,"₹79,900",76,"Dual Sim, 3G, 4G, 5G, VoLTE, Wi-Fi, NFC","Apple A19, Hexa Core Processor","8 GB RAM, 256 GB inbuilt",3692 mAh Battery with Fast Charging,"6.3 inches, 1206 x 2622 px, 120 Hz Display with Small Notch",48 MP + 48 MP Dual Rear & 18 MP Front Camera,Memory Card Not Supported,iOS v26
25,Motorola Edge 60 Pro,https://www.smartprix.com/mobiles/motorola-edge-60-pro-ppd1n6m7zz1w,"₹27,822",77,"Dual Sim, 3G, 4G, 5G, VoLTE, Vo5G, Wi-Fi, NFC","Dimensity 8350 Extreme, Octa Core, 3.35 GHz Processor","8 GB RAM, 256 GB inbuilt",6000 mAh Battery with 90W Fast Charging,"6.7 inches, 1220 x 2712 px, 120 Hz Display with Punch Hole",50 MP + 50 MP + 10 MP Triple Rear & 50 MP Front Camera,Android v15,No FM Radio
26,Realme P4x 5G,https://www.smartprix.com/mobiles/realme-p4x-5g-ppd18t6s9idw,"₹15,489",62,"Dual Sim, 3G, 4G, 5G, VoLTE, Wi-Fi","Dimensity 7400 Ultra, Octa Core, 2.6 GHz Processor","6 GB RAM, 128 GB inbuilt",7000 mAh Battery with 45W Fast Charging,"6.72 inches, 1080 x 2400 px, 144 Hz Display with Punch Hole",50 MP + 2 MP Dual Rear & 8 MP Front Camera,Android v15,No FM Radio
27,SAMSUNG Galaxy S26 5G,https://www.smartprix.com/mobiles/samsung-galaxy-s26-ppd113ddsphz,"₹87,999",77,"Dual Sim, 3G, 4G, 5G, VoLTE, Vo5G, Wi-Fi, NFC","Exynos 2600, Deca Core, 3.8 GHz Processor","12 GB RAM, 256 GB inbuilt",4300 mAh Battery with 25W Fast Charging,"6.3 inches, 1080 x 2340 px, 120 Hz Display with Punch Hole",50 MP + 12 MP + 10 MP Triple Rear & 12 MP Front Camera,Android v16,No FM Radio
28,Vivo T3 Ultra,https://www.smartprix.com/mobiles/vivo-t3-ultra-ppd1zu9ucn88,"₹21,400",66,"Dual Sim, 3G, 4G, 5G, VoLTE, Wi-Fi","Dimensity 9200 Plus, Octa Core, 3.35 GHz Processor","8 GB RAM, 128 GB inbuilt",5500 mAh Battery with 80W Fast Charging,"6.78 inches, 1260 x 2800 px, 120 Hz Display with Punch Hole",50 MP + 8 MP Dual Rear & 50 MP Front Camera,Android v14,No FM Radio
29,Motorola Edge 60 Fusion,https://www.smartprix.com/mobiles/motorola-edge-60-fusion-ppd1qc7i0he4,"₹20,900",67,"Dual Sim, 3G, 4G, 5G, VoLTE, Vo5G, Wi-Fi","Dimensity 7400, Octa Core, 2.5 GHz Processor","8 GB RAM, 256 GB inbuilt",5500 mAh Battery with 68W Fast Charging,"6.7 inches, 1220 x 2712 px, 120 Hz Display with Punch Hole",50 MP + 13 MP Dual Rear & 32 MP Front Camera,"Memory Card (Hybrid), upto 1 TB",Android v15
30,OnePlus Nord 5 5G,https://www.smartprix.com/mobiles/oneplus-nord-5-ppd1aage1z7d,"₹33,999",76,"Dual Sim, 3G, 4G, 5G, VoLTE, Wi-Fi, NFC, IR Blaster","Snapdragon 8s Gen3, Octa Core, 3 GHz Processor","8 GB RAM, 256 GB inbuilt",6800 mAh Battery with 80W Fast Charging,"6.83 inches, 1272 x 2800 px, 144 Hz Display with Punch Hole",50 MP + 8 MP Dual Rear & 50 MP Front Camera,Android v15,No FM Radio
31,Honor Magic 8 Pro Air,https://www.smartprix.com/mobiles/honor-magic-8-pro-air-ppd1db9tdopv,"₹49,990",76,"Dual Sim, 3G, 4G, 5G, Wi-Fi, NFC","Dimensity 9500, Octa Core, 4.21 GHz Processor","12 GB RAM, 256 GB inbuilt",5500 mAh Battery with 80W Fast Charging,"6.31 inches, 1216 x 2640 px, 120 Hz Display with Punch Hole",64 MP + 50 MP + 50 MP Triple Rear & 50 MP Front Camera,Android v16,No FM Radio
32,Motorola Moto G67 Power 5G,https://www.smartprix.com/mobiles/motorola-moto-g67-power-5g-ppd1wf1g0m16,"₹15,714",64,"Dual Sim, 3G, 4G, 5G, VoLTE, Wi-Fi","Snapdragon 7s Gen2, Octa Core, 2.4 GHz Processor","8 GB RAM, 128 GB inbuilt",7000 mAh Battery with 30W Fast Charging,"6.7 inches, 1080 x 2400 px, 120 Hz Display with Punch Hole",50 MP + 8 MP Dual Rear & 32 MP Front Camera,"Memory Card (Hybrid), upto 1 TB",Android v15
33,Motorola Moto G86 Power 5G,https://www.smartprix.com/mobiles/motorola-moto-g86-power-ppd1xdleoq66,"₹17,835",66,"Dual Sim, 3G, 4G, 5G, VoLTE, Wi-Fi","Dimensity 7400, Octa Core, 2.6 GHz Processor","8 GB RAM, 128 GB inbuilt",6720 mAh Battery with 33W Fast Charging,"6.7 inches, 1220 x 2712 px, 120 Hz Display with Punch Hole",50 MP + 8 MP Dual Rear & 32 MP Front Camera,"Memory Card (Hybrid), upto 1 TB",Android v15
34,Nothing Phone 3a,https://www.smartprix.com/mobiles/nothing-phone-3a-ppd1r4h604a1,"₹24,999",67,"Dual Sim, 3G, 4G, 5G, VoLTE, Wi-Fi, NFC","Snapdragon 7s Gen3, Octa Core, 2.5 GHz Processor","8 GB RAM, 128 GB inbuilt",5000 mAh Battery with 50W Fast Charging,"6.77 inches, 1080 x 2392 px, 120 Hz Display with Punch Hole",50 MP + 50 MP + 8 MP Triple Rear & 32 MP Front Camera,Android v15,No FM Radio
35,Samsung Galaxy S24 5G (Snapdragon),https://www.smartprix.com/mobiles/samsung-galaxy-s24-5g-snapdragon-ppd1aht2mdd4,"₹42,999",72,"Dual Sim, 3G, 4G, 5G, VoLTE, Vo5G, Wi-Fi, NFC","Snapdragon 8 Gen3, Octa Core, 3.3 GHz Processor","8 GB RAM, 256 GB inbuilt",4000 mAh Battery with 25W Fast Charging,"6.2 inches, 1080 x 2340 px, 120 Hz Display with Punch Hole",50 MP + 12 MP + 10 MP Triple Rear & 12 MP Front Camera,Android v15,No FM Radio
36,Samsung Galaxy A57,https://www.smartprix.com/mobiles/samsung-galaxy-a57-ppd1o9vw6s9w,"₹45,990",67,"Dual Sim, 3G, 4G, 5G, VoLTE, Wi-Fi, NFC","Exynos 1680, Octa Core Processor","8 GB RAM, 128 GB inbuilt",5000 mAh Battery with 45W Fast Charging,"6.72 inches, 1080 x 2340 px, 120 Hz Display with Punch Hole",50 MP + 12 MP + 5 MP Triple Rear & 12 MP Front Camera,"Memory Card (Hybrid), upto 1 TB",Android v15
37,Vivo T4x 5G,https://www.smartprix.com/mobiles/vivo-t4x-5g-ppd1xeoou6dt,"₹16,999",55,"Dual Sim, 3G, 4G, 5G, VoLTE, Wi-Fi, IR Blaster","Dimensity 7300, Octa Core, 2.5 GHz Processor","6 GB RAM, 128 GB inbuilt",6500 mAh Battery with 44W Fast Charging,"6.72 inches, 1080 x 2408 px, 120 Hz Display with Punch Hole",50 MP + 2 MP Dual Rear & 8 MP Front Camera,Memory Card Not Supported,Android v15
38,Nothing Phone (4a) Pro (12GB RAM + 256GB),https://www.smartprix.com/mobiles/nothing-phone-4a-pro-12gb-ram-256gb-ppd1jar0km8m,"₹45,999",76,"Dual Sim, 3G, 4G, 5G, VoLTE, Wi-Fi, NFC","Snapdragon 7 Gen 4, Octa Core, 2.8 GHz Processor","12 GB RAM, 256 GB inbuilt",5400 mAh Battery with 50W Fast Charging,"6.83 inches, 1260 x 2800 px, 144 Hz Display with Punch Hole",50 MP + 50 MP + 8 MP Triple Rear & 32 MP Front Camera,Memory Card Not Supported,Android v16
39,OnePlus Turbo 6,https://www.smartprix.com/mobiles/oneplus-turbo-ppd1i3pyuoa1,"₹29,999",75,"Dual Sim, 3G, 4G, 5G, VoLTE, Wi-Fi, NFC, IR Blaster","Snapdragon 8s Gen4, Octa Core, 3.2 GHz Processor","12 GB RAM, 256 GB inbuilt",9000 mAh Battery with 80W Fast Charging,"6.78 inches, 1272 x 2772 px, 165 Hz Display with Punch Hole",50 MP Dual Rear & 16 MP Front Camera,Memory Card Not Supported,Android v16
40,Xiaomi Redmi Note 14 SE 5G,https://www.smartprix.com/mobiles/xiaomi-redmi-note-14-se-5g-ppd1ay1il4w5,"₹13,999",64,"Dual Sim, 3G, 4G, 5G, VoLTE, Wi-Fi, IR Blaster","Dimensity 7025 Ultra, Octa Core, 2.5 GHz Processor","6 GB RAM, 128 GB inbuilt",5110 mAh Battery with 45W Fast Charging,"6.67 inches, 1080 x 2400 px, 120 Hz Display with Punch Hole",50 MP + 8 MP + 2 MP Triple Rear & 20 MP Front Camera,"Memory Card (Hybrid), upto 1 TB",Android v14
41,Motorola Edge 70 Fusion 5G (8GB RAM + 256 GB),https://www.smartprix.com/mobiles/motorola-edge-70-fusion-5g-8gb-ram-256-gb-ppd17oig39en,"₹29,999",71,"Dual Sim, 3G, 4G, 5G, VoLTE, Vo5G, Wi-Fi, NFC","Snapdragon 7s Gen4, Octa Core, 2.7 GHz Processor","8 GB RAM, 256 GB inbuilt",7000 mAh Battery with 68W Fast Charging,"6.8 inches, 1272 x 2772 px, 144 Hz Display with Punch Hole",50 MP + 13 MP + Dedicated 3-in-1 light sensor Triple Rear & 32 MP Front Camera,Android v16,No FM Radio
42,Realme 15 Pro 5G,https://www.smartprix.com/mobiles/realme-15-pro-5g-ppd1ah05xbgg,"₹26,999",72,"Dual Sim, 3G, 4G, 5G, VoLTE, Wi-Fi","Snapdragon 7 Gen4, Octa Core, 2.8 GHz Processor","8 GB RAM, 128 GB inbuilt",7000 mAh Battery with 80W Fast Charging,"6.8 inches, 1280 x 2800 px, 144 Hz Display with Punch Hole",50 MP + 50 MP Dual Rear & 50 MP Front Camera,Android v15,No FM Radio
43,OnePlus 15R 5G,https://www.smartprix.com/mobiles/oneplus-15r-5g-ppd15wb0mhgp,"₹47,998",83,"Dual Sim, 3G, 4G, 5G, VoLTE, Vo5G, Wi-Fi, NFC, IR Blaster","Snapdragon 8 Gen5, Octa Core, 3.84 GHz Processor","12 GB RAM, 256 GB inbuilt",7400 mAh Battery with 80W Fast Charging,"6.83 inches, 1272 x 2800 px, 165 Hz Display with Punch Hole",50 MP + 8 MP Dual Rear & 32 MP Front Camera,Memory Card Not Supported,Android v16
44,Oppo K13,https://www.smartprix.com/mobiles/oppo-k13-ppd1qv80akej,"₹18,489",62,"Dual Sim, 3G, 4G, 5G, VoLTE, Wi-Fi, IR Blaster","Snapdragon 6 Gen4, Octa Core, 2.3 GHz Processor","8 GB RAM, 128 GB inbuilt",7000 mAh Battery with 80W Fast Charging,"6.67 inches, 1080 x 2400 px, 120 Hz Display with Punch Hole",50 MP + 2 MP Dual Rear & 16 MP Front Camera,Android v15,No FM Radio
45,OPPO K13x 5G (6GB RAM +128GB),https://www.smartprix.com/mobiles/oppo-k13x-5g-6gb-ram-128gb-ppd1hv5qoojn,"₹12,780",54,"Dual Sim, 3G, 4G, 5G, VoLTE, Wi-Fi","Dimensity 6300, Octa Core, 2.4 GHz Processor","6 GB RAM, 128 GB inbuilt",6000 mAh Battery with 45W Fast Charging,"6.67 inches, 720 x 1604 px, 120 Hz Display with Punch Hole",50 MP + 2 MP Dual Rear & 8 MP Front Camera,"Memory Card (Hybrid), upto 2 TB",Android v15
46,Apple iPhone 17e,https://www.smartprix.com/mobiles/apple-iphone-17e-ppd133jklbz9,"₹64,900",63,"Dual Sim, 3G, 4G, 5G, VoLTE, Wi-Fi, NFC","Apple A19, Hexa Core Processor","8 GB RAM, 256 GB inbuilt",4005 mAh Battery with Fast Charging,"6.1 inches, 1170 x 2532 px Display with Small Notch",48 MP Rear & 12 MP Front Camera,Memory Card Not Supported,iOS v26.3
47,Ai+ Pulse 2,https://www.smartprix.com/mobiles/ai-pulse-2-ppd1bla1zgt4,"₹5,999",48,"Dual Sim, 3G, 4G, VoLTE, Wi-Fi","Unisoc T7250, Octa Core, 1.8 GHz Processor","4 GB RAM, 64 GB inbuilt",6000 mAh Battery with 10W Fast Charging,"6.75 inches, 720 x 1600 px, 120 Hz Display with Water Drop Notch",50 MP Rear & 8 MP Front Camera,"Memory Card Supported, upto 1 TB",Android v16
48,Apple iPhone 16,https://www.smartprix.com/mobiles/apple-iphone-16-ppd1rbi06dkt,"₹61,900",70,"Dual Sim, 3G, 4G, 5G, VoLTE, Wi-Fi, NFC","Bionic A18, Hexa Core, 4.04 GHz Processor","8 GB RAM, 128 GB inbuilt",3561 mAh Battery with Fast Charging,"6.1 inches, 1179 x 2556 px Display with Dynamic Island Display",48 MP + 12 MP Dual Rear & 12 MP Front Camera,Memory Card Not Supported,iOS v18
49,Motorola Edge 70 5G,https://www.smartprix.com/mobiles/motorola-edge-70-5g-ppd19zprog0q,"₹30,195",75,"Dual Sim, 3G, 4G, 5G, VoLTE, Vo5G, Wi-Fi, NFC","Snapdragon 7 Gen4, Octa Core, 2.8 GHz Processor","8 GB RAM, 256 GB inbuilt",5000 mAh Battery with 68W Fast Charging,"6.7 inches, 1220 x 2712 px, 120 Hz Display with Punch Hole",50 MP + 50 MP Dual Rear & 50 MP Front Camera,Android v16,No FM Radio
50,Samsung Galaxy A35 5G,https://www.smartprix.com/mobiles/samsung-galaxy-a35-5g-ppd10kgb4go2,"₹21,448",63,"Dual Sim, 3G, 4G, 5G, VoLTE, Wi-Fi, NFC","Exynos 1380, Octa Core, 2.4 GHz Processor","8 GB RAM, 128 GB inbuilt",5000 mAh Battery with 25W Fast Charging,"6.6 inches, 1080 x 2340 px, 120 Hz Display with Punch Hole",50 MP + 8 MP + 5 MP Triple Rear & 13 MP Front Camera,"Memory Card (Hybrid), upto 1 TB",Android v14
51,iQOO Neo 10R,https://www.smartprix.com/mobiles/iqoo-neo-10r-ppd1bm0myepb,"₹26,998",72,"Dual Sim, 3G, 4G, 5G, VoLTE, Wi-Fi, IR Blaster","Snapdragon 8s Gen3, Octa Core, 3 GHz Processor","8 GB RAM, 128 GB inbuilt",6400 mAh Battery with 80W Fast Charging,"6.78 inches, 1260 x 2800 px, 144 Hz Display with Punch Hole",50 MP + 8 MP Dual Rear & 32 MP Front Camera,Android v15,No FM Radio
52,Samsung Galaxy Z Tri Fold,https://www.smartprix.com/mobiles/samsung-galaxy-tri-fold-ppd10xmk6inv,"₹2,19,990",93,"Dual Sim, 3G, 4G, 5G, VoLTE, Vo5G, Wi-Fi, NFC, IR Blaster","Snapdragon 8 Elite, Octa Core, 4.32 GHz Processor","16 GB RAM, 512 GB inbuilt",5600 mAh Battery with 45W Fast Charging,"10 inches, 1584 x 2160 px, 120 Hz Display with Punch Hole","Foldable Display, Dual Display",200 MP + 12 MP + 10 MP Triple Rear & 10 MP + 10 MP Dual Front Camera,Android v16
53,Nothing Phone (4a) Pro (8GB RAM + 256GB),https://www.smartprix.com/mobiles/nothing-phone-4a-pro-8gb-ram-256gb-ppd1eqx33jdy,"₹42,999",75,"Dual Sim, 3G, 4G, 5G, VoLTE, Wi-Fi, NFC","Snapdragon 7 Gen 4, Octa Core, 2.8 GHz Processor","8 GB RAM, 256 GB inbuilt",5400 mAh Battery with 50W Fast Charging,"6.83 inches, 1260 x 2800 px, 144 Hz Display with Punch Hole",50 MP + 50 MP + 8 MP Triple Rear & 32 MP Front Camera,Memory Card Not Supported,Android v16
54,Motorola Edge 70 Fusion 5G (12GB RAM + 256 GB),https://www.smartprix.com/mobiles/motorola-edge-70-fusion-5g-12gb-ram-256-gb-ppd1q11zyc82,"₹32,999",72,"Dual Sim, 3G, 4G, 5G, VoLTE, Vo5G, Wi-Fi, NFC","Snapdragon 7s Gen4, Octa Core, 2.7 GHz Processor","12 GB RAM, 256 GB inbuilt",7000 mAh Battery with 68W Fast Charging,"6.8 inches, 1272 x 2772 px, 144 Hz Display with Punch Hole",50 MP + 13 MP + Dedicated 3-in-1 light sensor Triple Rear & 32 MP Front Camera,Android v16,No FM Radio
55,Realme P4 5G,https://www.smartprix.com/mobiles/realme-p4-5g-ppd1xaayrjcv,"₹19,305",64,"Dual Sim, 3G, 4G, 5G, VoLTE, Wi-Fi, IR Blaster","Dimensity 7400 Ultra, Octa Core, 2.6 GHz Processor","6 GB RAM, 128 GB inbuilt",7000 mAh Battery with 80W Fast Charging,"6.77 inches, 1080 x 2392 px, 144 Hz Display with Punch Hole",50 MP + 8 MP Dual Rear & 16 MP Front Camera,Android v15,No FM Radio
56,Realme Neo 8,https://www.smartprix.com/mobiles/realme-neo-8-ppd18k77j6ox,"₹29,990",76,"Dual Sim, 3G, 4G, 5G, VoLTE, Vo5G, Wi-Fi, NFC, IR Blaster","Snapdragon 8 Gen5, Octa Core, 3.8 GHz Processor","12 GB RAM, 256 GB inbuilt",8000 mAh Battery with 80W Fast Charging,"6.78 inches, 1272 x 2772 px, 165 Hz Display with Punch Hole",50 MP + 50 MP + 8 MP Triple Rear & 16 MP Front Camera,Android v16,No FM Radio
57,Poco M7 Plus 5G,https://www.smartprix.com/mobiles/poco-m7-plus-5g-ppd1ot5cz1vf,"₹13,799",59,"Dual Sim, 3G, 4G, 5G, VoLTE, Wi-Fi, IR Blaster","Snapdragon 6s Gen3, Octa Core, 2.3 GHz Processor","6 GB RAM, 128 GB inbuilt",7000 mAh Battery with 33W Fast Charging,"6.9 inches, 1080 x 2340 px, 144 Hz Display with Punch Hole",50 MP Rear & 8 MP Front Camera,"Memory Card (Hybrid), upto 2 TB",Android v15
58,Motorola Moto G96 5G,https://www.smartprix.com/mobiles/motorola-moto-g96-5g-ppd1lex9864q,"₹17,809",64,"Dual Sim, 3G, 4G, 5G, VoLTE, Wi-Fi","Snapdragon 7s Gen2, Octa Core, 2.4 GHz Processor","8 GB RAM, 128 GB inbuilt",5500 mAh Battery with 33W Fast Charging,"6.67 inches, 1080 x 2400 px, 144 Hz Display with Punch Hole",50 MP + 8 MP Dual Rear & 32 MP Front Camera,Memory Card Not Supported,Android v15
59,OnePlus Nord CE 4 5G,https://www.smartprix.com/mobiles/oneplus-nord-ce-4-5g-ppd1ayfp2rd8,"₹19,999",66,"Dual Sim, 3G, 4G, 5G, VoLTE, Wi-Fi, IR Blaster","Snapdragon 7 Gen3, Octa Core, 2.63 GHz Processor","8 GB RAM, 128 GB inbuilt",5500 mAh Battery with 100W Fast Charging,"6.7 inches, 1080 x 2412 px, 120 Hz Display with Punch Hole",50 MP + 8 MP Dual Rear & 16 MP Front Camera,"Memory Card (Hybrid), upto 1 TB",Android v14
60,OnePlus Nord CE 6 5G,https://www.smartprix.com/mobiles/oneplus-nord-ce-6-5g-ppd1bo82hrj2,"₹26,990",72,"Dual Sim, 3G, 4G, 5G, VoLTE, Wi-Fi, IR Blaster",Octa Core Processor,"8 GB RAM, 128 GB inbuilt",7500 mAh Battery with 100W Fast Charging,"6.82 inches, 1080 x 2392 px, 144 Hz Display with Punch Hole",50 MP + 50 MP Dual Rear & 32 MP Front Camera,"Memory Card (Hybrid), upto 1 TB",Android v16
61,iQOO Z11 Turbo,https://www.smartprix.com/mobiles/iqoo-z11-turbo-ppd1771t3osi,"₹31,990",79,"Dual Sim, 3G, 4G, 5G, VoLTE, Wi-Fi, NFC, IR Blaster","Snapdragon 8 Gen5, Octa Core, 3.8 GHz Processor","12 GB RAM, 256 GB inbuilt",7600 mAh Battery with 100W Fast Charging,"6.59 inches, 1260 x 2750 px, 144 Hz Display with Punch Hole",200 MP + 8 MP Dual Rear & 32 MP Front Camera,Android v16,No FM Radio
62,Realme Narzo 90,https://www.smartprix.com/mobiles/realme-narzo-90-ppd1tzh1uzdp,"₹16,998",62,"Dual Sim, 3G, 4G, 5G, VoLTE, Wi-Fi","Dimensity 6400 Max, Octa Core Processor","6 GB RAM, 128 GB inbuilt",7000 mAh Battery with 60W Fast Charging,"6.57 inches, 1080 x 2372 px, 120 Hz Display with Punch Hole",50 MP + 2 MP Dual Rear & 50 MP Front Camera,Memory Card (Hybrid),Android v15
63,OnePlus 15,https://www.smartprix.com/mobiles/oneplus-15-ppd1kq6wmua1,"₹72,999",94,"Dual Sim, 3G, 4G, 5G, VoLTE, Vo5G, Wi-Fi, NFC, IR Blaster","Snapdragon 8 Elite Gen 5, Octa Core, 4.6 GHz Processor","12 GB RAM, 256 GB inbuilt",7300 mAh Battery with 120W Fast Charging,"6.78 inches, 1272 x 2772 px, 165 Hz Display with Punch Hole",50 MP + 50 MP + 50 MP Triple Rear & 32 MP Front Camera,Memory Card Not Supported,Android v16
64,Vivo V70 Elite 5G (12GB RAM + 256GB),https://www.smartprix.com/mobiles/vivo-v70-elite-5g-12gb-ram-256gb-ppd1f7brnkpa,"₹56,999",85,"Dual Sim, 3G, 4G, 5G, VoLTE, Wi-Fi, NFC, IR Blaster","Snapdragon 8s Gen3, Octa Core, 3 GHz Processor","12 GB RAM, 256 GB inbuilt",6500 mAh Battery with 90W Fast Charging,"6.59 inches, 1260 x 2750 px, 120 Hz Display with Punch Hole",50 MP + 50 MP + 8 MP Triple Rear & 50 MP Front Camera,Memory Card Not Supported,Android v16
65,Samsung Galaxy M56 5G,https://www.smartprix.com/mobiles/samsung-galaxy-m56-ppd1fqb2pvjf,"₹21,999",58,"Dual Sim, 3G, 4G, 5G, VoLTE, Wi-Fi","Exynos 1480, Octa Core, 2.7 GHz Processor","8 GB RAM, 128 GB inbuilt",5000 mAh Battery with 45W Fast Charging,"6.74 inches, 1080 x 2340 px, 120 Hz Display with Punch Hole",50 MP + 8 MP + 2 MP Triple Rear & 12 MP Front Camera,Android v15,No FM Radio
66,Realme GT 7,https://www.smartprix.com/mobiles/realme-gt-7-ppd1w32wghtx,"₹34,999",83,"Dual Sim, 3G, 4G, 5G, VoLTE, Vo5G, Wi-Fi, NFC, IR Blaster","Dimensity 9400e, Octa Core, 3.4 GHz Processor","8 GB RAM, 256 GB inbuilt",7000 mAh Battery with 120W Fast Charging,"6.78 inches, 1264 x 2780 px, 120 Hz Display with Punch Hole",50 MP + 50 MP + 8 MP Triple Rear & 32 MP Front Camera,Memory Card Not Supported,Android v15
67,Apple iPhone 17 Pro Max,https://www.smartprix.com/mobiles/apple-iphone-17-pro-max-ppd1mutp9pmm,"₹1,49,900",81,"Dual Sim, 3G, 4G, 5G, VoLTE, Wi-Fi, NFC","Apple A19 Pro, Hexa Core Processor","12 GB RAM, 256 GB inbuilt",4832 mAh Battery with Fast Charging,"6.9 inches, 1320 x 2868 px, 120 Hz Display with Dynamic Island",48 MP + 48 MP + 48 MP Triple Rear & 18 MP Front Camera,Memory Card Not Supported,iOS v26
68,Google Pixel 9A,https://www.smartprix.com/mobiles/google-pixel-9a-ppd14suunc37,"₹39,999",68,"Dual Sim, 3G, 4G, 5G, VoLTE, Wi-Fi, NFC","Tensor G4, Octa Core, 3.1 GHz Processor","8 GB RAM, 256 GB inbuilt",5100 mAh Battery with 23W Fast Charging,"6.3 inches, 1080 x 2424 px, 120 Hz Display with Punch Hole",48 MP + 13 MP Dual Rear & 13 MP Front Camera,Memory Card Not Supported,Android v15
69,Vivo T4 5G,https://www.smartprix.com/mobiles/vivo-t4-ppd186aae1n5,"₹23,249",67,"Dual Sim, 3G, 4G, 5G, VoLTE, Wi-Fi, IR Blaster","Snapdragon 7s Gen3, Octa Core, 2.5 GHz Processor","8 GB RAM, 128 GB inbuilt",7300 mAh Battery with 90W Fast Charging,"6.77 inches, 1080 x 2392 px, 120 Hz Display with Punch Hole",50 MP + 2 MP Dual Rear & 32 MP Front Camera,Memory Card Not Supported,Android v15
70,Tecno Camon 40 Pro 5G,https://www.smartprix.com/mobiles/tecno-camon-40-pro-ppd142059cjz,"₹25,990",66,"Dual Sim, 3G, 4G, 5G, VoLTE, Wi-Fi, NFC, IR Blaster","Dimensity 7300, Octa Core, 2.5 GHz Processor","8 GB RAM, 256 GB inbuilt",5200 mAh Battery with 45W Fast Charging,"6.78 inches, 1080 x 2436 px, 144 Hz Display with Punch Hole",50 MP + 8 MP Dual Rear & 50 MP Front Camera,Android v15,Bluetooth
71,Vivo T5 Ultra,https://www.smartprix.com/mobiles/vivo-t5-ultra-ppd11tx5wg4l,"₹39,990",72,"Dual Sim, 3G, 4G, 5G, VoLTE, Wi-Fi",Octa Core Processor,"8 GB RAM, 256 GB inbuilt",6200 mAh Battery with 100W Fast Charging,"6.78 inches, 1460 x 3200 px, 120 Hz Display with Punch Hole",50 MP + 50 MP + 50 MP Triple Rear & 50 MP Front Camera,Android v16,No FM Radio
72,Xiaomi Redmi 13C 5G (6GB RAM + 128GB),https://www.smartprix.com/mobiles/xiaomi-redmi-13c-5g-6gb-ram-128gb-ppd1e2qi2o9d,"₹10,000",52,"Dual Sim, 3G, 4G, 5G, VoLTE, Wi-Fi","Dimensity 6100 Plus, Octa Core, 2.2 GHz Processor","6 GB RAM, 128 GB inbuilt",5000 mAh Battery with 18W Fast Charging,"6.74 inches, 720 x 1600 px, 90 Hz Display with Water Drop Notch",50 MP + Depth Sensor Dual Rear & 5 MP Front Camera,"Memory Card Supported, upto 1 TB",Android v13
73,Poco X7 Pro 5G,https://www.smartprix.com/mobiles/poco-x7-pro-ppd1b4kvjys1,"₹23,999",70,"Dual Sim, 3G, 4G, 5G, VoLTE, Wi-Fi, NFC, IR Blaster","Dimensity 8400 Ultra, Octa Core, 3.25 GHz Processor","8 GB RAM, 256 GB inbuilt",6550 mAh Battery with 90W Fast Charging,"6.67 inches, 1220 x 2712 px, 120 Hz Display with Punch Hole",50 MP + 8 MP Dual Rear & 20 MP Front Camera,Android v15,No FM Radio
74,Xiaomi Redmi Note 15 5G,https://www.smartprix.com/mobiles/xiaomi-redmi-note-15-ppd1nya0l7ja,"₹22,998",70,"Dual Sim, 3G, 4G, 5G, VoLTE, Wi-Fi, NFC, IR Blaster","Snapdragon 6 Gen3, Octa Core, 2.4 GHz Processor","8 GB RAM, 128 GB inbuilt",5520 mAh Battery with 45W Fast Charging,"6.77 inches, 1080 x 2392 px, 120 Hz Display with Punch Hole",108 MP + 8 MP Dual Rear & 20 MP Front Camera,"Memory Card (Hybrid), upto 1 TB",Android v15
75,OPPO K14x 5G,https://www.smartprix.com/mobiles/oppo-k14x-5g-ppd1259g0jtq,"₹13,979",55,"Dual Sim, 3G, 4G, 5G, VoLTE, Wi-Fi","Dimensity 6300, Octa Core, 2.4 GHz Processor","4 GB RAM, 128 GB inbuilt",6500 mAh Battery with 45W Fast Charging,"6.75 inches, 720 x 1570 px, 120 Hz Display with Punch Hole",50 MP + 2 MP Dual Rear & 5 MP Front Camera,Memory Card (Hybrid),Android v15
76,Vivo V60 5G,https://www.smartprix.com/mobiles/vivo-v60-5g-ppd1tkery1ow,"₹36,999",77,"Dual Sim, 3G, 4G, 5G, VoLTE, Wi-Fi, NFC, IR Blaster","Snapdragon 7 Gen4, Octa Core, 2.8 GHz Processor","8 GB RAM, 128 GB inbuilt",6500 mAh Battery with 90W Fast Charging,"6.77 inches, 1080 x 2392 px, 120 Hz Display with Punch Hole",50 MP + 50 MP + 8 MP Triple Rear & 50 MP Front Camera,Memory Card Not Supported,Android v15
77,Vivo V70 Lite,https://www.smartprix.com/mobiles/vivo-v70-lite-ppd1xwy8p9jq,"₹20,990",64,"Dual Sim, 3G, 4G, 5G, VoLTE, Wi-Fi, NFC",Octa Core Processor,"8 GB RAM, 256 GB inbuilt",7000 mAh Battery with 100W Fast Charging,"6.78 inches, 1080 x 2392 px, 120 Hz Display with Punch Hole",50 MP + 8 MP Dual Rear & 32 MP Front Camera,Android v16,No FM Radio
78,Vivo X300,https://www.smartprix.com/mobiles/vivo-x300-ppd1436zzr8s,"₹75,998",86,"Dual Sim, 3G, 4G, 5G, VoLTE, Wi-Fi, NFC, IR Blaster","Dimensity 9500, Octa Core, 4.21 GHz Processor","12 GB RAM, 256 GB inbuilt",6040 mAh Battery with 90W Fast Charging,"6.31 inches, 1216 x 2640 px, 120 Hz Display with Punch Hole",200 MP + 50 MP + 50 MP Triple Rear & 50 MP Front Camera,Memory Card Not Supported,Android v16
79,Xiaomi Redmi Note 13 5G,https://www.smartprix.com/mobiles/xiaomi-redmi-note-13-ppd1y4yzrj6s,"₹14,498",62,"Dual Sim, 3G, 4G, 5G, VoLTE, Vo5G, Wi-Fi, IR Blaster","Dimensity 6080, Octa Core, 2.4 GHz Processor","6 GB RAM, 128 GB inbuilt",5000 mAh Battery with 33W Fast Charging,"6.67 inches, 1080 x 2400 px, 120 Hz Display with Punch Hole",108 MP + 8 MP + 2 MP Triple Rear & 16 MP Front Camera,"Memory Card (Hybrid), upto 1 TB",Android v13
80,Samsung Galaxy S26 Ultra (12GB RAM + 512GB),https://www.smartprix.com/mobiles/samsung-galaxy-s26-ultra-12gb-ram-512gb-ppd1ixigi1x9,"₹1,39,999",90,"Dual Sim, 3G, 4G, 5G, VoLTE, Vo5G, Wi-Fi, NFC","Snapdragon 8 Elite Gen 5 for Galaxy, Octa Core, 4.74 GHz Processor","12 GB RAM, 512 GB inbuilt",5000 mAh Battery with 60W Fast Charging,"6.9 inches, 1440 x 3120 px, 120 Hz Display with Punch Hole",200 MP Quad Rear & 12 MP Front Camera,Memory Card Not Supported,Android v16
81,Realme P3 Lite 5G,https://www.smartprix.com/mobiles/realme-p3-lite-5g-ppd1yuob3odl,"₹11,730",55,"Dual Sim, 3G, 4G, 5G, VoLTE, Wi-Fi, NFC","Dimensity 6300, Octa Core, 2.4 GHz Processor","4 GB RAM, 128 GB inbuilt",6000 mAh Battery with 45W Fast Charging,"6.67 inches, 720 x 1604 px, 120 Hz Display with Punch Hole",32 MP + Depth Sensor Dual Rear & 8 MP Front Camera,"Memory Card (Hybrid), upto 2 TB",Android v15
82,Vivo X300 Pro 5G,https://www.smartprix.com/mobiles/vivo-x300-pro-5g-ppd1zbf99gkx,"₹1,09,998",97,"Dual Sim, 3G, 4G, 5G, VoLTE, Wi-Fi, NFC, IR Blaster","Dimensity 9500, Octa Core, 4.21 GHz Processor","16 GB RAM, 512 GB inbuilt",6510 mAh Battery with 90W Fast Charging,"6.78 inches, 1260 x 2800 px, 120 Hz Display with Punch Hole",200 MP + 50 MP + 50 MP Triple Rear & 50 MP Front Camera,Memory Card Not Supported,Android v16
83,iQOO Z10x,https://www.smartprix.com/mobiles/iqoo-z10x-ppd1tseq1vea,"₹16,998",57,"Dual Sim, 3G, 4G, 5G, VoLTE, Wi-Fi, IR Blaster","Dimensity 7300, Octa Core, 2.5 GHz Processor","6 GB RAM, 128 GB inbuilt",6500 mAh Battery with 44W Fast Charging,"6.72 inches, 1080 x 2408 px, 120 Hz Display with Punch Hole",50 MP + 2 MP Dual Rear & 8 MP Front Camera,Android v15,No FM Radio
84,OnePlus Nord CE 5 5G (8GB RAM + 256GB),https://www.smartprix.com/mobiles/oneplus-nord-ce-5-5g-8gb-ram-256gb-ppd1qyk0ajaa,"₹26,997",71,"Dual Sim, 3G, 4G, 5G, VoLTE, Wi-Fi, IR Blaster","Dimensity 8350 Apex, Octa Core, 3.35 GHz Processor","8 GB RAM, 256 GB inbuilt",7100 mAh Battery with 80W Fast Charging,"6.77 inches, 1080 x 2392 px, 120 Hz Display with Punch Hole",50 MP + 8 MP Dual Rear & 16 MP Front Camera,"Memory Card (Hybrid), upto 1 TB",Android v15
85,Motorola Signature,https://www.smartprix.com/mobiles/motorola-signature-ppd19ok7e1is,"₹54,366",86,"Dual Sim, 3G, 4G, 5G, VoLTE, Vo5G, Wi-Fi, NFC","Snapdragon 8 Gen5, Octa Core, 3.8 GHz Processor","12 GB RAM, 256 GB inbuilt",5200 mAh Battery with 90W Fast Charging,"6.8 inches, 1264 x 2780 px, 165 Hz Display with Punch Hole",50 MP + 50 MP + 50 MP Triple Rear & 50 MP Front Camera,Android v16,No FM Radio
86,Oppo Reno 15c,https://www.smartprix.com/mobiles/oppo-reno-15c-ppd1te5xe0la,"₹34,999",68,"Dual Sim, 3G, 4G, 5G, Wi-Fi, IR Blaster","Snapdragon 6 Gen1, Octa Core, 2.2 GHz Processor","8 GB RAM, 256 GB inbuilt",7000 mAh Battery with 80W Fast Charging,"6.57 inches, 1080 x 2372 px, 120 Hz Display with Punch Hole",50 MP + 8 MP + 2 MP Triple Rear & 50 MP Front Camera,Android v16,No FM Radio
87,Apple iPhone 15,https://www.smartprix.com/mobiles/apple-iphone-15-ppd1i7vu80cl,"₹54,790",64,"Dual Sim, 3G, 4G, 5G, VoLTE, Wi-Fi, NFC","Bionic A16, Hexa Core, 3.46 GHz Processor","6 GB RAM, 128 GB inbuilt",3349 mAh Battery with Fast Charging,"6.1 inches, 1179 x 2556 px Display with Dynamic Island",48 MP + 12 MP Dual Rear & 12 MP Front Camera,Memory Card Not Supported,iOS v17
88,Samsung Galaxy A37 5G,https://www.smartprix.com/mobiles/samsung-galaxy-a37-5g-ppd1tvyxm7fy,"₹34,990",66,"Dual Sim, 3G, 4G, 5G, VoLTE, Wi-Fi, NFC","Exynos 1480, Octa Core, 2.7 GHz Processor","8 GB RAM, 128 GB inbuilt",5500 mAh Battery with 45W Fast Charging,"6.74 inches, 1080 x 2340 px, 120 Hz Display with Punch Hole",50 MP + 12 MP + 5 MP Triple Rear & 12 MP Front Camera,Android v16,No FM Radio
89,Google Pixel 10A,https://www.smartprix.com/mobiles/google-pixel-10a-ppd172oet4af,"₹49,999",75,"Dual Sim, 3G, 4G, 5G, VoLTE, Wi-Fi, NFC","Tensor G4, Octa Core, 3.1 GHz Processor","8 GB RAM, 256 GB inbuilt",5100 mAh Battery with 30W Fast Charging,"6.3 inches, 1080 x 2424 px, 120 Hz Display with Punch Hole",48 MP + 13 MP Dual Rear & 13 MP Front Camera,Memory Card Not Supported,Android v16
90,Samsung Galaxy A55 5G,https://www.smartprix.com/mobiles/samsung-galaxy-a55-5g-ppd1j932nh5d,"₹25,999",64,"Dual Sim, 3G, 4G, 5G, VoLTE, Wi-Fi, NFC","Exynos 1480, Octa Core, 2.7 GHz Processor","8 GB RAM, 128 GB inbuilt",5000 mAh Battery with 25W Fast Charging,"6.6 inches, 1080 x 2340 px, 120 Hz Display with Punch Hole",50 MP + 12 MP + 5 MP Triple Rear & 32 MP Front Camera,"Memory Card (Hybrid), upto 1 TB",Android v14
91,Vivo T4 Lite 5G,https://www.smartprix.com/mobiles/vivo-t4-lite-5g-ppd1rdfw89gz,"₹11,999",52,"Dual Sim, 3G, 4G, 5G, VoLTE, Wi-Fi","Dimensity 6300, Octa Core, 2.4 GHz Processor","4 GB RAM, 128 GB inbuilt",6000 mAh Battery with 15W Fast Charging,"6.74 inches, 720 x 1600 px, 90 Hz Display with Water Drop Notch",50 MP + 2 MP Dual Rear & 5 MP Front Camera,"Memory Card Supported, upto 2 TB",Android v15
92,Xiaomi Redmi Turbo 4 Pro,https://www.smartprix.com/mobiles/xiaomi-redmi-turbo-4-pro-ppd1cai3iqzz,"₹23,990",76,"Dual Sim, 3G, 4G, 5G, VoLTE, Wi-Fi, NFC, IR Blaster","Snapdragon 8s Gen4, Octa Core, 3.2 GHz Processor","12 GB RAM, 256 GB inbuilt",7550 mAh Battery with 90W Fast Charging,"6.83 inches, 1280 x 2772 px, 120 Hz Display with Punch Hole",50 MP + 8 MP Dual Rear & 20 MP Front Camera,Android v15,No FM Radio
93,Samsung Galaxy A17 5G,https://www.smartprix.com/mobiles/samsung-galaxy-a17-ppd13ud9i0lb,"₹18,999",58,"Dual Sim, 3G, 4G, 5G, VoLTE, Wi-Fi, NFC","Exynos 1330, Octa Core, 2.4 GHz Processor","6 GB RAM, 128 GB inbuilt",5000 mAh Battery with 25W Fast Charging,"6.7 inches, 1080 x 2340 px, 90 Hz Display with Water Drop Notch",50 MP + 5 MP + 2 MP Triple Rear & 13 MP Front Camera,"Memory Card (Hybrid), upto 2 TB",Android v15
94,Vivo T4R 5G,https://www.smartprix.com/mobiles/vivo-t4r-5g-ppd1lmovzrv3,"₹21,253",66,"Dual Sim, 3G, 4G, 5G, VoLTE, Vo5G, Wi-Fi","Dimensity 7400, Octa Core, 2.6 GHz Processor","8 GB RAM, 128 GB inbuilt",5700 mAh Battery with 44W Fast Charging,"6.77 inches, 1080 x 2392 px, 120 Hz Display with Punch Hole",50 MP + 2 MP Dual Rear & 32 MP Front Camera,Memory Card Not Supported,Android v15
95,Realme P3 5G,https://www.smartprix.com/mobiles/realme-p3-5g-ppd1cyzzadan,"₹15,999",61,"Dual Sim, 3G, 4G, 5G, VoLTE, Wi-Fi, NFC","Snapdragon 6 Gen4, Octa Core, 2.3 GHz Processor","6 GB RAM, 128 GB inbuilt",6000 mAh Battery with 45W Fast Charging,"6.67 inches, 1080 x 2400 px, 120 Hz Display with Punch Hole",50 MP + 2 MP Dual Rear & 16 MP Front Camera,Android v15,No FM Radio
96,OPPO Reno 15 5G,https://www.smartprix.com/mobiles/oppo-reno-15-5g-ppd1spse38nz,"₹45,999",77,"Dual Sim, 3G, 4G, 5G, VoLTE, Wi-Fi, IR Blaster","Snapdragon 7 Gen4, Octa Core, 2.8 GHz Processor","8 GB RAM, 256 GB inbuilt",6500 mAh Battery with 80W Fast Charging,"6.59 inches, 1256 x 2760 px, 120 Hz Display with Punch Hole",50 MP + 50 MP + 8 MP Triple Rear & 50 MP Front Camera,Memory Card Not Supported,Android v16
97,CMF Phone 2 Pro,https://www.smartprix.com/mobiles/cmf-phone-2-pro-ppd13x4khn0q,"₹19,490",62,"Dual Sim, 3G, 4G, 5G, VoLTE, Wi-Fi","Dimensity 7300 Pro, Octa Core, 2.5 GHz Processor","8 GB RAM, 128 GB inbuilt",5000 mAh Battery with 33W Fast Charging,"6.77 inches, 1080 x 2392 px, 120 Hz Display with Punch Hole",50 MP + 50 MP + 8 MP Triple Rear & 16 MP Front Camera,"Memory Card (Hybrid), upto 2 TB",Android v15
98,Samsung Galaxy S24 Ultra,https://www.smartprix.com/mobiles/samsung-galaxy-s24-ultra-ppd1iyi3f6js,"₹1,08,799",85,"Dual Sim, 3G, 4G, 5G, VoLTE, Vo5G, Wi-Fi, NFC","Snapdragon 8 Gen3, Octa Core, 3.3 GHz Processor","12 GB RAM, 256 GB inbuilt",5000 mAh Battery with 45W Fast Charging,"6.8 inches, 1440 x 3120 px, 120 Hz Display with Punch Hole",200 MP Quad Rear & 12 MP Front Camera,Memory Card Not Supported,Android v14
99,Realme P4 Power 5G (8GB RAM + 256GB),https://www.smartprix.com/mobiles/realme-p4-power-5g-8gb-ram-256gb-ppd1em0qw5lt,"₹26,964",74,"Dual Sim, 3G, 4G, 5G, VoLTE, Wi-Fi, IR Blaster","Dimensity 7400 Ultra, Octa Core, 2.6 GHz Processor","8 GB RAM, 256 GB inbuilt",10001 mAh Battery with 80W Fast Charging,"6.8 inches, 1280 x 2800 px, 144 Hz Display with Punch Hole",50 MP + 8 MP Dual Rear & 16 MP Front Camera,Memory Card Not Supported,Android v16
100,Vivo V60e,https://www.smartprix.com/mobiles/vivo-v60e-ppd1jewltgul,"₹31,999",75,"Dual Sim, 3G, 4G, 5G, VoLTE, Wi-Fi, NFC, IR Blaster","Dimensity 7360 Turbo, Octa Core, 2.5 GHz Processor","8 GB RAM, 128 GB inbuilt",6500 mAh Battery with 90W Fast Charging,"6.77 inches, 1080 x 2392 px, 120 Hz Display with Punch Hole",200 MP + 8 MP Dual Rear & 50 MP Front Camera,Memory Card Not Supported,Android v15
101,Motorola Moto G64 5G,https://www.smartprix.com/mobiles/motorola-moto-g64-5g-ppd14p8f5n9i,"₹13,999",59,"Dual Sim, 3G, 4G, 5G, VoLTE, Vo5G, Wi-Fi","Dimensity 7025, Octa Core, 2.5 GHz Processor","8 GB RAM, 128 GB inbuilt",6000 mAh Battery with 33W Fast Charging,"6.5 inches, 1080 x 2400 px, 120 Hz Display with Punch Hole",50 MP + 8 MP Dual Rear & 16 MP Front Camera,"Memory Card (Hybrid), upto 1 TB",Android v14
102,Nothing Phone 4a (8GB RAM + 256GB),https://www.smartprix.com/mobiles/nothing-phone-4a-8gb-ram-256gb-ppd1ed49sn1h,"₹34,999",70,"Dual Sim, 3G, 4G, 5G, VoLTE, Wi-Fi, NFC","Snapdragon 7s Gen4, Octa Core, 2.7 GHz Processor","8 GB RAM, 256 GB inbuilt",5400 mAh Battery with 50W Fast Charging,"6.78 inches, 1224 x 2720 px Display with Punch Hole",50 MP + 50 MP + 8 MP Triple Rear & 32 MP Front Camera,Android v16,No FM Radio
103,Samsung Galaxy S24 FE 5G,https://www.smartprix.com/mobiles/samsung-galaxy-s24-fe-ppd1o1zy1v5x,"₹40,890",70,"Dual Sim, 3G, 4G, 5G, VoLTE, Vo5G, Wi-Fi, NFC","Exynos 2400e, Deca Core, 3.11 GHz Processor","8 GB RAM, 128 GB inbuilt",4700 mAh Battery with 25W Fast Charging,"6.7 inches, 1080 x 2340 px, 120 Hz Display with Punch Hole",50 MP + 12 MP + 8 MP Triple Rear & 10 MP Front Camera,Memory Card Not Supported,Android v14
104,iQOO 15R (12GB RAM + 256GB),https://www.smartprix.com/mobiles/iqoo-15r-12gb-ram-256gb-ppd1cdrslpar,"₹47,998",86,"Dual Sim, 3G, 4G, 5G, VoLTE, Wi-Fi, NFC, IR Blaster","Snapdragon 8 Gen5, Octa Core, 3.8 GHz Processor","12 GB RAM, 256 GB inbuilt",7600 mAh Battery with 100W Fast Charging,"6.59 inches, 1260 x 2750 px, 144 Hz Display with Punch Hole",50 MP + 8 MP Dual Rear & 32 MP Front Camera,Android v16,No FM Radio
105,Vivo T4 Pro 5G (8GB RAM + 256GB),https://www.smartprix.com/mobiles/vivo-t4-pro-5g-8gb-ram-256gb-ppd1lmfgjmnl,"₹28,949",71,"Dual Sim, 3G, 4G, 5G, VoLTE, Vo5G, Wi-Fi, IR Blaster","Snapdragon 7 Gen4, Octa Core, 2.8 GHz Processor","8 GB RAM, 256 GB inbuilt",6500 mAh Battery with 90W Fast Charging,"6.77 inches, 1080 x 2392 px, 120 Hz Display with Punch Hole",50 MP + 50 MP + 2 MP Triple Rear & 32 MP Front Camera,Memory Card Not Supported,Android v15
106,Realme C83 5G (6GB RAM + 128GB),https://www.smartprix.com/mobiles/realme-c83-5g-6gb-ram-128gb-ppd1hyb6eor7,"₹17,499",53,"Dual Sim, 3G, 4G, 5G, VoLTE, Wi-Fi","Dimensity 6300, Octa Core, 2.4 GHz Processor","6 GB RAM, 128 GB inbuilt",7000 mAh Battery with 15W Fast Charging,"6.8 inches, 720 x 1570 px, 144 Hz Display with Punch Hole",13 MP Rear & 5 MP Front Camera,"Memory Card (Hybrid), upto 2 TB",Android v16
107,OnePlus Nord 6,https://www.smartprix.com/mobiles/oneplus-nord-6-ppd1jshp0otr,"₹34,999",79,"Dual Sim, 3G, 4G, 5G, VoLTE, Wi-Fi, NFC, IR Blaster","Snapdragon 8s Gen4, Octa Core, 3.2 GHz Processor","8 GB RAM, 256 GB inbuilt",7500 mAh Battery with 100W Fast Charging,"6.83 inches, 1272 x 2800 px, 144 Hz Display with Punch Hole",50 MP + 50 MP Dual Rear & 50 MP Front Camera,Android v16,No FM Radio
108,iQOO Neo 11,https://www.smartprix.com/mobiles/iqoo-neo-11-ppd1tk1fqf0o,"₹39,990",81,"Dual Sim, 3G, 4G, 5G, VoLTE, Wi-Fi, NFC, IR Blaster","Snapdragon 8 Elite, Octa Core, 4.32 GHz Processor","12 GB RAM, 256 GB inbuilt",7500 mAh Battery with 100W Fast Charging,"6.78 inches, 1260 x 2800 px, 144 Hz Display with Punch Hole",50 MP + 8 MP Dual Rear & 16 MP Front Camera,Android v16,No FM Radio
109,Oppo K12s,https://www.smartprix.com/mobiles/oppo-k12s-ppd1yyi2u50e,"₹12,990",64,"Dual Sim, 3G, 4G, 5G, VoLTE, Wi-Fi, NFC, IR Blaster","Snapdragon 6 Gen4, Octa Core, 2.3 GHz Processor","8 GB RAM, 128 GB inbuilt",7000 mAh Battery with 80W Fast Charging,"6.67 inches, 1080 x 2400 px, 120 Hz Display with Punch Hole",50 MP + 2 MP Dual Rear & 16 MP Front Camera,Android v15,No FM Radio
110,Oppo Find X9 Ultra,https://www.smartprix.com/mobiles/oppo-find-x9-ultra-ppd16y6msqww,"₹80,990",90,"Dual Sim, 3G, 4G, 5G, VoLTE, Wi-Fi, NFC, IR Blaster","Snapdragon 8 Elite Gen 5, Octa Core, 4.6 GHz Processor","12 GB RAM, 256 GB inbuilt",7000 mAh Battery with 80W Fast Charging,"6.8 inches, 1440 x 3168 px, 120 Hz Display with Punch Hole",200 MP Quad Rear & 50 MP Front Camera,Android v15,No FM Radio
111,iQOO Z11,https://www.smartprix.com/mobiles/iqoo-z11-ppd1zwtp4lty,"₹23,990",68,"Dual Sim, 3G, 4G, 5G, VoLTE, Wi-Fi, IR Blaster","Snapdragon 7s Gen4, Octa Core Processor","8 GB RAM, 256 GB inbuilt",9000 mAh Battery with 100W Fast Charging,"6.67 inches, 1080 x 2400 px, 120 Hz Display with Punch Hole",50 MP + 12 MP Dual Rear & 50 MP Front Camera,"Memory Card (Hybrid), upto 1 TB",Android v16
112,Oppo Reno 15 Pro Mini,https://www.smartprix.com/mobiles/oppo-reno-15-pro-mini-ppd1bo8dcj8s,"₹59,999",84,"Dual Sim, 3G, 4G, 5G, VoLTE, Wi-Fi, IR Blaster","Dimensity 8450, Octa Core, 3.25 GHz Processor","12 GB RAM, 256 GB inbuilt",6200 mAh Battery with 80W Fast Charging,"6.32 inches, 1216 x 2640 px, 120 Hz Display with Punch Hole",200 MP + 50 MP + 50 MP Triple Rear & 50 MP Front Camera,Android v16,No FM Radio
113,Nothing Phone 3 5G,https://www.smartprix.com/mobiles/nothing-phone-3-ppd121b628gk,"₹49,829",83,"Dual Sim, 3G, 4G, 5G, VoLTE, Wi-Fi, NFC","Snapdragon 8s Gen4, Octa Core, 3.2 GHz Processor","12 GB RAM, 256 GB inbuilt",5500 mAh Battery with 65W Fast Charging,"6.67 inches, 1260 x 2800 px, 120 Hz Display with Punch Hole",50 MP + 50 MP + 50 MP Triple Rear & 50 MP Front Camera,Android v15,No FM Radio
114,Realme Narzo 90x (4GB+128GB),https://www.smartprix.com/mobiles/realme-narzo-90x-4gb-128gb-ppd10xdl3ukk,"₹13,749",57,"Dual Sim, 3G, 4G, 5G, VoLTE, Wi-Fi","Dimensity 6300, Octa Core, 2.4 GHz Processor","4 GB RAM, 128 GB inbuilt",7000 mAh Battery with 60W Fast Charging,"6.8 inches, 720 x 1570 px, 144 Hz Display with Punch Hole",50 MP + 2 MP Dual Rear & 8 MP Front Camera,"Memory Card (Hybrid), upto 2 TB",Android v15
115,Realme 16 Pro 5G,https://www.smartprix.com/mobiles/realme-16-pro-5g-ppd1ixzdy0z5,"₹34,999",77,"Dual Sim, 3G, 4G, 5G, VoLTE, Wi-Fi","Dimensity 7300 Max, Octa Core Processor","8 GB RAM, 128 GB inbuilt",7000 mAh Battery with 80W Fast Charging,"6.78 inches, 1272 x 2772 px, 144 Hz Display with Punch Hole",200 MP + 8 MP Dual Rear & 50 MP Front Camera,Memory Card Not Supported,Android v16
116,Honor WIN RT,https://www.smartprix.com/mobiles/honor-win-rt-ppd1h65tt1xv,"₹34,999",76,"Dual Sim, 3G, 4G, 5G, VoLTE, Wi-Fi, NFC, IR Blaster","Snapdragon 8 Elite, Octa Core, 4.32 GHz Processor","12 GB RAM, 256 GB inbuilt",10000 mAh Battery with 100W Fast Charging,"6.83 inches, 1272 x 2800 px, 185 Hz Display with Punch Hole",50 MP + 12 MP Dual Rear & 50 MP Front Camera,Android v16,No FM Radio
117,Vivo Y400 5G,https://www.smartprix.com/mobiles/vivo-y400-ppd19yvtuv08,"₹22,999",64,"Dual Sim, 3G, 4G, 5G, VoLTE, Wi-Fi","Snapdragon 4 Gen2, Octa Core, 2.2 GHz Processor","8 GB RAM, 128 GB inbuilt",6000 mAh Battery with 90W Fast Charging,"6.67 inches, 1080 x 2400 px, 120 Hz Display with Punch Hole",50 MP + 2 MP Dual Rear & 32 MP Front Camera,Android v15,No FM Radio
118,Samsung Galaxy S25 5G,https://www.smartprix.com/mobiles/samsung-galaxy-s25-ppd10ss8kmvt,"₹74,999",79,"Dual Sim, 3G, 4G, 5G, VoLTE, Vo5G, Wi-Fi, NFC","Snapdragon 8Elite, Octa Core, 4.47 GHz Processor","12 GB RAM, 256 GB inbuilt",4000 mAh Battery with 25W Fast Charging,"6.2 inches, 1080 x 2340 px, 120 Hz Display with Punch Hole",50 MP + 12 MP + 10 MP Triple Rear & 12 MP Front Camera,Android v15,No FM Radio
119,Xiaomi Redmi 15 5G,https://www.smartprix.com/mobiles/xiaomi-redmi-15-5g-ppd1mi0z63bv,"₹15,998",61,"Dual Sim, 3G, 4G, 5G, VoLTE, Wi-Fi, IR Blaster","Snapdragon 6s Gen3, Octa Core, 2.3 GHz Processor","6 GB RAM, 128 GB inbuilt",7000 mAh Battery with 33W Fast Charging,"6.9 inches, 1080 x 2340 px, 144 Hz Display with Punch Hole",50 MP Dual Rear & 8 MP Front Camera,"Memory Card (Hybrid), upto 1 TB",Android v15
120,Realme P3 Ultra,https://www.smartprix.com/mobiles/realme-p3-ultra-ppd1una34sck,"₹23,999",67,"Dual Sim, 3G, 4G, 5G, VoLTE, Wi-Fi, IR Blaster","Dimensity 8350 Ultra, Octa Core, 3.35 GHz Processor","8 GB RAM, 128 GB inbuilt",6000 mAh Battery with 80W Fast Charging,"6.83 inches, 1272 x 2800 px, 120 Hz Display with Punch Hole",50 MP + 8 MP Dual Rear & 16 MP Front Camera,Memory Card Not Supported,Android v15
121,Xiaomi Redmi Note 15 Pro 5G,https://www.smartprix.com/mobiles/xiaomi-redmi-note-15-pro-ppd1qlloghfg,"₹29,999",72,"Dual Sim, 3G, 4G, 5G, VoLTE, Wi-Fi, IR Blaster","Dimensity 7400 Ultra, Octa Core, 2.6 GHz Processor","8 GB RAM, 128 GB inbuilt",6580 mAh Battery with 45W Fast Charging,"6.83 inches, 1280 x 2772 px, 120 Hz Display with Punch Hole",200 MP + 8 MP Dual Rear & 20 MP Front Camera,Android v15,No FM Radio
122,Realme P4x 5G (8GB RAM + 256GB),https://www.smartprix.com/mobiles/realme-p4x-5g-8gb-ram-256gb-ppd1fukwmvib,"₹18,999",63,"Dual Sim, 3G, 4G, 5G, VoLTE, Wi-Fi","Dimensity 7400 Ultra, Octa Core, 2.6 GHz Processor","8 GB RAM, 256 GB inbuilt",7000 mAh Battery with 45W Fast Charging,"6.72 inches, 1080 x 2400 px, 144 Hz Display with Punch Hole",50 MP + 2 MP Dual Rear & 8 MP Front Camera,Android v15,No FM Radio
123,Oppo K13 (8GB RAM + 256GB),https://www.smartprix.com/mobiles/oppo-k13-8gb-ram-256gb-ppd1z8g3767e,"₹20,769",63,"Dual Sim, 3G, 4G, 5G, VoLTE, Wi-Fi, IR Blaster","Snapdragon 6 Gen4, Octa Core, 2.3 GHz Processor","8 GB RAM, 256 GB inbuilt",7000 mAh Battery with 80W Fast Charging,"6.67 inches, 1080 x 2400 px, 120 Hz Display with Punch Hole",50 MP + 2 MP Dual Rear & 16 MP Front Camera,Android v15,No FM Radio
124,Samsung Galaxy M17 5G,https://www.smartprix.com/mobiles/samsung-galaxy-m17-5g-ppd14diby3sa,"₹13,999",54,"Dual Sim, 3G, 4G, 5G, VoLTE, Wi-Fi, NFC","Exynos 1330, Octa Core, 2.4 GHz Processor","4 GB RAM, 128 GB inbuilt",5000 mAh Battery with 25W Fast Charging,"6.7 inches, 1080 x 2340 px, 90 Hz Display with Water Drop Notch",50 MP + 5 MP + 2 MP Triple Rear & 13 MP Front Camera,"Memory Card (Hybrid), upto 2 TB",Android v15
125,Apple iPhone 16 Pro,https://www.smartprix.com/mobiles/apple-iphone-16-pro-ppd19v91cy8p,"₹1,03,990",75,"Dual Sim, 3G, 4G, 5G, VoLTE, Wi-Fi, NFC","Bionic A18 Pro, Hexa Core, 4.05 GHz Processor","8 GB RAM, 128 GB inbuilt",3582 mAh Battery with Fast Charging,"6.3 inches, 1206 x 2622 px, 120 Hz Display with Dynamic Island",48 MP + 48 MP + 12 MP Triple Rear & 12 MP Front Camera,Memory Card Not Supported,iOS v18
126,Tecno Pova 7 5G,https://www.smartprix.com/mobiles/tecno-pova-7-5g-ppd1q2fknbl3,"₹14,999",61,"Dual Sim, 3G, 4G, 5G, VoLTE, Wi-Fi, NFC, IR Blaster","Dimensity 7300 Ultimate, Octa Core, 2.5 GHz Processor","8 GB RAM, 128 GB inbuilt",6000 mAh Battery with 45W Fast Charging,"6.78 inches, 1080 x 2460 px, 144 Hz Display with Punch Hole",50 MP Dual Rear & 13 MP Front Camera,"Memory Card (Hybrid), upto 1 TB",Android v15
127,iQOO Z10 5G,https://www.smartprix.com/mobiles/iqoo-z10-5g-ppd1aku7730p,"₹24,998",67,"Dual Sim, 3G, 4G, 5G, VoLTE, Wi-Fi, IR Blaster","Snapdragon 7s Gen3, Octa Core, 2.5 GHz Processor","8 GB RAM, 128 GB inbuilt",7300 mAh Battery with 90W Fast Charging,"6.77 inches, 1080 x 2392 px, 120 Hz Display with Punch Hole",50 MP + 2 MP Dual Rear & 32 MP Front Camera,Memory Card Not Supported,Android v15
128,iQOO 15,https://www.smartprix.com/mobiles/iqoo-15-ppd18y5t1bs0,"₹72,998",94,"Dual Sim, 3G, 4G, 5G, VoLTE, Wi-Fi, NFC, IR Blaster","Snapdragon 8 Elite Gen 5, Octa Core, 4.6 GHz Processor","12 GB RAM, 256 GB inbuilt",7000 mAh Battery with 100W Fast Charging,"6.85 inches, 1440 x 3168 px, 144 Hz Display with Punch Hole",50 MP + 50 MP + 50 MP Triple Rear & 32 MP Front Camera,Android v16,No FM Radio
129,Nothing Phone 3a Pro,https://www.smartprix.com/mobiles/nothing-phone-3a-pro-ppd1lr85vqig,"₹27,999",66,"Dual Sim, 3G, 4G, 5G, VoLTE, Wi-Fi, NFC","Snapdragon 7s Gen 3, Octa Core, 2.5 GHz Processor","8 GB RAM, 128 GB inbuilt",5000 mAh Battery with 50W Fast Charging,"6.77 inches, 1080 x 2392 px, 120 Hz Display with Punch Hole",50 MP + 50 MP + 8 MP Triple Rear & 50 MP Front Camera,Memory Card Not Supported,Android v15
130,Xiaomi Redmi 15C 5G,https://www.smartprix.com/mobiles/xiaomi-redmi-15c-5g-ppd1rsdafasx,"₹12,499",55,"Dual Sim, 3G, 4G, 5G, VoLTE, Wi-Fi","Dimensity 6300, Octa Core, 2.4 GHz Processor","4 GB RAM, 128 GB inbuilt",6000 mAh Battery with 33W Fast Charging,"6.9 inches, 720 x 1600 px, 120 Hz Display with Punch Hole",50 MP + Auxiliary lens Dual Rear & 8 MP Front Camera,"Memory Card Supported, upto 1 TB",Android v15
131,Motorola Edge 60 5G,https://www.smartprix.com/mobiles/motorola-edge-60-5g-ppd1qz8oqize,"₹25,844",75,"Dual Sim, 3G, 4G, 5G, VoLTE, Vo5G, Wi-Fi, NFC","Dimensity 7400, Octa Core, 2.6 GHz Processor","12 GB RAM, 256 GB inbuilt",5500 mAh Battery with 68W Fast Charging,"6.7 inches, 1220 x 2712 px, 120 Hz Display with Punch Hole",50 MP + 50 MP + 10 MP Triple Rear & 50 MP Front Camera,"Memory Card (Hybrid), upto 1 TB",Android v15
132,Vivo X200T,https://www.smartprix.com/mobiles/vivo-x200t-ppd1dstqxdrx,"₹59,999",88,"Dual Sim, 3G, 4G, 5G, VoLTE, Wi-Fi, NFC, IR Blaster","Dimensity 9400 Plus, Octa Core, 3.63 GHz Processor","12 GB RAM, 256 GB inbuilt",6200 mAh Battery with 90W Fast Charging,"6.67 inches, 1260 x 2800 px, 120 Hz Display with Punch Hole",50 MP + 50 MP + 50 MP Triple Rear & 32 MP Front Camera,Memory Card Not Supported,Android v16
133,Google Pixel 10 5G,https://www.smartprix.com/mobiles/google-pixel-10-ppd1t2f01uul,"₹69,248",75,"Dual Sim, 3G, 4G, 5G, VoLTE, Vo5G, Wi-Fi, NFC","Tensor G5, Octa Core, 3.78 GHz Processor","12 GB RAM, 256 GB inbuilt",4970 mAh Battery with 30W Fast Charging,"6.3 inches, 1080 x 2424 px, 120 Hz Display with Punch Hole",48 MP + 13 MP + 10.8 MP Triple Rear & 10.5 MP Front Camera,Android v16,No FM Radio
134,Tecno Spark Go 5G,https://www.smartprix.com/mobiles/tecno-spark-go-5g-ppd17lsqgku0,"₹9,999",52,"Dual Sim, 3G, 4G, 5G, VoLTE, Wi-Fi, IR Blaster","Dimensity 6400, Octa Core, 2.5 GHz Processor","4 GB RAM, 128 GB inbuilt",6000 mAh Battery with 18W Fast Charging,"6.74 inches, 720 x 1600 px, 120 Hz Display with Punch Hole",50 MP Rear & 5 MP Front Camera,Memory Card Supported,Android v15
135,Motorola Moto G67 Power 5G (8GB RAM + 256GB),https://www.smartprix.com/mobiles/motorola-moto-g67-power-5g-8gb-ram-256gb-ppd1ge1g50ok,"₹19,999",66,"Dual Sim, 3G, 4G, 5G, VoLTE, Wi-Fi","Snapdragon 7s Gen2, Octa Core, 2.4 GHz Processor","8 GB RAM, 256 GB inbuilt",7000 mAh Battery with 30W Fast Charging,"6.7 inches, 1080 x 2400 px, 120 Hz Display with Punch Hole",50 MP + 8 MP Dual Rear & 32 MP Front Camera,"Memory Card (Hybrid), upto 1 TB",Android v15
136,Vivo X300 FE,https://www.smartprix.com/mobiles/vivo-x300-fe-ppd11rjvb5k9,"₹69,990",84,"Dual Sim, 3G, 4G, 5G, VoLTE, Wi-Fi, NFC, IR Blaster","Snapdragon 8 Gen5, Octa Core, 3.8 GHz Processor","12 GB RAM, 256 GB inbuilt",6500 mAh Battery with 90W Fast Charging,"6.31 inches, 1216 x 2640 px, 120 Hz Display with Punch Hole",50 MP + 50 MP + 8 MP Triple Rear & 50 MP Front Camera,Memory Card (Hybrid),Android v16
137,iQOO Neo 10,https://www.smartprix.com/mobiles/iqoo-neo-10-ppd1z84s265q,"₹35,999",77,"Dual Sim, 3G, 4G, 5G, VoLTE, Wi-Fi, NFC, IR Blaster","Snapdragon 8s Gen4, Octa Core, 3.2 GHz Processor","8 GB RAM, 128 GB inbuilt",7000 mAh Battery with 120W Fast Charging,"6.78 inches, 1260 x 2800 px, 144 Hz Display with Punch Hole",50 MP + 8 MP Dual Rear & 32 MP Front Camera,Android v15,No FM Radio
138,Vivo Y31 5G,https://www.smartprix.com/mobiles/vivo-y31-5g-ppd1yf5nji3z,"₹16,999",57,"Dual Sim, 3G, 4G, 5G, VoLTE, Wi-Fi","Snapdragon 4 Gen2, Octa Core, 2.2 GHz Processor","4 GB RAM, 128 GB inbuilt",6500 mAh Battery with 44W Fast Charging,"6.68 inches, 720 x 1608 px, 120 Hz Display with Water Drop Notch",50 MP Rear & 8 MP Front Camera,Memory Card (Hybrid),Android v15
139,Realme P3x 5G,https://www.smartprix.com/mobiles/realme-p3x-5g-ppd1vz4em0ba,"₹12,999",55,"Dual Sim, 3G, 4G, 5G, VoLTE, Wi-Fi","Dimensity 6400, Octa Core, 2.5 GHz Processor","6 GB RAM, 128 GB inbuilt",6000 mAh Battery with 45W Fast Charging,"6.72 inches, 1080 x 2400 px, 120 Hz Display with Punch Hole",50 MP + 2 MP Dual Rear & 8 MP Front Camera,Memory Card (Hybrid),Android v15
140,Ai+ Pulse 2 (6GB RAM + 128GB),https://www.smartprix.com/mobiles/ai-pulse-2-6gb-ram-128gb-ppd1vmkye165,"₹7,999",49,"Dual Sim, 3G, 4G, VoLTE, Wi-Fi","Unisoc T7250, Octa Core, 1.8 GHz Processor","6 GB RAM, 128 GB inbuilt",6000 mAh Battery with 10W Fast Charging,"6.75 inches, 720 x 1600 px, 120 Hz Display with Water Drop Notch",50 MP Rear & 8 MP Front Camera,"Memory Card Supported, upto 1 TB",Android v16
141,Motorola Edge 70 Pro,https://www.smartprix.com/mobiles/motorola-edge-70-pro-ppd1ayt2rms2,"₹31,999",72,"Dual Sim, 3G, 4G, 5G, VoLTE, Vo5G, Wi-Fi, NFC",Octa Core Processor,"8 GB RAM, 256 GB inbuilt",6500 mAh Battery with 100W Fast Charging,"6.7 inches, 1220 x 2712 px, 120 Hz Display with Punch Hole",50 MP + 50 MP + 10 MP Triple Rear & 50 MP Front Camera,Android v15,No FM Radio
142,Motorola Edge 60 Fusion 5G (12GB RAM + 256GB),https://www.smartprix.com/mobiles/motorola-edge-60-fusion-5g-12gb-ram-256gb-ppd1wu1kfgt8,"₹23,229",68,"Dual Sim, 3G, 4G, 5G, VoLTE, Vo5G, Wi-Fi","Dimensity 7400, Octa Core, 2.5 GHz Processor","12 GB RAM, 256 GB inbuilt",5500 mAh Battery with 68W Fast Charging,"6.7 inches, 1220 x 2712 px, 120 Hz Display with Punch Hole",50 MP + 13 MP Dual Rear & 32 MP Front Camera,"Memory Card (Hybrid), upto 1 TB",Android v15
143,OnePlus Turbo 6V,https://www.smartprix.com/mobiles/oneplus-turbo-6v-ppd1kbzbpexz,"₹24,990",71,"Dual Sim, 3G, 4G, 5G, VoLTE, Wi-Fi, NFC, IR Blaster","Snapdragon 7s Gen 4, Octa Core, 2.7 GHz Processor","8 GB RAM, 256 GB inbuilt",9000 mAh Battery with 80W Fast Charging,"6.78 inches, 1272 x 2772 px, 144 Hz Display with Punch Hole",50 MP Dual Rear & 16 MP Front Camera,Memory Card Not Supported,Android v16
144,OPPO A6x 5G,https://www.smartprix.com/mobiles/oppo-a6x-5g-ppd1f9jfakee,"₹13,499",50,"Dual Sim, 3G, 4G, 5G, VoLTE, Wi-Fi","Dimensity 6300, Octa Core, 2.4 GHz Processor","4 GB RAM, 64 GB inbuilt",6500 mAh Battery with 45W Fast Charging,"6.75 inches, 720 x 1570 px, 120 Hz Display with Punch Hole",13 MP Rear & 5 MP Front Camera,Memory Card (Hybrid),Android v15
145,iQOO 15R (12GB RAM + 512GB),https://www.smartprix.com/mobiles/iqoo-15r-12gb-ram-512gb-ppd10bahhhvp,"₹52,998",88,"Dual Sim, 3G, 4G, 5G, VoLTE, Wi-Fi, NFC, IR Blaster","Snapdragon 8 Gen5, Octa Core, 3.8 GHz Processor","12 GB RAM, 512 GB inbuilt",7600 mAh Battery with 100W Fast Charging,"6.59 inches, 1260 x 2750 px, 144 Hz Display with Punch Hole",50 MP + 8 MP Dual Rear & 32 MP Front Camera,Android v16,No FM Radio
146,Vivo V70 Elite,https://www.smartprix.com/mobiles/vivo-v70-elite-ppd1qa2g2ha1,"₹51,999",83,"Dual Sim, 3G, 4G, 5G, VoLTE, Wi-Fi, NFC, IR Blaster","Snapdragon 8s Gen3, Octa Core, 3 GHz Processor","8 GB RAM, 256 GB inbuilt",6500 mAh Battery with 90W Fast Charging,"6.59 inches, 1260 x 2750 px, 120 Hz Display with Punch Hole",50 MP + 50 MP + 8 MP Triple Rear & 50 MP Front Camera,Memory Card Not Supported,Android v16
147,Oppo F31 5G,https://www.smartprix.com/mobiles/oppo-f31-ppd1chp2tvpi,"₹26,999",64,"Dual Sim, 3G, 4G, 5G, VoLTE, Wi-Fi, IR Blaster","Dimensity 6300, Octa Core, 2.4 GHz Processor","8 GB RAM, 128 GB inbuilt",7000 mAh Battery with 80W Fast Charging,"6.57 inches, 1080 x 2412 px, 120 Hz Display with Punch Hole",50 MP + 2 MP Dual Rear & 16 MP Front Camera,Memory Card (Hybrid),Android v15
148,Poco M7 Pro 5G,https://www.smartprix.com/mobiles/poco-m7-pro-5g-ppd10zikc9c0,"₹13,999",61,"Dual Sim, 3G, 4G, 5G, VoLTE, Wi-Fi, IR Blaster","Dimensity 7025 Ultra, Octa Core, 2.5 GHz Processor","6 GB RAM, 128 GB inbuilt",5110 mAh Battery with 45W Fast Charging,"6.67 inches, 1080 x 2400 px, 120 Hz Display with Punch Hole",50 MP + 2 MP Dual Rear & 20 MP Front Camera,"Memory Card (Hybrid), upto 1 TB",Android v14
149,OnePlus 13R 5G,https://www.smartprix.com/mobiles/oneplus-13r-ppd1cxr5fr5p,"₹39,999",79,"Dual Sim, 3G, 4G, 5G, VoLTE, Wi-Fi, NFC, IR Blaster","Snapdragon 8 Gen3, Octa Core, 3.3 GHz Processor","12 GB RAM, 256 GB inbuilt",6000 mAh Battery with 80W Fast Charging,"6.78 inches, 1264 x 2780 px, 120 Hz Display with Punch Hole",50 MP + 50 MP + 8 MP Triple Rear & 16 MP Front Camera,Memory Card Not Supported,Android v15
150,Nothing Phone 4a (12GB RAM + 256GB),https://www.smartprix.com/mobiles/nothing-phone-4a-12gb-ram-256gb-ppd1ytnhbhk7,"₹37,999",71,"Dual Sim, 3G, 4G, 5G, VoLTE, Wi-Fi, NFC","Snapdragon 7s Gen4, Octa Core, 2.7 GHz Processor","12 GB RAM, 256 GB inbuilt",5400 mAh Battery with 50W Fast Charging,"6.78 inches, 1224 x 2720 px Display with Punch Hole",50 MP + 50 MP + 8 MP Triple Rear & 32 MP Front Camera,Android v16,No FM Radio
151,Nothing Phone 3a Lite,https://www.smartprix.com/mobiles/nothing-phone-3a-lite-ppd1wwmx0v66,"₹20,377",63,"Dual Sim, 3G, 4G, 5G, VoLTE, Wi-Fi, NFC","Dimensity 7300 Pro, Octa Core, 2.5 GHz Processor","8 GB RAM, 128 GB inbuilt",5000 mAh Battery with 33W Fast Charging,"6.77 inches, 1084 x 2392 px, 120 Hz Display with Punch Hole",50 MP + 8 MP + 2 MP Triple Rear & 16 MP Front Camera,"Memory Card (Hybrid), upto 2 TB",Android v15
152,OnePlus 13s 5G,https://www.smartprix.com/mobiles/oneplus-13s-ppd15ix9v6ny,"₹50,999",80,"Dual Sim, 3G, 4G, 5G, VoLTE, Vo5G, Wi-Fi, NFC, IR Blaster","Snapdragon 8 Elite, Octa Core, 4.32 GHz Processor","12 GB RAM, 256 GB inbuilt",5850 mAh Battery with 80W Fast Charging,"6.32 inches, 1216 x 2640 px, 120 Hz Display with Punch Hole",50 MP + 50 MP Dual Rear & 32 MP Front Camera,Memory Card Not Supported,Android v15
153,Samsung Galaxy S26 Ultra (16GB RAM + 1TB),https://www.smartprix.com/mobiles/samsung-galaxy-s26-ultra-16gb-ram-1tb-ppd1wnqnxis2,"₹1,89,999",93,"Dual Sim, 3G, 4G, 5G, VoLTE, Vo5G, Wi-Fi, NFC","Snapdragon 8 Elite Gen 5 for Galaxy, Octa Core, 4.74 GHz Processor","16 GB RAM, 1 TB inbuilt",5000 mAh Battery with 60W Fast Charging,"6.9 inches, 1440 x 3120 px, 120 Hz Display with Punch Hole",200 MP Quad Rear & 12 MP Front Camera,Memory Card Not Supported,Android v16
154,OnePlus 15 5G (16GB RAM + 512GB),https://www.smartprix.com/mobiles/oneplus-15-5g-16gb-ram-512gb-ppd1mfsc5pds,"₹79,998",95,"Dual Sim, 3G, 4G, 5G, VoLTE, Vo5G, Wi-Fi, NFC, IR Blaster","Snapdragon 8 Elite Gen 5, Octa Core, 4.6 GHz Processor","16 GB RAM, 512 GB inbuilt",7300 mAh Battery with 120W Fast Charging,"6.78 inches, 1272 x 2772 px, 165 Hz Display with Punch Hole",50 MP + 50 MP + 50 MP Triple Rear & 32 MP Front Camera,Memory Card Not Supported,Android v16
155,Realme Narzo Power 5G (8GB RAM +256GB),https://www.smartprix.com/mobiles/realme-narzo-power-5g-8gb-ram-256gb-ppd1kdasebp8,"₹29,999",74,"Dual Sim, 3G, 4G, 5G, VoLTE, Wi-Fi, IR Blaster","Dimensity 7400 Ultra, Octa Core, 2.6 GHz Processor","8 GB RAM, 256 GB inbuilt",10001 mAh Battery with 80W Fast Charging,"6.8 inches, 1280 x 2800 px, 144 Hz Display with Punch Hole",50 MP + 8 MP Dual Rear & 16 MP Front Camera,Memory Card Not Supported,Android v16
156,Apple iPhone 15 Plus,https://www.smartprix.com/mobiles/apple-iphone-15-plus-ppd14by4bz2u,"₹59,994",66,"Dual Sim, 3G, 4G, 5G, VoLTE, Wi-Fi, NFC","Bionic A16, Hexa Core, 3.46 GHz Processor","6 GB RAM, 128 GB inbuilt",4383 mAh Battery with Fast Charging,"6.7 inches, 1290 x 2796 px Display with Dynamic Island",48 MP + 12 MP Dual Rear & 12 MP Front Camera,Memory Card Not Supported,iOS v17
157,CMF Phone 3 Pro,https://www.smartprix.com/mobiles/cmf-phone-3-pro-ppd1pdwhx4q9,"₹24,990",63,"Dual Sim, 3G, 4G, 5G, VoLTE, Wi-Fi",Octa Core Processor,"8 GB RAM, 128 GB inbuilt",6000 mAh Battery with 48W Fast Charging,"6.81 inches, 1080 x 2392 px, 144 Hz Display with Punch Hole",50 MP + 50 MP + 12 MP Triple Rear & 32 MP Front Camera,Memory Card (Hybrid),Android v16
158,Apple iPhone 16e,https://www.smartprix.com/mobiles/apple-iphone-16e-ppd18bks69tt,"₹47,900",63,"Dual Sim, 3G, 4G, 5G, VoLTE, Wi-Fi, NFC","Bionic A18, Hexa Core, 4.04 GHz Processor","8 GB RAM, 128 GB inbuilt",4005 mAh Battery with Fast Charging,"6.1 inches, 1170 x 2532 px Display with Small Notch",48 MP Rear & 12 MP Front Camera,Memory Card Not Supported,iOS v18
159,iQOO Z10R,https://www.smartprix.com/mobiles/iqoo-z10r-ppd1iunycm8q,"₹22,998",66,"Dual Sim, 3G, 4G, 5G, VoLTE, Vo5G, Wi-Fi","Dimensity 7400, Octa Core, 2.6 GHz Processor","8 GB RAM, 128 GB inbuilt",5700 mAh Battery with 44W Fast Charging,"6.77 inches, 1080 x 2392 px, 120 Hz Display with Punch Hole",50 MP + 2 MP Dual Rear & 32 MP Front Camera,Memory Card Not Supported,Android v15
160,Samsung Galaxy A36 5G,https://www.smartprix.com/mobiles/samsung-galaxy-a36-5g-ppd1qiu79bmo,"₹32,499",63,"Dual Sim, 3G, 4G, 5G, VoLTE, Wi-Fi, NFC","Snapdragon 6 Gen3, Octa Core, 2.4 GHz Processor","8 GB RAM, 128 GB inbuilt",5000 mAh Battery with 45W Fast Charging,"6.7 inches, 1080 x 2340 px, 120 Hz Display with Punch Hole",50 MP + 8 MP + 5 MP Triple Rear & 12 MP Front Camera,Android v15,No FM Radio
161,Vivo T4 Ultra,https://www.smartprix.com/mobiles/vivo-t4-ultra-ppd1mhevvkc6,"₹37,900",74,"Dual Sim, 3G, 4G, 5G, VoLTE, Wi-Fi, NFC","Dimensity 9300 Plus, Octa Core, 3.25 GHz Processor","8 GB RAM, 256 GB inbuilt",5500 mAh Battery with 90W Fast Charging,"6.67 inches, 1260 x 2800 px, 120 Hz Display with Punch Hole",50 MP + 50 MP + 8 MP Triple Rear & 32 MP Front Camera,Memory Card Not Supported,Android v15
162,Samsung Galaxy A18 5G,https://www.smartprix.com/mobiles/samsung-galaxy-a18-5g-ppd15xmq8xnc,"₹20,999",55,"Dual Sim, 3G, 4G, 5G, VoLTE, Wi-Fi, NFC",Octa Core Processor,"6 GB RAM, 128 GB inbuilt",6000 mAh Battery with 25W Fast Charging,"6.74 inches, 1080 x 2340 px, 90 Hz Display with Water Drop Notch",50 MP + 5 MP + 2 MP Triple Rear & 16 MP Front Camera,"Memory Card (Hybrid), upto 2 TB",Android v16
163,Xiaomi 17,https://www.smartprix.com/mobiles/xiaomi-17-ppd1bt90v3m3,"₹79,999",88,"Dual Sim, 3G, 4G, 5G, VoLTE, Vo5G, Wi-Fi, NFC, IR Blaster","Snapdragon 8 Elite Gen 5, Octa Core, 4.6 GHz Processor","12 GB RAM, 256 GB inbuilt",6330 mAh Battery with 100W Fast Charging,"6.3 inches, 1220 x 2656 px, 120 Hz Display with Punch Hole",50 MP + 50 MP + 50 MP Triple Rear & 50 MP Front Camera,Android v16,No FM Radio
164,Xiaomi 17 Ultra,https://www.smartprix.com/mobiles/xiaomi-17-ultra-ppd136rcvxif,"₹1,09,999",94,"Dual Sim, 3G, 4G, 5G, VoLTE, Vo5G, Wi-Fi, NFC, IR Blaster","Snapdragon 8 Elite Gen 5, Octa Core, 4.6 GHz Processor","16 GB RAM, 512 GB inbuilt",6000 mAh Battery with 90W Fast Charging,"6.9 inches, 1200 x 2608 px, 120 Hz Display with Punch Hole",200 MP + 50 MP + 50 MP Triple Rear & 50 MP Front Camera,Memory Card Not Supported,Android v16
165,OnePlus Nord CE 5 5G (12GB RAM + 256GB),https://www.smartprix.com/mobiles/oneplus-nord-ce-5-5g-12gb-ram-256gb-ppd1lo9958ir,"₹28,999",72,"Dual Sim, 3G, 4G, 5G, VoLTE, Wi-Fi, IR Blaster","Dimensity 8350 Apex, Octa Core, 3.35 GHz Processor","12 GB RAM, 256 GB inbuilt",7100 mAh Battery with 80W Fast Charging,"6.77 inches, 1080 x 2392 px, 120 Hz Display with Punch Hole",50 MP + 8 MP Dual Rear & 16 MP Front Camera,"Memory Card (Hybrid), upto 1 TB",Android v15
166,Samsung Galaxy F36 5G,https://www.smartprix.com/mobiles/samsung-galaxy-f36-5g-ppd1g4a14fhg,"₹16,169",62,"Dual Sim, 3G, 4G, 5G, VoLTE, Wi-Fi, NFC","Exynos 1380, Octa Core, 2.4 GHz Processor","6 GB RAM, 128 GB inbuilt",5000 mAh Battery with 25W Fast Charging,"6.7 inches, 1080 x 2340 px, 120 Hz Display with Water Drop Notch",50 MP + 8 MP + 2 MP Triple Rear & 13 MP Front Camera,"Memory Card (Hybrid), upto 2 TB",Android v15
167,Vivo V70 5G (12GB RAM + 256GB),https://www.smartprix.com/mobiles/vivo-v70-5g-12gb-ram-256gb-ppd12kedaodu,"₹49,999",83,"Dual Sim, 3G, 4G, 5G, VoLTE, Wi-Fi, NFC, IR Blaster","Snapdragon 7 Gen4, Octa Core, 2.8 GHz Processor","12 GB RAM, 256 GB inbuilt",6500 mAh Battery with 90W Fast Charging,"6.59 inches, 1260 x 2750 px, 120 Hz Display with Punch Hole",50 MP + 50 MP + 8 MP Triple Rear & 50 MP Front Camera,Memory Card Not Supported,Android v16
168,OPPO Reno 14 5G,https://www.smartprix.com/mobiles/oppo-reno-14-5g-ppd16yet8j4z,"₹42,999",76,"Dual Sim, 3G, 4G, 5G, VoLTE, Wi-Fi, IR Blaster","Dimensity 8350, Octa Core, 3.35 GHz Processor","8 GB RAM, 256 GB inbuilt",6000 mAh Battery with 80W Fast Charging,"6.59 inches, 1256 x 2760 px, 120 Hz Display with Punch Hole",50 MP + 50 MP + 8 MP Triple Rear & 50 MP Front Camera,Android v15,No FM Radio
169,Google Pixel 10 Pro,https://www.smartprix.com/mobiles/google-pixel-10-pro-ppd1y137q5ib,"₹1,03,730",81,"Dual Sim, 3G, 4G, 5G, VoLTE, Vo5G, Wi-Fi, NFC","Tensor G5, Octa Core, 3.78 GHz Processor","16 GB RAM, 256 GB inbuilt",4870 mAh Battery with 30W Fast Charging,"6.3 inches, 1280 x 2856 px, 120 Hz Display with Punch Hole",50 MP + 48 MP + 48 MP Triple Rear & 42 MP Front Camera,Android v16,No FM Radio
170,Motorola Razr Fold,https://www.smartprix.com/mobiles/motorola-razr-fold-ppd19xtiir04,"₹1,39,999",88,"Dual Sim, 3G, 4G, 5G, VoLTE, Wi-Fi, NFC, IR Blaster","Snapdragon 8 Gen 5, Octa Core, 3.8 GHz Processor",256 GB inbuilt,5200 mAh Battery with Fast Charging,"8.09 inches, 2200 x 2480 px, 120 Hz Display with Punch Hole","Foldable Display, Dual Display",50 MP + 50 MP + 50 MP Triple Rear & 32 MP + 20 MP Dual Front Camera,Memory Card Not Supported
171,Samaung Galaxy F70e,https://www.smartprix.com/mobiles/samaung-galaxy-f70e-ppd1z0fqsy0z,"₹13,449",58,"Dual Sim, 3G, 4G, 5G, VoLTE, Wi-Fi","Dimensity 6300, Octa Core, 2.4 GHz Processor","4 GB RAM, 128 GB inbuilt",6000 mAh Battery with 25W Fast Charging,"6.7 inches, 720 x 1600 px, 120 Hz Display with Water Drop Notch",50 MP + 2 MP Dual Rear & 8 MP Front Camera,"Memory Card (Hybrid), upto 2 TB",Android v16
172,Samsung Galaxy S25 Plus,https://www.smartprix.com/mobiles/samsung-galaxy-s25-plus-ppd1qwvxiy4n,"₹73,994",79,"Dual Sim, 3G, 4G, 5G, VoLTE, Vo5G, Wi-Fi, NFC","Snapdragon 8Elite, Octa Core, 4.47 GHz Processor","12 GB RAM, 256 GB inbuilt",4900 mAh Battery with 45W Fast Charging,"6.7 inches, 1440 x 3120 px, 120 Hz Display with Punch Hole",50 MP + 12 MP + 10 MP Triple Rear & 12 MP Front Camera,Android v15,No FM Radio
173,Samsung Galaxy S26 (12GB RAM + 512GB),https://www.smartprix.com/mobiles/samsung-galaxy-s26-12gb-ram-512gb-ppd1wygw9bw8,"₹87,999",79,"Dual Sim, 3G, 4G, 5G, VoLTE, Vo5G, Wi-Fi, NFC","Exynos 2600, Deca Core, 3.8 GHz Processor","12 GB RAM, 512 GB inbuilt",4300 mAh Battery with 25W Fast Charging,"6.3 inches, 1080 x 2340 px, 120 Hz Display with Punch Hole",50 MP + 12 MP + 10 MP Triple Rear & 12 MP Front Camera,Android v16,No FM Radio
174,Oppo Find X9 Pro 5G,https://www.smartprix.com/mobiles/oppo-find-x9-pro-5g-ppd1vl8jsxnu,"₹1,09,999",97,"Dual Sim, 3G, 4G, 5G, VoLTE, Wi-Fi, NFC, IR Blaster","Dimensity 9500, Octa Core, 4.21 GHz Processor","16 GB RAM, 512 GB inbuilt",7500 mAh Battery with 80W Fast Charging,"6.78 inches, 1272 x 2772 px, 120 Hz Display with Punch Hole",200 MP + 50 MP + 50 MP Triple Rear & 50 MP Front Camera,Memory Card Not Supported,Android v16
175,Apple iPhone 17 Pro,https://www.smartprix.com/mobiles/apple-iphone-17-pro-ppd1cqvxs72y,"₹1,34,900",74,"Dual Sim, 3G, 4G, 5G, VoLTE, Wi-Fi, NFC","Apple A19 Pro, Hexa Core Processor","12 GB RAM, 256 GB inbuilt",3988 mAh Battery with Fast Charging,"6.3 inches, 1206 x 2622 px, 120 Hz Display with Dynamic Island",48 MP + 48 MP + 48 MP Triple Rear & 18 MP Front Camera,Memory Card Not Supported,iOS v26
176,Google Pixel 8A,https://www.smartprix.com/mobiles/google-pixel-8a-ppd12mhj2qa8,"₹31,999",64,"Dual Sim, 3G, 4G, 5G, VoLTE, Wi-Fi, NFC","Tensor G3, Nine-Cores, 3 GHz Processor","8 GB RAM, 128 GB inbuilt",4492 mAh Battery with Fast Charging,"6.1 inches, 1080 x 2400 px, 120 Hz Display with Punch Hole",64 MP + 13 MP Dual Rear & 13 MP Front Camera,Memory Card Not Supported,Android v14
177,Motorola Edge 60 Pro (12GB RAM + 256GB),https://www.smartprix.com/mobiles/motorola-edge-60-pro-12gb-ram-256gb-ppd1kbxf4zuf,"₹31,570",79,"Dual Sim, 3G, 4G, 5G, VoLTE, Vo5G, Wi-Fi, NFC","Dimensity 8350 Extreme, Octa Core, 3.35 GHz Processor","12 GB RAM, 256 GB inbuilt",6000 mAh Battery with 90W Fast Charging,"6.7 inches, 1220 x 2712 px, 120 Hz Display with Punch Hole",50 MP + 50 MP + 10 MP Triple Rear & 50 MP Front Camera,Android v15,No FM Radio
178,Motorola Razr 60 Ultra,https://www.smartprix.com/mobiles/motorola-razr-60-ultra-ppd1z5hmkqfk,"₹79,998",98,"Dual Sim, 3G, 4G, 5G, VoLTE, Wi-Fi, NFC","Snapdragon 8 Elite, Octa Core, 4.32 GHz Processor","16 GB RAM, 512 GB inbuilt",4700 mAh Battery with 68W Fast Charging,"6.96 inches, 1224 x 2992 px, 165 Hz Display with Punch Hole","Foldable Display, Dual Display",50 MP + 50 MP Dual Rear & 50 MP Front Camera,Memory Card Not Supported
179,Xiaomi Redmi Note 15 5G (256GB),https://www.smartprix.com/mobiles/xiaomi-redmi-note-15-5g-256gb-ppd1s6en0lt2,"₹24,998",71,"Dual Sim, 3G, 4G, 5G, VoLTE, Wi-Fi, NFC, IR Blaster","Snapdragon 6 Gen3, Octa Core, 2.4 GHz Processor","8 GB RAM, 256 GB inbuilt",5520 mAh Battery with 45W Fast Charging,"6.77 inches, 1080 x 2392 px, 120 Hz Display with Punch Hole",108 MP + 8 MP Dual Rear & 20 MP Front Camera,"Memory Card (Hybrid), upto 1 TB",Android v15
180,Realme GT 7T,https://www.smartprix.com/mobiles/realme-gt-7t-ppd16zc2nogs,"₹30,885",76,"Dual Sim, 3G, 4G, 5G, VoLTE, Vo5G, Wi-Fi, NFC, IR Blaster","Dimensity 8400-MAX, Octa Core, 3.25 GHz Processor","8 GB RAM, 256 GB inbuilt",7000 mAh Battery with 120W Fast Charging,"6.8 inches, 1280 x 2800 px, 120 Hz Display with Punch Hole",50 MP + 8 MP Dual Rear & 32 MP Front Camera,Memory Card Not Supported,Android v15
181,Motorola Moto G35 5G,https://www.smartprix.com/mobiles/motorola-moto-g35-5g-ppd140t89q2o,"₹12,480",57,"Dual Sim, 3G, 4G, 5G, VoLTE, Vo5G, Wi-Fi","Unisoc T760, Octa Core, 2.2 GHz Processor","4 GB RAM, 128 GB inbuilt",5000 mAh Battery with 18W Fast Charging,"6.72 inches, 1080 x 2400 px, 120 Hz Display with Punch Hole",50 MP + 8 MP Dual Rear & 16 MP Front Camera,"Memory Card (Hybrid), upto 1 TB",Android v14
182,Samsung Galaxy F05,https://www.smartprix.com/mobiles/samsung-galaxy-f05-ppd1u4z3r099,"₹6,499",44,"Dual Sim, 3G, 4G, VoLTE, Wi-Fi","Helio G85, Octa Core, 2 GHz Processor","4 GB RAM, 64 GB inbuilt",5000 mAh Battery with 25W Fast Charging,"6.74 inches, 720 x 1600 px Display with Water Drop Notch",50 MP + 2 MP Dual Rear & 8 MP Front Camera,"Memory Card Supported, upto 1 TB",Android v14
183,Samsung Galaxy S26 FE,https://www.smartprix.com/mobiles/samsung-galaxy-s26-fe-ppd1uuhp1s8r,"₹65,990",75,"Dual Sim, 3G, 4G, 5G, VoLTE, Vo5G, Wi-Fi, NFC","Exynos 2500, Deca Core Processor","8 GB RAM, 128 GB inbuilt",5100 mAh Battery with 55W Fast Charging,"6.73 inches, 1080 x 2340 px, 120 Hz Display with Punch Hole",50 MP + 50 MP + 8 MP Triple Rear & 16 MP Front Camera,Memory Card Not Supported,Android v16
184,Poco X8 Pro Max,https://www.smartprix.com/mobiles/poco-x8-pro-max-ppd175rial28,"₹59,990",80,"Dual Sim, 3G, 4G, 5G, VoLTE, Wi-Fi, NFC, IR Blaster","Dimensity 9500s, Octa Core, 3.73 GHz Processor","12 GB RAM, 256 GB inbuilt",8500 mAh Battery with 100W Fast Charging,"6.83 inches, 1280 x 2772 px, 144 Hz Display with Punch Hole",50 MP + 8 MP Dual Rear & 20 MP Front Camera,Android v16,No FM Radio
185,Vivo T5 Pro,https://www.smartprix.com/mobiles/vivo-t5-pro-ppd1jr3xj863,"₹29,999",72,"Dual Sim, 3G, 4G, 5G, VoLTE, Vo5G, Wi-Fi, IR Blaster",Octa Core Processor,"8 GB RAM, 128 GB inbuilt",7000 mAh Battery with 100W Fast Charging,"6.77 inches, 1080 x 2392 px, 144 Hz Display with Punch Hole",50 MP + 50 MP + 50 MP Triple Rear & 50 MP Front Camera,"Memory Card (Hybrid), upto 1 TB",Android v16
186,Motorola Moto G96 5G (8GB RAM + 256GB),https://www.smartprix.com/mobiles/motorola-moto-g96-5g-8gb-ram-256gb-ppd19r8zse0d,"₹19,403",66,"Dual Sim, 3G, 4G, 5G, VoLTE, Wi-Fi","Snapdragon 7s Gen2, Octa Core, 2.4 GHz Processor","8 GB RAM, 256 GB inbuilt",5500 mAh Battery with 33W Fast Charging,"6.67 inches, 1080 x 2400 px, 144 Hz Display with Punch Hole",50 MP + 8 MP Dual Rear & 32 MP Front Camera,Memory Card Not Supported,Android v15
187,Vivo X200 FE,https://www.smartprix.com/mobiles/vivo-x200-fe-ppd1plhdfvpr,"₹58,999",84,"Dual Sim, 3G, 4G, 5G, VoLTE, Wi-Fi, NFC, IR Blaster","Dimensity 9300 Plus, Octa Core, 3.25 GHz Processor","12 GB RAM, 256 GB inbuilt",6500 mAh Battery with 90W Fast Charging,"6.31 inches, 1216 x 2640 px, 120 Hz Display with Punch Hole",50 MP + 50 MP + 8 MP Triple Rear & 50 MP Front Camera,Memory Card Not Supported,Android v15
188,Poco C75 5G,https://www.smartprix.com/mobiles/poco-c75-5g-ppd1bn1s1qyi,"₹9,397",50,"Dual Sim, 3G, 4G, 5G, VoLTE, Wi-Fi","Snapdragon 4s Gen2, Octa Core, 2 GHz Processor","4 GB RAM, 64 GB inbuilt",5160 mAh Battery with 18W Fast Charging,"6.88 inches, 720 x 1650 px, 120 Hz Display with Water Drop Notch",50 MP Dual Rear & 5 MP Front Camera,"Memory Card Supported, upto 1 TB",Android v14
189,Poco F7 5G,https://www.smartprix.com/mobiles/poco-f7-5g-ppd1pet6bxe7,"₹35,999",76,"Dual Sim, 3G, 4G, 5G, VoLTE, Wi-Fi, NFC, IR Blaster","Snapdragon 8s Gen4, Octa Core, 3.2 GHz Processor","12 GB RAM, 256 GB inbuilt",7550 mAh Battery with 90W Fast Charging,"6.83 inches, 1280 x 2772 px, 120 Hz Display with Punch Hole",50 MP + 8 MP Dual Rear & 20 MP Front Camera,Memory Card Not Supported,Android v15
190,Xiaomi Redmi 14C 5G,https://www.smartprix.com/mobiles/xiaomi-redmi-14c-5g-ppd148hlq66d,"₹9,499",52,"Dual Sim, 3G, 4G, 5G, VoLTE, Wi-Fi","Snapdragon 4 Gen2, Octa Core, 2.2 GHz Processor","4 GB RAM, 64 GB inbuilt",5160 mAh Battery with 18W Fast Charging,"6.88 inches, 720 x 1640 px, 120 Hz Display with Water Drop Notch",50 MP Dual Rear & 8 MP Front Camera,"Memory Card Supported, upto 1 TB",Android v14
191,Infinix Note Edge 5G,https://www.smartprix.com/mobiles/infinix-note-edge-ppd1kf4qybbv,"₹21,999",66,"Dual Sim, 3G, 4G, 5G, VoLTE, Wi-Fi, NFC, IR Blaster","Dimensity 7100, Octa Core, 2.4 GHz Processor","6 GB RAM, 128 GB inbuilt",6500 mAh Battery with 45W Fast Charging,"6.78 inches, 1208 x 2644 px, 120 Hz Display with Punch Hole",50 MP Dual Rear & 13 MP Front Camera,Android v16,Bluetooth
192,Realme GT 7 (12GB RAM + 256GB),https://www.smartprix.com/mobiles/realme-gt-7-12gb-ram-256gb-ppd12b5p0lnc,"₹36,999",84,"Dual Sim, 3G, 4G, 5G, VoLTE, Vo5G, Wi-Fi, NFC, IR Blaster","Dimensity 9400e, Octa Core, 3.4 GHz Processor","12 GB RAM, 256 GB inbuilt",7000 mAh Battery with 120W Fast Charging,"6.78 inches, 1264 x 2780 px, 120 Hz Display with Punch Hole",50 MP + 50 MP + 8 MP Triple Rear & 32 MP Front Camera,Memory Card Not Supported,Android v15
193,iQOO Neo 10R (8GB RAM + 256GB),https://www.smartprix.com/mobiles/iqoo-neo-10r-8gb-ram-256gb-ppd1nuyygo0u,"₹28,998",74,"Dual Sim, 3G, 4G, 5G, VoLTE, Wi-Fi, IR Blaster","Snapdragon 8s Gen3, Octa Core, 3 GHz Processor","8 GB RAM, 256 GB inbuilt",6400 mAh Battery with 80W Fast Charging,"6.78 inches, 1260 x 2800 px, 144 Hz Display with Punch Hole",50 MP + 8 MP Dual Rear & 32 MP Front Camera,Android v15,No FM Radio
194,Poco X8 Pro 5G,https://www.smartprix.com/mobiles/poco-x8-pro-5g-ppd1djodi6ao,"₹45,990",75,"Dual Sim, 3G, 4G, 5G, VoLTE, Wi-Fi, NFC, IR Blaster","Dimensity 8500, Octa Core, 3.4 GHz Processor","12 GB RAM, 256 GB inbuilt",6500 mAh Battery with 100W Fast Charging,"6.59 inches, 1268 x 2756 px, 144 Hz Display with Punch Hole",50 MP + 8 MP Dual Rear & 20 MP Front Camera,Android v16,No FM Radio
195,Tecno Pova 7 Pro 5G (8GB RAM + 256GB),https://www.smartprix.com/mobiles/tecno-pova-7-pro-5g-8gb-ram-256gb-ppd13td9efia,"₹18,199",67,"Dual Sim, 3G, 4G, 5G, VoLTE, Wi-Fi, NFC, IR Blaster","Dimensity 7300 Ultimate, Octa Core, 2.5 GHz Processor","8 GB RAM, 256 GB inbuilt",6000 mAh Battery with 45W Fast Charging,"6.78 inches, 1224 x 2720 px, 144 Hz Display with Punch Hole",64 MP + 8 MP Dual Rear & 13 MP Front Camera,Android v15,No FM Radio
196,Oppo K13 Turbo,https://www.smartprix.com/mobiles/oppo-k13-turbo-ppd174lunsvz,"₹25,990",68,"Dual Sim, 3G, 4G, 5G, VoLTE, Wi-Fi, IR Blaster","Dimensity 8450, Octa Core, 3.25 GHz Processor","8 GB RAM, 128 GB inbuilt",7000 mAh Battery with 80W Fast Charging,"6.8 inches, 1280 x 2800 px, 120 Hz Display with Punch Hole",50 MP + 2 MP Dual Rear & 16 MP Front Camera,Memory Card Not Supported,Android v15
197,Motorola Moto G45 5G (8GB RAM + 128GB),https://www.smartprix.com/mobiles/motorola-moto-g45-5g-8gb-ram-128gb-ppd1o8zc4lqh,"₹12,269",55,"Dual Sim, 3G, 4G, 5G, VoLTE, Wi-Fi","Snapdragon 6s Gen3, Octa Core, 2.3 GHz Processor","8 GB RAM, 128 GB inbuilt",5000 mAh Battery with 20W Fast Charging,"6.5 inches, 720 x 1600 px, 120 Hz Display with Punch Hole",50 MP + 2 MP Dual Rear & 16 MP Front Camera,"Memory Card (Hybrid), upto 1 TB",Android v14
198,Vivo V50 5G,https://www.smartprix.com/mobiles/vivo-v50-5g-ppd1f519nrvv,"₹29,999",68,"Dual Sim, 3G, 4G, 5G, VoLTE, Wi-Fi","Snapdragon 7 Gen3, Octa Core, 2.63 GHz Processor","8 GB RAM, 128 GB inbuilt",6000 mAh Battery with 90W Fast Charging,"6.77 inches, 1080 x 2392 px, 120 Hz Display with Punch Hole",50 MP + 50 MP Dual Rear & 50 MP Front Camera,Memory Card Not Supported,Android v15
199,Apple iPhone 13,https://www.smartprix.com/mobiles/apple-iphone-13-ppd1ns2evxt3,"₹45,690",55,"Dual Sim, 3G, 4G, 5G, VoLTE, Wi-Fi, NFC","Bionic A15, Hexa Core, 3.22 GHz Processor","4 GB RAM, 128 GB inbuilt",3240 mAh Battery with Fast Charging,"6.1 inches, 1170 x 2532 px Display with Small Notch",12 MP + 12 MP Dual Rear & 12 MP Front Camera,Memory Card Not Supported,iOS v15
200,Oppo A6 Pro 5G,https://www.smartprix.com/mobiles/oppo-a6-pro-ppd14vheuq5t,"₹22,999",62,"Dual Sim, 3G, 4G, 5G, Wi-Fi","Dimensity 6300, Octa Core, 2.4 GHz Processor","8 GB RAM, 128 GB inbuilt",7000 mAh Battery with 80W Fast Charging,"6.75 inches, 720 x 1570 px, 120 Hz Display with Punch Hole",50 MP Dual Rear & 16 MP Front Camera,Memory Card (Hybrid),Android v15
201,Vivo Y500 5G,https://www.smartprix.com/mobiles/vivo-y500-5g-ppd1cwci8ij9,"₹17,990",64,"Dual Sim, 3G, 4G, 5G, VoLTE, Wi-Fi, NFC","Dimensity 7300, Octa Core, 2.5 GHz Processor","8 GB RAM, 128 GB inbuilt",8200 mAh Battery with 90W Fast Charging,"6.77 inches, 1080 x 2392 px, 120 Hz Display with Punch Hole",50 MP + 2 MP Dual Rear & 8 MP Front Camera,"Memory Card (Hybrid), upto 2 TB",Android v15
202,Infinix Note 60,https://www.smartprix.com/mobiles/infinix-note-60-ppd1tbyadwzo,"₹19,990",70,"Dual Sim, 3G, 4G, 5G, VoLTE, Wi-Fi, NFC, IR Blaster","Dimensity 7400, Octa Core, 2.6 GHz Processor","8 GB RAM, 128 GB inbuilt",6500 mAh Battery with 45W Fast Charging,"6.78 inches, 1208 x 2644 px, 144 Hz Display with Punch Hole",50 MP + 8 MP Dual Rear & 13 MP Front Camera,"Memory Card Supported, upto 2 TB",Android v16
203,Honor Power 2,https://www.smartprix.com/mobiles/honor-power-2-ppd1srkcmc94,"₹27,990",63,"Dual Sim, 3G, 4G, 5G, VoLTE, Wi-Fi, NFC, IR Blaster","Dimensity 8500 Elite, Octa Core Processor","8 GB RAM, 256 GB inbuilt",10080 mAh Battery with 80W Fast Charging,"6.79 inches, 1224 x 2700 px, 120 Hz Display with Punch Hole",50 MP + 5 MP Dual Rear & 16 MP Front Camera,Android v15,No FM Radio
204,RedMagic 11 Pro Plus,https://www.smartprix.com/mobiles/redmagic-11-pro-plus-ppd1ayuwt3t7,"₹69,990",80,"Dual Sim, 3G, 4G, 5G, Wi-Fi, NFC, IR Blaster","Snapdragon 8 Elite Gen 5, Octa Core, 4.6 GHz Processor","12 GB RAM, 256 GB inbuilt",7500 mAh Battery with 120W Fast Charging,"6.85 inches, 1216 x 2688 px, 144 Hz Display",50 MP + 50 MP + 2 MP Triple Rear & 16 MP Front Camera,Android v16,No FM Radio
205,Red Magic 11 Pro,https://www.smartprix.com/mobiles/red-magic-11-pro-ppd1zgin3f6u,"₹60,990",81,"Dual Sim, 3G, 4G, 5G, VoLTE, Wi-Fi, NFC, IR Blaster","Snapdragon 8 Elite Gen 5, Octa Core, 4.6 GHz Processor","12 GB RAM, 256 GB inbuilt",8000 mAh Battery with 80W Fast Charging,"6.85 inches, 1216 x 2688 px, 144 Hz Display",50 MP + 50 MP + 2 MP Triple Rear & 16 MP Front Camera,Memory Card Not Supported,Android v16
206,iQOO Neo 11R,https://www.smartprix.com/mobiles/iqoo-neo-11r-ppd147myd2ob,"₹29,990",71,"Dual Sim, 3G, 4G, 5G, VoLTE, Wi-Fi, NFC, IR Blaster",Octa Core Processor,"12 GB RAM, 256 GB inbuilt",6700 mAh Battery with 100W Fast Charging,"6.78 inches, 1260 x 2800 px, 144 Hz Display with Punch Hole",50 MP + 50 MP Dual Rear & 32 MP Front Camera,Android v16,No FM Radio
207,HMD Crest,https://www.smartprix.com/mobiles/hmd-crest-ppd1tppryi5h,"₹10,416",55,"Dual Sim, 3G, 4G, 5G, VoLTE, Wi-Fi","Unisoc T760, Octa Core, 2.2 GHz Processor","6 GB RAM, 128 GB inbuilt",5000 mAh Battery with 33W Fast Charging,"6.67 inches, 1080 x 2400 px, 90 Hz Display with Punch Hole",50 MP + 2 MP Dual Rear & 50 MP Front Camera,"Memory Card (Hybrid), upto 256 GB",Android v14
208,Vivo X400,https://www.smartprix.com/mobiles/vivo-x400-ppd1xbq2a2ee,"₹79,990",84,"Dual Sim, 3G, 4G, 5G, VoLTE, Wi-Fi, NFC, IR Blaster",Octa Core Processor,"12 GB RAM, 256 GB inbuilt",7000 mAh Battery with 100W Fast Charging,"6.45 inches, 1216 x 2640 px, 120 Hz Display with Punch Hole",200 MP + 64 MP + 50 MP Triple Rear & 50 MP Front Camera,Memory Card Not Supported,Android v17
209,Realme 14 Pro Plus (8GB RAM + 256GB),https://www.smartprix.com/mobiles/realme-14-pro-plus-8gb-ram-256gb-ppd1d14rfvwv,"₹25,999",67,"Dual Sim, 3G, 4G, 5G, VoLTE, Wi-Fi","Snapdragon 7s Gen3, Octa Core, 2.5 GHz Processor","8 GB RAM, 256 GB inbuilt",6000 mAh Battery with 80W Fast Charging,"6.83 inches, 1272 x 2800 px, 120 Hz Display with Punch Hole",50 MP + 50 MP + 8 MP Triple Rear & 32 MP Front Camera,Memory Card Not Supported,Android v15
210,Samsung Galaxy M37 5G,https://www.smartprix.com/mobiles/samsung-galaxy-m37-5g-ppd17x0i8s8k,"₹17,990",62,"Dual Sim, 3G, 4G, 5G, VoLTE, Wi-Fi, NFC",Octa Core Processor,"8 GB RAM, 128 GB inbuilt",6500 mAh Battery with 45W Fast Charging,"6.67 inches, 1080 x 2400 px, 120 Hz Display with Punch Hole",50 MP + 13 MP + 2 MP Triple Rear & 32 MP Front Camera,"Memory Card (Hybrid), upto 1 TB",Android v15
211,Honor 200,https://www.smartprix.com/mobiles/honor-200-ppd147075zu6,"₹29,999",64,"Dual Sim, 3G, 4G, 5G, VoLTE, Wi-Fi, NFC","Snapdragon 7 Gen3, Octa Core, 2.63 GHz Processor","8 GB RAM, 256 GB inbuilt",5200 mAh Battery with 100W Fast Charging,"6.7 inches, 1200 x 2664 px, 120 Hz Display with Punch Hole",50 MP + 50 MP + 12 MP Triple Rear & 50 MP Front Camera,Android v14,No FM Radio
212,Samsung Galaxy F17 5G,https://www.smartprix.com/mobiles/samsung-galaxy-f17-5g-ppd1ic9guyl9,"₹14,399",57,"Dual Sim, 3G, 4G, 5G, VoLTE, Wi-Fi, NFC","Exynos 1330, Octa Core, 2.4 GHz Processor","4 GB RAM, 128 GB inbuilt",5000 mAh Battery with 25W Fast Charging,"6.7 inches, 1080 x 2340 px, 90 Hz Display with Water Drop Notch",50 MP + 5 MP + 2 MP Triple Rear & 13 MP Front Camera,"Memory Card (Hybrid), upto 2 TB",Android v15
213,Xiaomi Redmi Note 14,https://www.smartprix.com/mobiles/xiaomi-redmi-note-14-ppd1xdbfxrx7,"₹16,499",62,"Dual Sim, 3G, 4G, 5G, VoLTE, Wi-Fi, IR Blaster","Dimensity 7025 Ultra, Octa Core, 2.5 GHz Processor","6 GB RAM, 128 GB inbuilt",5110 mAh Battery with 45W Fast Charging,"6.67 inches, 1080 x 2400 px, 120 Hz Display with Punch Hole",50 MP + 8 MP + 2 MP Triple Rear & 20 MP Front Camera,"Memory Card (Hybrid), upto 1 TB",Android v14
214,Tecno Pova Slim 5G,https://www.smartprix.com/mobiles/tecno-pova-slim-5g-ppd10w54v7tk,"₹20,999",58,"Dual Sim, 3G, 4G, 5G, VoLTE, Wi-Fi, IR Blaster","Dimensity 6400, Octa Core, 2.5 GHz Processor","8 GB RAM, 128 GB inbuilt",5160 mAh Battery with 45W Fast Charging,"6.78 inches, 1224 x 2720 px, 144 Hz Display with Punch Hole",50 MP + 2 MP Dual Rear & 13 MP Front Camera,Android v15,No FM Radio
215,Vivo Y37c,https://www.smartprix.com/mobiles/vivo-y37c-ppd1e94w8q7u,"₹7,999",45,"Dual Sim, 3G, 4G, 5G, VoLTE, Wi-Fi","Unisoc T7225, Octa Core Processor","6 GB RAM, 128 GB inbuilt",5500 mAh Battery with 15W Fast Charging,"6.56 inches, 720 x 1612 px, 90 Hz Display with Water Drop Notch",13 MP + Ultra Wide Dual Rear & 5 MP Front Camera,"Memory Card Supported, upto 1 TB",Android v14
216,Motorola Moto G45 5G,https://www.smartprix.com/mobiles/motorola-moto-g45-5g-ppd14630ltjq,"₹10,890",54,"Dual Sim, 3G, 4G, 5G, VoLTE, Wi-Fi","Snapdragon 6s Gen3, Octa Core, 2.3 GHz Processor","4 GB RAM, 128 GB inbuilt",5000 mAh Battery with 20W Fast Charging,"6.5 inches, 720 x 1600 px, 120 Hz Display with Punch Hole",50 MP + 2 MP Dual Rear & 16 MP Front Camera,"Memory Card (Hybrid), upto 1 TB",Android v14
217,Realme Narzo 80 Pro 5G,https://www.smartprix.com/mobiles/realme-narzo-80-pro-5g-ppd1kjqi23xl,"₹17,999",63,"Dual Sim, 3G, 4G, 5G, VoLTE, Wi-Fi","Dimensity 7400, Octa Core, 2.6 GHz Processor","8 GB RAM, 128 GB inbuilt",6000 mAh Battery with 80W Fast Charging,"6.72 inches, 1080 x 2392 px, 120 Hz Display with Punch Hole",50 MP + 2 MP Dual Rear & 16 MP Front Camera,Android v15,No FM Radio
218,Samsung Galaxy A56 5G,https://www.smartprix.com/mobiles/samsung-galaxy-a56-ppd184axqm2x,"₹40,999",66,"Dual Sim, 3G, 4G, 5G, VoLTE, Wi-Fi, NFC","Exynos 1580, Octa Core, 2.9 GHz Processor","8 GB RAM, 128 GB inbuilt",5000 mAh Battery with 45W Fast Charging,"6.7 inches, 1080 x 2340 px, 120 Hz Display with Punch Hole",50 MP + 12 MP + 5 MP Triple Rear & 12 MP Front Camera,Android v15,No FM Radio
219,Samsung Galaxy S24 5G (Snapdragon +256GB),https://www.smartprix.com/mobiles/samsung-galaxy-s24-5g-snapdragon-256gb-ppd18anbgo8l,"₹47,999",72,"Dual Sim, 3G, 4G, 5G, VoLTE, Vo5G, Wi-Fi, NFC","Snapdragon 8 Gen3, Octa Core, 3.3 GHz Processor","8 GB RAM, 256 GB inbuilt",4000 mAh Battery with 25W Fast Charging,"6.2 inches, 1080 x 2340 px, 120 Hz Display with Punch Hole",50 MP + 12 MP + 10 MP Triple Rear & 12 MP Front Camera,Android v15,No FM Radio
220,Acer Super ZX 5G  (6GB RAM + 128GB),https://www.smartprix.com/mobiles/acer-super-zx-5g-6gb-ram-128gb-ppd1q0tiba9y,"₹10,469",53,"Dual Sim, 3G, 4G, 5G, VoLTE, Wi-Fi","Dimensity 6300, Octa Core, 2.4 GHz Processor","6 GB RAM, 128 GB inbuilt",5000 mAh Battery with 33W Fast Charging,"6.8 inches, 1080 x 2400 px, 120 Hz Display with Punch Hole",64 MP + 2 MP + 2 MP Triple Rear & 13 MP Front Camera,Android v15,Bluetooth
221,Nothing Phone 3a (8GB RAM + 256GB),https://www.smartprix.com/mobiles/nothing-phone-3a-8gb-ram-256gb-ppd1ni9tybdp,"₹26,999",68,"Dual Sim, 3G, 4G, 5G, VoLTE, Wi-Fi, NFC","Snapdragon 7s Gen3, Octa Core, 2.5 GHz Processor","8 GB RAM, 256 GB inbuilt",5000 mAh Battery with 50W Fast Charging,"6.77 inches, 1080 x 2392 px, 120 Hz Display with Punch Hole",50 MP + 50 MP + 8 MP Triple Rear & 32 MP Front Camera,Android v15,No FM Radio
222,Oppo Find X9 5G,https://www.smartprix.com/mobiles/oppo-find-x9-5g-ppd1ddiuq6m5,"₹67,999",89,"Dual Sim, 3G, 4G, 5G, VoLTE, Wi-Fi, NFC, IR Blaster","Dimensity 9500, Octa Core, 4.21 GHz Processor","12 GB RAM, 256 GB inbuilt",7025 mAh Battery with 80W Fast Charging,"6.59 inches, 1256 x 2760 px, 120 Hz Display with Punch Hole",50 MP + 50 MP + 50 MP Triple Rear & 32 MP Front Camera,Android v16,No FM Radio
223,OPPO Reno 13 5G,https://www.smartprix.com/mobiles/oppo-reno-13-5g-ppd123gv1acv,"₹31,941",71,"Dual Sim, 3G, 4G, 5G, VoLTE, Wi-Fi, NFC, IR Blaster","Dimensity 8350, Octa Core, 3.35 GHz Processor","8 GB RAM, 128 GB inbuilt",5600 mAh Battery with 80W Fast Charging,"6.59 inches, 1256 x 2760 px, 120 Hz Display with Punch Hole",50 MP + 8 MP + 2 MP Triple Rear & 50 MP Front Camera,Android v15,No FM Radio
224,Infinix Note 50 Pro Plus 5G,https://www.smartprix.com/mobiles/infinix-note-50-pro-plus-5g-ppd1tfn1z3yr,"₹31,990",79,"Dual Sim, 3G, 4G, 5G, VoLTE, Wi-Fi, NFC, IR Blaster","Dimensity 8350, Octa Core, 3.35 GHz Processor","12 GB RAM, 256 GB inbuilt",5200 mAh Battery with 100W Fast Charging,"6.78 inches, 1080 x 2436 px, 144 Hz Display with Punch Hole",50 MP + 50 MP + 8 MP Triple Rear & 32 MP Front Camera,Android v15,Bluetooth
225,Motorola Edge 60 Fusion 5G (8GB RAM + 128GB),https://www.smartprix.com/mobiles/motorola-edge-60-fusion-5g-8gb-ram-128gb-ppd1y7r08xjh,"₹20,800",67,"Dual Sim, 3G, 4G, 5G, VoLTE, Vo5G, Wi-Fi","Dimensity 7400, Octa Core, 2.6 GHz Processor","8 GB RAM, 128 GB inbuilt",5500 mAh Battery with 68W Fast Charging,"6.7 inches, 1220 x 2712 px, 120 Hz Display with Punch Hole",50 MP + 13 MP Dual Rear & 32 MP Front Camera,"Memory Card (Hybrid), upto 1 TB",Android v15
226,Xiaomi Redmi Turbo 5 Max,https://www.smartprix.com/mobiles/xiaomi-redmi-turbo-5-max-ppd102yjru4p,"₹39,999",77,"Dual Sim, 3G, 4G, 5G, VoLTE, Wi-Fi, NFC, IR Blaster","Dimensity 9500s, Octa Core, 3.73 GHz Processor","12 GB RAM, 256 GB inbuilt",9000 mAh Battery with 100W Fast Charging,"6.83 inches, 1280 x 2772 px, 120 Hz Display with Punch Hole",50 MP + 8 MP Dual Rear & 20 MP Front Camera,Android v16,No FM Radio
227,OnePlus 15R (12GB RAM + 512GB),https://www.smartprix.com/mobiles/oneplus-15r-12gb-ram-512gb-ppd1ga3jl5i3,"₹52,998",84,"Dual Sim, 3G, 4G, 5G, VoLTE, Vo5G, Wi-Fi, NFC, IR Blaster","Snapdragon 8 Gen5, Octa Core, 3.84 GHz Processor","12 GB RAM, 512 GB inbuilt",7400 mAh Battery with 80W Fast Charging,"6.83 inches, 1272 x 2800 px, 165 Hz Display with Punch Hole",50 MP + 8 MP Dual Rear & 32 MP Front Camera,Memory Card Not Supported,Android v16
228,Poco M7 Plus 5G (4GB RAM + 128GB),https://www.smartprix.com/mobiles/poco-m7-plus-5g-4gb-ram-128gb-ppd1o988fh57,"₹12,699",58,"Dual Sim, 3G, 4G, 5G, VoLTE, Wi-Fi, IR Blaster","Snapdragon 6s Gen3, Octa Core, 2.3 GHz Processor","4 GB RAM, 128 GB inbuilt",7000 mAh Battery with 33W Fast Charging,"6.9 inches, 1080 x 2340 px, 144 Hz Display with Punch Hole",50 MP Rear & 8 MP Front Camera,"Memory Card (Hybrid), upto 2 TB",Android v15
229,OPPO Reno 15 Pro 5G,https://www.smartprix.com/mobiles/oppo-reno-15-pro-5g-ppd1vl9rh2by,"₹67,999",86,"Dual Sim, 3G, 4G, 5G, VoLTE, Wi-Fi, NFC, IR Blaster","Dimensity 8450, Octa Core, 3.25 GHz Processor","12 GB RAM, 256 GB inbuilt",6500 mAh Battery with 80W Fast Charging,"6.78 inches, 1272 x 2772 px, 120 Hz Display with Punch Hole",200 MP + 50 MP + 50 MP Triple Rear & 50 MP Front Camera,Memory Card Not Supported,Android v16
230,Vivo T4 Lite 5G (6 GB RAM +128 GB),https://www.smartprix.com/mobiles/vivo-t4-lite-5g-6-gb-ram-128-gb-ppd1n05sq2jm,"₹12,999",53,"Dual Sim, 3G, 4G, 5G, VoLTE, Wi-Fi","Dimensity 6300, Octa Core, 2.4 GHz Processor","6 GB RAM, 128 GB inbuilt",6000 mAh Battery with 15W Fast Charging,"6.74 inches, 720 x 1600 px, 90 Hz Display with Water Drop Notch",50 MP + 2 MP Dual Rear & 5 MP Front Camera,"Memory Card Supported, upto 2 TB",Android v15
231,Poco X7 Pro (12GB RAM + 256GB),https://www.smartprix.com/mobiles/poco-x7-pro-12gb-ram-256gb-ppd1g90osne2,"₹25,999",71,"Dual Sim, 3G, 4G, 5G, VoLTE, Wi-Fi, NFC, IR Blaster","Dimensity 8400 Ultra, Octa Core, 3.25 GHz Processor","12 GB RAM, 256 GB inbuilt",6550 mAh Battery with 90W Fast Charging,"6.67 inches, 1220 x 2712 px, 120 Hz Display with Punch Hole",50 MP + 8 MP Dual Rear & 20 MP Front Camera,Android v15,No FM Radio
232,Poco M8,https://www.smartprix.com/mobiles/poco-m8-ppd1t4l0hpfr,"₹16,890",61,"Dual Sim, 3G, 4G, 5G, VoLTE, Wi-Fi, IR Blaster","Snapdragon 6 Gen3, Octa Core Processor","6 GB RAM, 128 GB inbuilt",5520 mAh Battery with 45W Fast Charging,"6.77 inches, 1080 x 2392 px, 120 Hz Display with Punch Hole",50 MP + 2 MP Dual Rear & 20 MP Front Camera,"Memory Card (Hybrid), upto 1 TB",Android v15
233,OPPO Reno 14 Pro 5G,https://www.smartprix.com/mobiles/oppo-reno-14-pro-5g-ppd159386vd3,"₹48,998",85,"Dual Sim, 3G, 4G, 5G, VoLTE, Wi-Fi, NFC, IR Blaster","Dimensity 8450, Octa Core, 3.25 GHz Processor","12 GB RAM, 256 GB inbuilt",6200 mAh Battery with 80W Fast Charging,"6.83 inches, 1272 x 2800 px, 120 Hz Display with Punch Hole",50 MP + 50 MP + 50 MP Triple Rear & 50 MP Front Camera,Android v15,No FM Radio
234,Realme GT 8 Pro,https://www.smartprix.com/mobiles/realme-gt-8-pro-ppd131nedv41,"₹72,999",94,"Dual Sim, 3G, 4G, 5G, VoLTE, Wi-Fi, NFC, IR Blaster","Snapdragon 8 Elite Gen 5, Octa Core, 4.6 GHz Processor","12 GB RAM, 256 GB inbuilt",7000 mAh Battery with 120W Fast Charging,"6.79 inches, 1440 x 3136 px, 144 Hz Display with Punch Hole",200 MP + 50 MP + 50 MP Triple Rear & 32 MP Front Camera,Memory Card Not Supported,Android v16
235,Infinix GT 30 Pro,https://www.smartprix.com/mobiles/infinix-gt-30-pro-ppd1xu7ledcc,"₹27,599",75,"Dual Sim, 3G, 4G, 5G, VoLTE, Wi-Fi, NFC, IR Blaster","Dimensity 8350 Ultimate, Octa Core, 3.35 GHz Processor","8 GB RAM, 256 GB inbuilt",5500 mAh Battery with 45W Fast Charging,"6.78 inches, 1224 x 2720 px, 144 Hz Display with Punch Hole",108 MP + 8 MP Dual Rear & 13 MP Front Camera,Android v15,Bluetooth
236,Realme P1 5G,https://www.smartprix.com/mobiles/realme-p1-ppd18ye7lggx,"₹13,999",58,"Dual Sim, 3G, 4G, 5G, VoLTE, Wi-Fi","Dimensity 7050, Octa Core, 2.6 GHz Processor","6 GB RAM, 128 GB inbuilt",5000 mAh Battery with 45W Fast Charging,"6.67 inches, 1080 x 2400 px, 120 Hz Display with Punch Hole",50 MP + 2 MP Dual Rear & 16 MP Front Camera,"Memory Card (Hybrid), upto 2 TB",Android v14
237,Vivo Y31d,https://www.smartprix.com/mobiles/vivo-y31d-ppd1a8c5znbg,"₹11,990",55,"Dual Sim, 3G, 4G, VoLTE, Wi-Fi, IR Blaster","Snapdragon 6s Gen 2 4G, Octa Core, 2.9 GHz Processor","6 GB RAM, 128 GB inbuilt",7200 mAh Battery with 444W Fast Charging,"6.75 inches, 720 x 1570 px, 120 Hz Display with Punch Hole",50 MP Dual Rear & 8 MP Front Camera,Android v16,No FM Radio
238,Motorola Edge 60 Pro (16GB RAM + 512GB),https://www.smartprix.com/mobiles/motorola-edge-60-pro-16gb-ram-512gb-ppd1yjh5beui,"₹37,799",81,"Dual Sim, 3G, 4G, 5G, VoLTE, Vo5G, Wi-Fi, NFC","Dimensity 8350 Extreme, Octa Core, 3.35 GHz Processor","16 GB RAM, 512 GB inbuilt",6000 mAh Battery with 90W Fast Charging,"6.7 inches, 1220 x 2712 px, 120 Hz Display with Punch Hole",50 MP + 50 MP + 10 MP Triple Rear & 50 MP Front Camera,Android v15,No FM Radio
239,Bluefox NX1,https://www.smartprix.com/mobiles/bluefox-nx1-ppd1251vscw3,"₹8,699",37,"Dual Sim, 3G, 4G, VoLTE, Wi-Fi, IR Blaster","Helio G81, Octa Core, 2 GHz Processor","4 GB RAM, 64 GB inbuilt",3000 mAh Battery,"4 inches, 540 x 1168 px Display",48 MP Rear & 5 MP Front Camera,"Memory Card (Hybrid), upto 2 TB",Android v15
240,Samsung Galaxy A07 5G,https://www.smartprix.com/mobiles/samsung-galaxy-a07-5g-ppd1l9e8wv61,"₹14,999",57,"Dual Sim, 3G, 4G, 5G, VoLTE, Wi-Fi","Dimensity 6300, Octa Core, 2.4 GHz Processor","4 GB RAM, 128 GB inbuilt",6000 mAh Battery with 25W Fast Charging,"6.74 inches, 720 x 1600 px, 120 Hz Display with Water Drop Notch",50 MP + 2 MP Dual Rear & 8 MP Front Camera,"Memory Card Supported, upto 2 TB",Android v16
241,Infinix Note 50 Pro 5G,https://www.smartprix.com/mobiles/infinix-note-50-pro-5g-ppd1kd4x5gxk,"₹23,990",71,"Dual Sim, 3G, 4G, 5G, VoLTE, Wi-Fi, NFC, IR Blaster","Dimensity 7200, Octa Core, 2.8 GHz Processor","8 GB RAM, 256 GB inbuilt",5000 mAh Battery with 65W Fast Charging,"6.78 inches, 1080 x 2436 px, 144 Hz Display with Punch Hole",50 MP + 2 MP + 2 MP Triple Rear & 50 MP Front Camera,"Memory Card Supported, upto 1 TB",Android v15
242,Xiaomi Redmi Note 15 Pro Plus,https://www.smartprix.com/mobiles/xiaomi-redmi-note-15-pro-plus-ppd1jvtym23z,"₹37,999",77,"Dual Sim, 3G, 4G, 5G, VoLTE, Wi-Fi, NFC, IR Blaster","Snapdragon 7s Gen4, Octa Core, 2.7 GHz Processor","8 GB RAM, 256 GB inbuilt",6500 mAh Battery with 100W Fast Charging,"6.83 inches, 1280 x 2772 px, 120 Hz Display with Punch Hole",200 MP + 8 MP Dual Rear & 32 MP Front Camera,Memory Card Not Supported,Android v15
243,Motorola Moto G06 Power,https://www.smartprix.com/mobiles/motorola-moto-g06-power-ppd1tupt2gqp,"₹9,190",48,"Dual Sim, 3G, 4G, Wi-Fi","Helio G81, Octa Core, 2 GHz Processor","4 GB RAM, 64 GB inbuilt",7000 mAh Battery,"6.88 inches, 720 x 1640 px, 120 Hz Display with Water Drop Notch",50 MP Rear & 8 MP Front Camera,"Memory Card (Hybrid), upto 1 TB",Android v15
244,Vivo Y400 Pro 5G,https://www.smartprix.com/mobiles/vivo-y400-pro-5g-ppd171hhcpz9,"₹25,999",63,"Dual Sim, 3G, 4G, 5G, VoLTE, Wi-Fi, IR Blaster","Dimensity 7300, Octa Core, 2.5 GHz Processor","8 GB RAM, 128 GB inbuilt",5500 mAh Battery with 90W Fast Charging,"6.77 inches, 1080 x 2392 px, 120 Hz Display with Punch Hole",50 MP + 2 MP Dual Rear & 32 MP Front Camera,Android v15,No FM Radio
245,Apple iPhone 16 Pro Max,https://www.smartprix.com/mobiles/apple-iphone-16-pro-max-ppd16zjevw7x,"₹1,27,490",80,"Dual Sim, 3G, 4G, 5G, VoLTE, Wi-Fi, NFC","Bionic A18 Pro, Hexa Core, 4.05 GHz Processor","8 GB RAM, 256 GB inbuilt",4685 mAh Battery with Fast Charging,"6.9 inches, 1320 x 2868 px, 120 Hz Display with Dynamic Island",48 MP + 48 MP + 12 MP Triple Rear & 12 MP Front Camera,Memory Card Not Supported,iOS v18
246,Google Pixel 8 Pro,https://www.smartprix.com/mobiles/google-pixel-8-pro-ppd1zsafbw6z,"₹49,999",74,"Dual Sim, 3G, 4G, 5G, VoLTE, Wi-Fi, NFC","Tensor G3, Nine Cores, 3 GHz Processor","12 GB RAM, 128 GB inbuilt",5050 mAh Battery with 30W Fast Charging,"6.7 inches, 1344 x 2992 px, 120 Hz Display with Punch Hole",50 MP + 48 MP + 48 MP Triple Rear & 10.5 MP Front Camera,Android v14,No FM Radio
247,Apple iPhone 17e (512GB),https://www.smartprix.com/mobiles/apple-iphone-17e-512gb-ppd1pgr14v9x,"₹84,900",64,"Dual Sim, 3G, 4G, 5G, VoLTE, Wi-Fi, NFC","Apple A19, Hexa Core Processor","8 GB RAM, 512 GB inbuilt",4005 mAh Battery with Fast Charging,"6.1 inches, 1170 x 2532 px Display with Small Notch",48 MP Rear & 12 MP Front Camera,Memory Card Not Supported,iOS v26.3
248,Xiaomi Redmi 15 5G (8GB RAM + 256GB),https://www.smartprix.com/mobiles/xiaomi-redmi-15-5g-8gb-ram-256gb-ppd1pahjcg1b,"₹18,498",62,"Dual Sim, 3G, 4G, 5G, VoLTE, Wi-Fi, IR Blaster","Snapdragon 6s Gen3, Octa Core, 2.3 GHz Processor","8 GB RAM, 256 GB inbuilt",7000 mAh Battery with 33W Fast Charging,"6.9 inches, 1080 x 2340 px, 144 Hz Display with Punch Hole",50 MP Dual Rear & 8 MP Front Camera,"Memory Card (Hybrid), upto 1 TB",Android v15
249,Acer Super ZX 5G  (8GB RAM + 128GB),https://www.smartprix.com/mobiles/acer-super-zx-5g-8gb-ram-128gb-ppd124of0twn,"₹10,699",53,"Dual Sim, 3G, 4G, 5G, VoLTE, Wi-Fi","Dimensity 6300, Octa Core, 2.4 GHz Processor","8 GB RAM, 128 GB inbuilt",5000 mAh Battery with 33W Fast Charging,"6.8 inches, 1080 x 2400 px, 120 Hz Display with Punch Hole",64 MP + 2 MP + 2 MP Triple Rear & 13 MP Front Camera,Android v15,Bluetooth
250,Oppo F31 Pro 5G,https://www.smartprix.com/mobiles/oppo-f31-pro-5g-ppd1hpy18k8e,"₹27,999",66,"Dual Sim, 3G, 4G, 5G, VoLTE, Wi-Fi","Dimensity 7300 Energy, Octa Core, 2.5 GHz Processor","8 GB RAM, 128 GB inbuilt",7000 mAh Battery with 80W Fast Charging,"6.57 inches, 1080 x 2372 px, 120 Hz Display with Punch Hole",50 MP + 2 MP Dual Rear & 32 MP Front Camera,Android v15,No FM Radio
251,Lava Yuva Smart,https://www.smartprix.com/mobiles/lava-yuva-smart-ppd1hu7cvyvs,"₹5,099",39,"Dual Sim, 3G, 4G, VoLTE, Wi-Fi","Unisoc SC9863A, Octa Core, 1.6 GHz Processor","3 GB RAM, 64 GB inbuilt",5000 mAh Battery with 10W Fast Charging,"6.75 inches, 720 x 1600 px Display with Water Drop Notch",13 MP Dual Rear & 5 MP Front Camera,"Memory Card Supported, upto 512 GB",Android v14
252,Poco M7 5G,https://www.smartprix.com/mobiles/poco-m7-ppd1xm7rvv7e,"₹11,699",53,"Dual Sim, 3G, 4G, 5G, VoLTE, Wi-Fi","Snapdragon 4 Gen2, Octa Core, 2.2 GHz Processor","6 GB RAM, 128 GB inbuilt",5160 mAh Battery with 18W Fast Charging,"6.88 inches, 720 x 1640 px, 120 Hz Display with Water Drop Notch",50 MP Rear & 8 MP Front Camera,"Memory Card Supported, upto 1 TB",Android v14
253,Samsung Galaxy F70e 5G (6GB RAM + 128GB),https://www.smartprix.com/mobiles/samsung-galaxy-f70e-5g-6gb-ram-128gb-ppd1s7borj5o,"₹14,499",58,"Dual Sim, 3G, 4G, 5G, VoLTE, Wi-Fi","Dimensity 6300, Octa Core, 2.4 GHz Processor","6 GB RAM, 128 GB inbuilt",6000 mAh Battery with 25W Fast Charging,"6.7 inches, 720 x 1600 px, 120 Hz Display with Water Drop Notch",50 MP + 2 MP Dual Rear & 8 MP Front Camera,"Memory Card (Hybrid), upto 2 TB",Android v16
254,Tecno POP X,https://www.smartprix.com/mobiles/tecno-pop-x-ppd1p3ub0zgv,"₹8,499",41,"Dual Sim, 3G, 4G, VoLTE, Wi-Fi, IR Blaster","Unisoc T7250, Octa Core, 1.8 GHz Processor","4 GB RAM, 64 GB inbuilt",5000 mAh Battery with 15W Fast Charging,"6.74 inches, 720 x 1600 px, 120 Hz Display with Punch Hole",13 MP Rear & 8 MP Front Camera,"Memory Card Supported, upto 1 TB",Android v15
255,Realme P4 Power 5G (12GB RAM + 256GB),https://www.smartprix.com/mobiles/realme-p4-power-5g-12gb-ram-256gb-ppd189q68fwv,"₹32,999",75,"Dual Sim, 3G, 4G, 5G, VoLTE, Wi-Fi, IR Blaster","Dimensity 7400 Ultra, Octa Core, 2.6 GHz Processor","12 GB RAM, 256 GB inbuilt",10001 mAh Battery with 80W Fast Charging,"6.8 inches, 1280 x 2800 px, 144 Hz Display with Punch Hole",50 MP + 8 MP Dual Rear & 16 MP Front Camera,Memory Card Not Supported,Android v16
256,Realme P3 Lite 5G (6GB RAM+ 128GB),https://www.smartprix.com/mobiles/realme-p3-lite-5g-6gb-ram-128gb-ppd1umxrla90,"₹13,999",55,"Dual Sim, 3G, 4G, 5G, VoLTE, Wi-Fi, NFC","Dimensity 6300, Octa Core, 2.4 GHz Processor","6 GB RAM, 128 GB inbuilt",6000 mAh Battery with 45W Fast Charging,"6.67 inches, 720 x 1604 px, 120 Hz Display with Punch Hole",32 MP + Depth Sensor Dual Rear & 8 MP Front Camera,"Memory Card (Hybrid), upto 2 TB",Android v15
257,Poco M7 Plus 5G (8GB RAM + 128GB),https://www.smartprix.com/mobiles/poco-m7-plus-5g-8gb-ram-128gb-ppd1ho2di3pl,"₹14,890",59,"Dual Sim, 3G, 4G, 5G, VoLTE, Wi-Fi, IR Blaster","Snapdragon 6s Gen3, Octa Core, 2.3 GHz Processor","8 GB RAM, 128 GB inbuilt",7000 mAh Battery with 33W Fast Charging,"6.9 inches, 1080 x 2340 px, 144 Hz Display with Punch Hole",50 MP Rear & 8 MP Front Camera,"Memory Card (Hybrid), upto 2 TB",Android v15
258,Ai+ Nova 5G,https://www.smartprix.com/mobiles/ai-nova-2-5g-ppd1fhrcus7v,"₹9,750",53,"Dual Sim, 3G, 4G, 5G, VoLTE, Wi-Fi","Unisoc T8200, Octa Core Processor","6 GB RAM, 128 GB inbuilt",5000 mAh Battery with 18W Fast Charging,"6.75 inches, 720 x 1600 px, 120 Hz Display with Punch Hole",50 MP Dual Rear & 5 MP Front Camera,"Memory Card Supported, upto 1 TB",Android v15
259,Samsung Galaxy M56 (8GB RAM + 256GB),https://www.smartprix.com/mobiles/samsung-galaxy-m56-8gb-ram-256gb-ppd1cgzhdoh1,"₹24,999",59,"Dual Sim, 3G, 4G, 5G, VoLTE, Wi-Fi","Exynos 1480, Octa Core, 2.7 GHz Processor","8 GB RAM, 256 GB inbuilt",5000 mAh Battery with 45W Fast Charging,"6.74 inches, 1080 x 2340 px, 120 Hz Display with Punch Hole",50 MP + 8 MP + 2 MP Triple Rear & 12 MP Front Camera,Android v15,No FM Radio
260,Apple iPhone Air,https://www.smartprix.com/mobiles/iphone-17-air-ppd18ty2hiqa,"₹93,499",64,"Dual Sim, 3G, 4G, 5G, VoLTE, Wi-Fi, NFC","Apple A19 Pro, Hexa Core Processor","8 GB RAM, 256 GB inbuilt",3149 mAh Battery with Fast Charging,"6.5 inches, 1260 x 2736 px Display with Dynamic Island",48 MP Rear & 18 MP Front Camera,Memory Card Not Supported,iOS v26
261,Xiaomi Redmi Note 14 Pro 5G,https://www.smartprix.com/mobiles/xiaomi-redmi-note-14-pro-5g-ppd1wgu6r0vr,"₹21,999",62,"Dual Sim, 3G, 4G, 5G, VoLTE, Wi-Fi, IR Blaster","Dimensity 7300 Ultra, Octa Core, 2.5 GHz Processor","8 GB RAM, 128 GB inbuilt",5500 mAh Battery with 45W Fast Charging,"6.67 inches, 1220 x 2712 px, 120 Hz Display with Punch Hole",50 MP + 8 MP + 2 MP Triple Rear & 20 MP Front Camera,Android v14,No FM Radio
262,OnePlus 12 5G,https://www.smartprix.com/mobiles/oneplus-12-ppd1y2tx91pl,"₹45,999",79,"Dual Sim, 3G, 4G, 5G, VoLTE, Vo5G, Wi-Fi, NFC, IR Blaster","Snapdragon 8 Gen3, Octa Core, 3.3 GHz Processor","12 GB RAM, 256 GB inbuilt",5400 mAh Battery with 100W Fast Charging,"6.82 inches, 1440 x 3168 px, 120 Hz Display with Punch Hole",64 MP + 50 MP + 48 MP Triple Rear & 32 MP Front Camera,Memory Card Not Supported,Android v14
263,Realme Narzo 90 (8GB RAM +128GB),https://www.smartprix.com/mobiles/realme-narzo-90-8gb-ram-128gb-ppd156vu1in0,"₹18,498",63,"Dual Sim, 3G, 4G, 5G, VoLTE, Wi-Fi","Dimensity 6400 Max, Octa Core Processor","8 GB RAM, 128 GB inbuilt",7000 mAh Battery with 60W Fast Charging,"6.57 inches, 1080 x 2372 px, 120 Hz Display with Punch Hole",50 MP + 2 MP Dual Rear & 50 MP Front Camera,Memory Card (Hybrid),Android v15
264,Realme 16 Pro Plus 5G,https://www.smartprix.com/mobiles/realme-16-pro-plus-5g-ppd1a3hci6iw,"₹43,999",80,"Dual Sim, 3G, 4G, 5G, VoLTE, Wi-Fi, NFC, IR Blaster","Snapdragon 7 Gen4, Octa Core, 2.8 GHz Processor","8 GB RAM, 128 GB inbuilt",7000 mAh Battery with 80W Fast Charging,"6.8 inches, 1280 x 2800 px, 144 Hz Display with Punch Hole",200 MP + 50 MP + 8 MP Triple Rear & 50 MP Front Camera,Android v16,No FM Radio
265,Samsung Galaxy S25 FE (8GB RAM + 256GB),https://www.smartprix.com/mobiles/samsung-galaxy-s25-fe-8gb-ram-256gb-ppd1wkx8qjp6,"₹57,500",79,"Dual Sim, 3G, 4G, 5G, VoLTE, Vo5G, Wi-Fi, NFC","Exynos 2400, Deca Core, 3.2 GHz Processor","8 GB RAM, 256 GB inbuilt",4900 mAh Battery with 45W Fast Charging,"6.7 inches, 1080 x 2340 px, 120 Hz Display with Punch Hole",50 MP + 12 MP + 8 MP Triple Rear & 12 MP Front Camera,Memory Card Not Supported,Android v16
266,Tecno Camon 50 Ultra,https://www.smartprix.com/mobiles/tecno-camon-50-ultra-ppd19p27m9bw,"₹34,990",66,"Dual Sim, 3G, 4G, 5G, Wi-Fi, NFC, IR Blaster","Dimensity 7400 Ultimate, Octa Core, 2.6 GHz Processor","8 GB RAM, 256 GB inbuilt",6500 mAh Battery,"6.78 inches, 1208 x 2644 px, 144 Hz Display",50 MP + 50 MP + 8 MP Triple Rear & 50 MP Front Camera,Android v16,Bluetooth
267,CMF Phone 2 Pro 5G (8GB RAM + 256GB),https://www.smartprix.com/mobiles/cmf-phone-2-pro-5g-8gb-ram-128gb-ppd10e1d0riy,"₹20,999",63,"Dual Sim, 3G, 4G, 5G, VoLTE, Wi-Fi","Dimensity 7300 Pro, Octa Core, 2.5 GHz Processor","8 GB RAM, 256 GB inbuilt",5000 mAh Battery with 33W Fast Charging,"6.77 inches, 1080 x 2392 px, 120 Hz Display with Punch Hole",50 MP + 50 MP + 8 MP Triple Rear & 16 MP Front Camera,"Memory Card (Hybrid), upto 2 TB",Android v15
268,Infinix Note 50s 5G,https://www.smartprix.com/mobiles/infinix-note-50s-5g-ppd1x5xq88te,"₹18,999",63,"Dual Sim, 3G, 4G, 5G, VoLTE, Wi-Fi, IR Blaster","Dimensity 7300 Ultimate, Octa Core, 2.5 GHz Processor","8 GB RAM, 128 GB inbuilt",5500 mAh Battery with 45W Fast Charging,"6.78 inches, 1080 x 2436 px, 144 Hz Display with Punch Hole",64 MP + 2 MP Dual Rear & 13 MP Front Camera,Android v15,Bluetooth
269,Vivo T4x 5G (8GB RAM + 256GB),https://www.smartprix.com/mobiles/vivo-t4x-5g-8gb-ram-256gb-ppd1bxdhsn8n,"₹20,999",58,"Dual Sim, 3G, 4G, 5G, VoLTE, Wi-Fi, IR Blaster","Dimensity 7300, Octa Core, 2.5 GHz Processor","8 GB RAM, 256 GB inbuilt",6500 mAh Battery with 44W Fast Charging,"6.72 inches, 1080 x 2408 px, 120 Hz Display with Punch Hole",50 MP + 2 MP Dual Rear & 8 MP Front Camera,Memory Card Not Supported,Android v15
270,Realme P4 Pro 5G,https://www.smartprix.com/mobiles/realme-p4-pro-5g-ppd1xigfpgrs,"₹27,499",71,"Dual Sim, 3G, 4G, 5G, VoLTE, Wi-Fi, IR Blaster","Snapdragon 7 Gen 4, Octa Core Processor","8 GB RAM, 128 GB inbuilt",7000 mAh Battery with 80W Fast Charging,"6.8 inches, 1280 x 2800 px, 144 Hz Display with Punch Hole",50 MP + 8 MP Dual Rear & 50 MP Front Camera,Android v15,No FM Radio
271,iQOO Z10 Turbo Pro,https://www.smartprix.com/mobiles/iqoo-z10-turbo-pro-ppd1di9ym7uc,"₹23,990",70,"Dual Sim, 3G, 4G, 5G, VoLTE, Wi-Fi, NFC, IR Blaster","Snapdragon 8s Gen4, Octa Core, 3.2 GHz Processor","12 GB RAM, 256 GB inbuilt",7000 mAh Battery with 120W Fast Charging,"6.78 inches, 1260 x 2800 px, 120 Hz Display with Punch Hole",50 MP + 8 MP Dual Rear & 16 MP Front Camera,Android v15,No FM Radio
272,Samsung Galaxy M36 5G,https://www.smartprix.com/mobiles/samsung-galaxy-m36-5g-ppd1negtlorc,"₹16,999",58,"Dual Sim, 3G, 4G, 5G, VoLTE, Wi-Fi","Exynos 1380, Octa Core, 2.4 GHz Processor","6 GB RAM, 128 GB inbuilt",5000 mAh Battery with 25W Fast Charging,"6.7 inches, 1080 x 2340 px, 120 Hz Display with Punch Hole",50 MP + 8 MP + 2 MP Triple Rear & 13 MP Front Camera,Memory Card (Hybrid),Android v15
273,Infinix Hot 60 5G,https://www.smartprix.com/mobiles/infinix-hot-60-5g-ppd1cdew27pi,"₹13,999",57,"Dual Sim, 3G, 4G, 5G, VoLTE, Wi-Fi","Dimensity 7020, Octa Core, 2.2 GHz Processor","6 GB RAM, 128 GB inbuilt",5200 mAh Battery with 18W Fast Charging,"6.7 inches, 720 x 1600 px, 120 Hz Display with Punch Hole",50 MP + Depth Sensor Dual Rear & 8 MP Front Camera,"Memory Card (Hybrid), upto 2 TB",Android v15
274,Motorola Moto G85 5G (12GB RAM + 256GB),https://www.smartprix.com/mobiles/motorola-moto-g85-5g-12gb-ram-256gb-ppd14dcccgzq,"₹17,999",63,"Dual Sim, 3G, 4G, 5G, VoLTE, Wi-Fi","Snapdragon 6s Gen3, Octa Core, 2.3 GHz Processor","12 GB RAM, 256 GB inbuilt",5000 mAh Battery with 33W Fast Charging,"6.67 inches, 1080 x 2400 px, 120 Hz Display with Punch Hole",50 MP + 8 MP Dual Rear & 32 MP Front Camera,"Memory Card (Hybrid), upto 1 TB",Android v14
275,Motorola Moto G85 5G,https://www.smartprix.com/mobiles/motorola-moto-g85-5g-ppd1atwftc6s,"₹16,625",61,"Dual Sim, 3G, 4G, 5G, VoLTE, Wi-Fi","Snapdragon 6s Gen3, Octa Core, 2.3 GHz Processor","8 GB RAM, 128 GB inbuilt",5000 mAh Battery with 33W Fast Charging,"6.67 inches, 1080 x 2400 px, 120 Hz Display with Punch Hole",50 MP + 8 MP Dual Rear & 32 MP Front Camera,"Memory Card (Hybrid), upto 1 TB",Android v14
276,Apple iPhone 18 Pro Max,https://www.smartprix.com/mobiles/apple-iphone-18-pro-max-ppd1b3m24a9l,"₹1,79,900",77,"Dual Sim, 3G, 4G, 5G, VoLTE, Wi-Fi, NFC","A20 Pro, Octa Core Processor","12 GB RAM, 256 GB inbuilt",5200 mAh Battery with 45W Fast Charging,"6.9 inches, 1800 x 3200 px, 165 Hz Display",200 MP Quad Rear & 32 MP Front Camera,Memory Card Not Supported,iOS v27
277,Poco X7 5G,https://www.smartprix.com/mobiles/poco-x7-ppd17dtcgmtn,"₹17,999",64,"Dual Sim, 3G, 4G, 5G, VoLTE, Vo5G, Wi-Fi, NFC, IR Blaster","Dimensity 7300 Ultra, Octa Core, 2.5 GHz Processor","8 GB RAM, 128 GB inbuilt",5500 mAh Battery with 45W Fast Charging,"6.67 inches, 1220 x 2712 px, 120 Hz Display with Punch Hole",50 MP + 8 MP + 2 MP Triple Rear & 20 MP Front Camera,Android v14,No FM Radio
278,Nubia Neo 5 GT,https://www.smartprix.com/mobiles/nubia-neo-5-gt-ppd1oj79qfxn,"₹21,999",64,"3G, 4G, 5G, Wi-Fi, NFC","Dimensity 7400, Octa Core, 2.6 GHz Processor","12 GB RAM, 256 GB inbuilt",6000 mAh Battery with 80W Fast Charging,"6.8 inches, 1224 x 2720 px, 120 Hz Display with Punch Hole",50 MP Rear & 16 MP Front Camera,Android v16,No FM Radio
279,OnePlus 16,https://www.smartprix.com/mobiles/oneplus-16-ppd1gxjpt2qh,"₹89,990",88,"Dual Sim, 3G, 4G, 5G, VoLTE, Vo5G, Wi-Fi, NFC, IR Blaster","Snapdragon 8 Elite Gen 6, Octa Core Processor","12 GB RAM, 256 GB inbuilt",7500 mAh Battery with 150W Fast Charging,"6.82 inches, 1440 x 3216 px, 165 Hz Display with Punch Hole",50 MP + 50 MP + 50 MP Triple Rear & 50 MP Front Camera,Memory Card Not Supported,Android v16
280,Samsung Galaxy F36 5G (8GB RAM + 128GB),https://www.smartprix.com/mobiles/samsung-galaxy-f36-5g-8gb-ram-128gb-ppd17z27a25y,"₹17,190",63,"Dual Sim, 3G, 4G, 5G, VoLTE, Wi-Fi, NFC","Exynos 1380, Octa Core, 2.4 GHz Processor","8 GB RAM, 128 GB inbuilt",5000 mAh Battery with 25W Fast Charging,"6.7 inches, 1080 x 2340 px, 120 Hz Display with Water Drop Notch",50 MP + 8 MP + 2 MP Triple Rear & 13 MP Front Camera,"Memory Card (Hybrid), upto 2 TB",Android v15
281,Lava Blaze AMOLED 2,https://www.smartprix.com/mobiles/lava-blaze-amoled-2-ppd1w675ic6b,"₹12,899",59,"Dual Sim, 3G, 4G, 5G, VoLTE, Wi-Fi","Dimensity 7060, Octa Core, 2.6 GHz Processor","6 GB RAM, 128 GB inbuilt",5000 mAh Battery,"6.67 inches, 1080 x 2400 px, 120 Hz Display with Punch Hole",50 MP +  QVGA Dual Rear & 8 MP Front Camera,"Memory Card (Hybrid), upto 1 TB",Android v15
282,OnePlus Nord 5 (12GB RAM + 512GB),https://www.smartprix.com/mobiles/oneplus-nord-5-12gb-ram-512gb-ppd1122ym6v6,"₹39,999",79,"Dual Sim, 3G, 4G, 5G, VoLTE, Wi-Fi, NFC, IR Blaster","Snapdragon 8s Gen3, Octa Core, 3 GHz Processor","12 GB RAM, 512 GB inbuilt",6800 mAh Battery with 80W Fast Charging,"6.83 inches, 1272 x 2800 px, 144 Hz Display with Punch Hole",50 MP + 8 MP Dual Rear & 50 MP Front Camera,Android v15,No FM Radio
283,Realme P2 Pro (12GB RAM + 256GB),https://www.smartprix.com/mobiles/realme-p2-pro-12gb-ram-256gb-ppd1vsurz4rp,"₹19,999",66,"Dual Sim, 3G, 4G, 5G, VoLTE, Wi-Fi","Snapdragon 7s Gen 2, Octa Core, 2.4 GHz Processor","12 GB RAM, 256 GB inbuilt",5200 mAh Battery with 80W Fast Charging,"6.7 inches, 1080 x 2412 px, 120 Hz Display with Punch Hole",50 MP + 8 MP Dual Rear & 32 MP Front Camera,Android v14,No FM Radio
284,OnePlus Nord CE 4 5G (8GB RAM + 256GB),https://www.smartprix.com/mobiles/oneplus-nord-ce-4-5g-8gb-ram-256gb-ppd11r6b8fyd,"₹21,999",66,"Dual Sim, 3G, 4G, 5G, VoLTE, Wi-Fi, IR Blaster","Snapdragon 7 Gen3, Octa Core, 2.63 GHz Processor","8 GB RAM, 256 GB inbuilt",5500 mAh Battery with 100W Fast Charging,"6.7 inches, 1080 x 2412 px, 120 Hz Display with Punch Hole",50 MP + 8 MP Dual Rear & 16 MP Front Camera,"Memory Card (Hybrid), upto 1 TB",Android v14
285,Xiaomi 15,https://www.smartprix.com/mobiles/xiaomi-15-ppd1b5xrl30j,"₹64,999",89,"Dual Sim, 3G, 4G, 5G, VoLTE, Vo5G, Wi-Fi, NFC, IR Blaster","Snapdragon 8 Elite, Octa Core, 4.32 GHz Processor","12 GB RAM, 512 GB inbuilt",5240 mAh Battery with 90W Fast Charging,"6.36 inches, 1200 x 2670 px, 120 Hz Display with Punch Hole",50 MP + 50 MP + 50 MP Triple Rear & 32 MP Front Camera,Android v15,No FM Radio
286,Apple iPhone 16 Plus,https://www.smartprix.com/mobiles/apple-iphone-16-plus-ppd14gnnk5fk,"₹71,990",70,"Dual Sim, 3G, 4G, 5G, VoLTE, Wi-Fi, NFC","Bionic A18, Hexa Core, 4.04 GHz Processor",128 GB inbuilt,4674 mAh Battery with Fast Charging,"6.7 inches, 1290 x 2796 px Display with Dynamic Island",48 MP + 12 MP Dual Rear & 12 MP Front Camera,Memory Card Not Supported,iOS v18
287,Tecno Pova Curve 2,https://www.smartprix.com/mobiles/tecno-pova-curve-2-ppd1628rzej3,"₹27,999",63,"Dual Sim, 3G, 4G, 5G, VoLTE, Wi-Fi, IR Blaster","Dimensity 7100, Octa Core, 2.4 GHz Processor","8 GB RAM, 128 GB inbuilt",8000 mAh Battery with 45W Fast Charging,"6.78 inches, 1208 x 2644 px, 144 Hz Display with Punch Hole",50 MP + 2 MP Dual Rear & 13 MP Front Camera,Android v16,Bluetooth
288,Vivo Y31 Pro 5G (8GB RAM + 256GB),https://www.smartprix.com/mobiles/vivo-y31-pro-5g-8gb-ram-256gb-ppd1twzykvvj,"₹21,999",58,"Dual Sim, 3G, 4G, 5G, VoLTE, Wi-Fi, IR Blaster","Dimensity 7300, Octa Core Processor","8 GB RAM, 256 GB inbuilt",6500 mAh Battery with 44W Fast Charging,"6.72 inches, 1080 x 2408 px, 120 Hz Display with Punch Hole",50 MP + 2 MP Dual Rear & 8 MP Front Camera,Android v15,No FM Radio
289,Samsung Galaxy M57 5G,https://www.smartprix.com/mobiles/samsung-galaxy-m57-5g-ppd1i2t0fo7p,"₹29,990",62,"Dual Sim, 3G, 4G, 5G, VoLTE, Wi-Fi","Exynos, Octa Core Processor","8 GB RAM, 128 GB inbuilt",5500 mAh Battery with 45W Fast Charging,"6.77 inches, 1080 x 2340 px, 120 Hz Display with Punch Hole",50 MP + 12 MP + 2 MP Triple Rear & 16 MP Front Camera,Android v16,No FM Radio
290,Motorola Edge 50 Ultra 5G,https://www.smartprix.com/mobiles/motorola-edge-50-ultra-ppd1mpaf7gat,"₹37,399",81,"Dual Sim, 3G, 4G, 5G, VoLTE, Vo5G, Wi-Fi, NFC","Snapdragon 8s Gen3, Octa Core, 3 GHz Processor","12 GB RAM, 512 GB inbuilt",4500 mAh Battery with 125W Fast Charging,"6.7 inches, 1220 x 2712 px, 144 Hz Display with Punch Hole",64 MP + 50 MP + 50 MP Triple Rear & 50 MP Front Camera,Android v14,No FM Radio
291,Samsung Galaxy A55 5G (12GB RAM + 256GB),https://www.smartprix.com/mobiles/samsung-galaxy-a55-5g-12gb-ram-256gb-ppd1mf1b6068,"₹29,999",66,"Dual Sim, 3G, 4G, 5G, VoLTE, Wi-Fi, NFC","Exynos 1480, Octa Core, 2.7 GHz Processor","12 GB RAM, 256 GB inbuilt",5000 mAh Battery with 25W Fast Charging,"6.6 inches, 1080 x 2340 px, 120 Hz Display with Punch Hole",50 MP + 12 MP + 5 MP Triple Rear & 32 MP Front Camera,"Memory Card (Hybrid), upto 1 TB",Android v14
292,iQOO 13 5G,https://www.smartprix.com/mobiles/iqoo-13-ppd1vzwk2m4e,"₹58,999",88,"Dual Sim, 3G, 4G, 5G, VoLTE, Wi-Fi, NFC, IR Blaster","Snapdragon 8 Elite, Octa Core, 4.32 GHz Processor","12 GB RAM, 256 GB inbuilt",6000 mAh Battery with 120W Fast Charging,"6.82 inches, 1440 x 3168 px, 144 Hz Display with Punch Hole",50 MP + 50 MP + 50 MP Triple Rear & 32 MP Front Camera,Android v15,No FM Radio
293,Vivo V70 FE,https://www.smartprix.com/mobiles/vivo-v70-fe-ppd1rp9hpzz8,"₹24,990",62,"Dual Sim, 3G, 4G, 5G, VoLTE, Wi-Fi, NFC, IR Blaster",Octa Core Processor,"8 GB RAM, 128 GB inbuilt",6300 mAh Battery with Fast Charging,"6.73 inches, 120 Hz Display with Punch Hole",50 MP + 16 MP Triple Rear & 16 MP Front Camera,Memory Card Not Supported,Android v16
294,Honor X9d,https://www.smartprix.com/mobiles/honor-x9d-ppd1ovz7bxf3,"₹31,990",68,"Dual Sim, 3G, 4G, 5G, Wi-Fi, NFC, IR Blaster","Snapdragon 6 Gen4, Octa Core, 2.3 GHz Processor","12 GB RAM, 256 GB inbuilt",8300 mAh Battery with 66W Fast Charging,"6.79 inches, 1200 x 2640 px, 120 Hz Display with Punch Hole",108 MP + 5 MP Dual Rear & 16 MP Front Camera,Android v15,No FM Radio
295,Realme 15T 5G,https://www.smartprix.com/mobiles/realme-15t-ppd1s304c3mq,"₹21,972",66,"Dual Sim, 3G, 4G, 5G, VoLTE, Wi-Fi, IR Blaster","Dimensity 6400 Max, Octa Core, 2.5 GHz Processor","8 GB RAM, 128 GB inbuilt",7000 mAh Battery with 60W Fast Charging,"6.57 inches, 1080 x 2372 px, 120 Hz Display with Punch Hole",50 MP + 2 MP Dual Rear & 50 MP Front Camera,"Memory Card (Hybrid), upto 2 TB",Android v15
296,Tecno Pova Curve 5G,https://www.smartprix.com/mobiles/tecno-pova-curve-5g-ppd156mzcp3m,"₹15,999",62,"Dual Sim, 3G, 4G, 5G, VoLTE, Wi-Fi, NFC, IR Blaster","Dimensity 7300 Ultimate, Octa Core, 2.5 GHz Processor","6 GB RAM, 128 GB inbuilt",5500 mAh Battery with 45W Fast Charging,"6.78 inches, 1080 x 2436 px, 144 Hz Display with Punch Hole",64 MP + AI Camera Dual Rear & 13 MP Front Camera,Android v15,Bluetooth
297,Acer Super ZX,https://www.smartprix.com/mobiles/acer-super-zx-ppd1upgs809e,"₹8,999",52,"Dual Sim, 3G, 4G, 5G, VoLTE, Wi-Fi","Dimensity 6300, Octa Core, 2.4 GHz Processor","4 GB RAM, 128 GB inbuilt",5000 mAh Battery with 33W Fast Charging,"6.8 inches, 1080 x 2400 px, 120 Hz Display with Punch Hole",64 MP + 2 MP + 2 MP Triple Rear & 13 MP Front Camera,Android v15,Bluetooth
298,Honor Magic 8 Pro,https://www.smartprix.com/mobiles/honor-magic-8-pro-ppd1ci8oexdw,"₹97,990",89,"Dual Sim, 3G, 4G, 5G, VoLTE, Wi-Fi, NFC, IR Blaster","Snapdragon 8 Elite Gen 5, Octa Core, 4.6 GHz Processor","12 GB RAM, 512 GB inbuilt",7100 mAh Battery with 100W Fast Charging,"6.71 inches, 1256 x 2808 px, 120 Hz Display with Punch Hole",200 MP + 50 MP + 50 MP Triple Rear & 50 MP Front Camera,Android v16,No FM Radio
299,OPPO K13x 5G,https://www.smartprix.com/mobiles/oppo-k13x-ppd1zco94z65,"₹12,499",54,"Dual Sim, 3G, 4G, 5G, VoLTE, Wi-Fi","Dimensity 6300, Octa Core, 2.4 GHz Processor","4 GB RAM, 128 GB inbuilt",6000 mAh Battery with 45W Fast Charging,"6.67 inches, 720 x 1604 px, 120 Hz Display with Punch Hole",50 MP + 2 MP Dual Rear & 8 MP Front Camera,"Memory Card (Hybrid), upto 2 TB",Android v15
300,Nothing Phone 4,https://www.smartprix.com/mobiles/nothing-phone-4-ppd1m24aq2tu,"₹80,999",81,"Dual Sim, 3G, 4G, 5G, VoLTE, Wi-Fi, NFC",Octa Core Processor,"12 GB RAM, 256 GB inbuilt",6000 mAh Battery with 85W Fast Charging,"6.67 inches, 1260 x 2800 px, 120 Hz Display with Punch Hole",50 MP + 50 MP + 50 MP Triple Rear & 50 MP Front Camera,Android v15,No FM Radio
301,Honor 600 Lite 5G,https://www.smartprix.com/mobiles/honor-600-lite-5g-ppd11phbuxwf,"₹36,999",64,"Dual Sim, 3G, 4G, 5G, VoLTE, Wi-Fi, NFC","Dimensity 7100, Octa Core Processor","8 GB RAM, 256 GB inbuilt",6520 mAh Battery with 45W Fast Charging,"6.6 inches, 1080 x 2412 px, 120 Hz Display with Small Notch",108 MP + 5 MP Dual Rear & 32 MP Front Camera,Android v16,No FM Radio
302,iQOO Z10 Lite 5G (4GB RAM + 64GB),https://www.smartprix.com/mobiles/iqoo-z10-lite-5g-4gb-ram-64gb-ppd125xali1o,"₹11,947",50,"Dual Sim, 3G, 4G, 5G, VoLTE, Wi-Fi","Dimensity 6300, Octa Core, 2.4 GHz Processor","4 GB RAM, 64 GB inbuilt",6000 mAh Battery with 15W Fast Charging,"6.74 inches, 720 x 1600 px, 90 Hz Display",50 MP + 2 MP Dual Rear & 5 MP Front Camera,Android v15,Bluetooth
303,Realme P4x 5G (8GB RAM + 128GB),https://www.smartprix.com/mobiles/realme-p4x-5g-8gb-ram-128gb-ppd1ut5n43d7,"₹17,490",62,"Dual Sim, 3G, 4G, 5G, VoLTE, Wi-Fi","Dimensity 7400 Ultra, Octa Core, 2.6 GHz Processor","8 GB RAM, 128 GB inbuilt",7000 mAh Battery with 45W Fast Charging,"6.72 inches, 1080 x 2400 px, 144 Hz Display with Punch Hole",50 MP + 2 MP Dual Rear & 8 MP Front Camera,Android v15,No FM Radio
304,Vivo Y19s 5G,https://www.smartprix.com/mobiles/vivo-y19s-5g-ppd1ya81rwpj,"₹15,499",50,"Dual Sim, 3G, 4G, 5G, VoLTE, Wi-Fi","Dimensity 6300, Octa Core, 2.4 GHz Processor","6 GB RAM, 128 GB inbuilt",6000 mAh Battery with 15W Fast Charging,"6.74 inches, 720 x 1600 px, 90 Hz Display with Water Drop Notch",13 MP + 0.08 MP Dual Rear & 5 MP Front Camera,Memory Card Supported,Android v15
305,Nothing Phone 3 (16GB RAM + 512GB),https://www.smartprix.com/mobiles/nothing-phone-3-16gb-ram-512gb-ppd1eskl5a4t,"₹53,649",85,"Dual Sim, 3G, 4G, 5G, VoLTE, Wi-Fi, NFC","Snapdragon 8s Gen4, Octa Core, 3.2 GHz Processor","16 GB RAM, 512 GB inbuilt",5500 mAh Battery with 65W Fast Charging,"6.67 inches, 1260 x 2800 px, 120 Hz Display with Punch Hole",50 MP + 50 MP + 50 MP Triple Rear & 50 MP Front Camera,Android v15,No FM Radio
306,Poco C85 5G,https://www.smartprix.com/mobiles/poco-c85-5g-ppd1bdj0co3l,"₹11,499",57,"Dual Sim, 3G, 4G, 5G, VoLTE, Wi-Fi, NFC","Dimensity 6300, Octa Core, 2.4 GHz Processor","4 GB RAM, 128 GB inbuilt",6000 mAh Battery with 33W Fast Charging,"6.9 inches, 720 x 1600 px, 120 Hz Display with Punch Hole",50 MP Dual Rear & 8 MP Front Camera,"Memory Card (Hybrid), upto 1 TB",Android v15
307,Infinix Note 50X 5G,https://www.smartprix.com/mobiles/infinix-note-50x-5g-ppd1nlb56nqk,"₹13,499",55,"Dual Sim, 3G, 4G, 5G, VoLTE, Wi-Fi, IR Blaster","Dimensity 7300 Ultimate, Octa Core, 2.5 GHz Processor","6 GB RAM, 128 GB inbuilt",5500 mAh Battery with 45W Fast Charging,"6.67 inches, 720 x 1600 px, 120 Hz Display with Punch Hole",50 MP Dual Rear & 8 MP Front Camera,Memory Card (Hybrid),Android v15
308,Vivo X200 Pro 5G,https://www.smartprix.com/mobiles/vivo-x200-pro-5g-ppd1wc6lgzx6,"₹82,900",93,"Dual Sim, 3G, 4G, 5G, VoLTE, Wi-Fi, NFC, IR Blaster","Dimensity 9400, Octa Core, 3.63 GHz Processor","16 GB RAM, 512 GB inbuilt",6000 mAh Battery with 90W Fast Charging,"6.78 inches, 1260 x 2800 px, 120 Hz Display with Punch Hole",200 MP + 50 MP + 50 MP Triple Rear & 32 MP Front Camera,Memory Card Not Supported,Android v15
309,Motorola Edge 50 Fusion,https://www.smartprix.com/mobiles/motorola-edge-50-fusion-ppd1hde87dg5,"₹20,849",67,"Dual Sim, 3G, 4G, 5G, VoLTE, Vo5G, Wi-Fi, NFC","Snapdragon 7s Gen2, Octa Core, 2.4 GHz Processor","8 GB RAM, 128 GB inbuilt",5000 mAh Battery with 68W Fast Charging,"6.67 inches, 1080 x 2400 px, 144 Hz Display with Punch Hole",50 MP + 13 MP Dual Rear & 32 MP Front Camera,Memory Card Not Supported,Android v14
310,Vivo V70 Elite 5G (12GB RAM + 512GB),https://www.smartprix.com/mobiles/vivo-v70-elite-5g-12gb-ram-512gb-ppd1tyb99c28,"₹61,999",86,"Dual Sim, 3G, 4G, 5G, VoLTE, Wi-Fi, NFC, IR Blaster","Snapdragon 8s Gen3, Octa Core, 3 GHz Processor","12 GB RAM, 512 GB inbuilt",6500 mAh Battery with 90W Fast Charging,"6.59 inches, 1260 x 2750 px, 120 Hz Display with Punch Hole",50 MP + 50 MP + 8 MP Triple Rear & 50 MP Front Camera,Memory Card Not Supported,Android v16
311,Vivo V70 5G (12GB RAM + 512GB),https://www.smartprix.com/mobiles/vivo-v70-5g-12gb-ram-512gb-ppd1fxr8ag52,"₹54,999",84,"Dual Sim, 3G, 4G, 5G, VoLTE, Wi-Fi, NFC, IR Blaster","Snapdragon 7 Gen4, Octa Core, 2.8 GHz Processor","12 GB RAM, 512 GB inbuilt",6500 mAh Battery with 90W Fast Charging,"6.59 inches, 1260 x 2750 px, 120 Hz Display with Punch Hole",50 MP + 50 MP + 8 MP Triple Rear & 50 MP Front Camera,Memory Card Not Supported,Android v16
312,Xiaomi 17 Pro Max,https://www.smartprix.com/mobiles/xiaomi-17-pro-max-ppd1ktmxnb12,"₹1,05,990",94,"Dual Sim, 3G, 4G, 5G, VoLTE, Vo5G, Wi-Fi, NFC, IR Blaster","Snapdragon 8 Elite Gen 5, Octa Core, 4.6 GHz Processor","12 GB RAM, 512 GB inbuilt",7500 mAh Battery with 100W Fast Charging,"6.9 inches, 1200 x 2608 px, 120 Hz Display with Punch Hole",Dual Display,50 MP + 50 MP + 50 MP Triple Rear & 50 MP Front Camera,Android v16
313,Samsung Galaxy M07 4G,https://www.smartprix.com/mobiles/samsung-galaxy-m07-4g-ppd1zdt08z7w,"₹7,799",46,"Dual Sim, 3G, 4G, Wi-Fi","Helio G99, Octa Core, 2.2 GHz Processor","4 GB RAM, 64 GB inbuilt",5000 mAh Battery with 25W Fast Charging,"6.7 inches, 720 x 1600 px Display with Water Drop Notch",50 MP + 2 MP Dual Rear & 8 MP Front Camera,Memory Card Supported,Android v15
314,Vivo V60 Lite 5G,https://www.smartprix.com/mobiles/vivo-v60-lite-ppd1h0qqmiua,"₹24,990",67,"Dual Sim, 3G, 4G, 5G, VoLTE, Wi-Fi, NFC","Dimensity 7360 Turbo, Octa Core, 2.5 GHz Processor","8 GB RAM, 256 GB inbuilt",6500 mAh Battery with 90W Fast Charging,"6.77 inches, 1080 x 2392 px, 120 Hz Display with Punch Hole",50 MP + 8 MP Dual Rear & 32 MP Front Camera,Android v15,No FM Radio
315,Samsung Galaxy Z Fold 8,https://www.smartprix.com/mobiles/samsung-galaxy-z-fold-8-ppd1estlsmr0,"₹1,99,999",90,"Dual Sim, 3G, 4G, 5G, VoLTE, Vo5G, Wi-Fi, NFC","Snapdragon 8 Elite Gen 5, Octa Core Processor","12 GB RAM, 256 GB inbuilt",4800 mAh Battery with 25W Fast Charging,"8.2 inches, 1968 x 2184 px, 120 Hz Display with Punch Hole","Foldable Display, Dual Display",200 MP + 12 MP + 12 MP Triple Rear & 12 MP + 12 MP Dual Front Camera,Android v17
316,Realme Narzo 80 Lite 5G,https://www.smartprix.com/mobiles/realme-narzo-80-lite-ppd19eiq023b,"₹11,998",53,"Dual Sim, 3G, 4G, 5G, VoLTE, Wi-Fi","Dimensity 6300, Octa Core, 2.4 GHz Processor","4 GB RAM, 128 GB inbuilt",6000 mAh Battery with 15W Fast Charging,"6.67 inches, 720 x 1604 px, 120 Hz Display with Punch Hole",32 MP Dual Rear & 8 MP Front Camera,"Memory Card (Hybrid), upto 2 TB",Android v15
317,Realme P3 5G (8GB RAM + 256GB),https://www.smartprix.com/mobiles/realme-p3-5g-8gb-ram-256gb-ppd1dg8gxe19,"₹18,499",63,"Dual Sim, 3G, 4G, 5G, VoLTE, Wi-Fi, NFC","Snapdragon 6 Gen4, Octa Core, 2.3 GHz Processor","8 GB RAM, 256 GB inbuilt",6000 mAh Battery with 45W Fast Charging,"6.67 inches, 1080 x 2400 px, 120 Hz Display with Punch Hole",50 MP + 2 MP Dual Rear & 16 MP Front Camera,Android v15,No FM Radio
318,iQOO Z10x 5G (8GB RAM + 256GB),https://www.smartprix.com/mobiles/iqoo-z10x-5g-ppd1ro16tvg4,"₹20,499",59,"Dual Sim, 3G, 4G, 5G, VoLTE, Wi-Fi, IR Blaster","Dimensity 7300, Octa Core, 2.5 GHz Processor","8 GB RAM, 256 GB inbuilt",6500 mAh Battery with 44W Fast Charging,"6.72 inches, 1080 x 2408 px, 120 Hz Display with Punch Hole",50 MP + 2 MP Dual Rear & 8 MP Front Camera,Android v15,No FM Radio
319,Realme GT 6 5G (16GB RAM + 512GB),https://www.smartprix.com/mobiles/realme-gt-6-5g-16gb-ram-512gb-ppd1hwq3s1eb,"₹32,999",77,"Dual Sim, 3G, 4G, 5G, VoLTE, Vo5G, Wi-Fi, NFC, IR Blaster","Snapdragon 8s Gen3, Octa Core, 3 GHz Processor","16 GB RAM, 512 GB inbuilt",5500 mAh Battery with 120W Fast Charging,"6.78 inches, 1264 x 2780 px, 120 Hz Display with Punch Hole",50 MP + 50 MP + 8 MP Triple Rear & 32 MP Front Camera,Memory Card Not Supported,Android v14
320,Google Pixel 7A,https://www.smartprix.com/mobiles/google-pixel-7a-ppd1kjrmyu9a,"₹25,999",62,"Dual Sim, 3G, 4G, 5G, VoLTE, Wi-Fi, NFC","Tensor G2, Octa Core, 2.85 GHz Processor","8 GB RAM, 128 GB inbuilt",4385 mAh Battery with 18W Fast Charging,"6.1 inches, 1080 x 2400 px, 90 Hz Display with Punch Hole",64 MP + 13 MP Dual Rear & 13 MP Front Camera,Memory Card Not Supported,Android v13
321,Oppo A6 5G,https://www.smartprix.com/mobiles/oppo-a6-5g-ppd1w8ogtisz,"₹17,999",58,"Dual Sim, 3G, 4G, 5G, Wi-Fi, NFC","Dimensity 6300, Octa Core, 2.4 GHz Processor","4 GB RAM, 128 GB inbuilt",7000 mAh Battery with 45W Fast Charging,"6.75 inches, 720 x 1570 px, 120 Hz Display with Punch Hole",50 MP + 2 MP Dual Rear & 8 MP Front Camera,Memory Card Supported,Android v15
322,OPPO K14x 5G  (6GB RAM + 128GB),https://www.smartprix.com/mobiles/oppo-k14x-5g-6gb-ram-128gb-ppd1oxb6fjaq,"₹15,299",57,"Dual Sim, 3G, 4G, 5G, VoLTE, Wi-Fi","Dimensity 6300, Octa Core, 2.4 GHz Processor","6 GB RAM, 128 GB inbuilt",6500 mAh Battery with 45W Fast Charging,"6.75 inches, 720 x 1570 px, 120 Hz Display with Punch Hole",50 MP + 2 MP Dual Rear & 5 MP Front Camera,Memory Card (Hybrid),Android v15
323,Honor Magic V6,https://www.smartprix.com/mobiles/honor-magic-v6-ppd1mlyv0m60,"₹1,19,990",94,"Dual Sim, 3G, 4G, 5G, VoLTE, Wi-Fi, NFC, IR Blaster","Snapdragon 8 Elite Gen 5, Octa Core, 4.6 GHz Processor","16 GB RAM, 512 GB inbuilt",6660 mAh Battery with 80W Fast Charging,"7.95 inches, 2172 x 2352 px, 120 Hz Display with Punch Hole","Foldable Display, Dual Display",64 MP + 50 MP + 50 MP Triple Rear & 20 MP + 20 MP Dual Front Camera,Memory Card Not Supported
324,Realme GT 7 (12GB RAM + 512GB),https://www.smartprix.com/mobiles/realme-gt-7-12gb-ram-512gb-ppd1vbjsbgw7,"₹40,999",85,"Dual Sim, 3G, 4G, 5G, VoLTE, Vo5G, Wi-Fi, NFC, IR Blaster","Dimensity 9400e, Octa Core, 3.4 GHz Processor","12 GB RAM, 512 GB inbuilt",7000 mAh Battery with 120W Fast Charging,"6.78 inches, 1264 x 2780 px, 120 Hz Display with Punch Hole",50 MP + 50 MP + 8 MP Triple Rear & 32 MP Front Camera,Memory Card Not Supported,Android v15
325,Apple iPhone Fold,https://www.smartprix.com/mobiles/apple-iphone-fold-ppd1khy1iw8q,"₹1,99,990",80,"Dual Sim, 3G, 4G, 5G, VoLTE, Wi-Fi, NFC, IR Blaster",Octa Core Processor,"16 GB RAM, 512 GB inbuilt","7.58 inches, 1920 x 2713 px, 120 Hz Display with Punch Hole","Foldable Display, Dual Display",48 MP + 48 MP + 48 MP Triple Rear & 24 MP + 24 MP Dual Front Camera,Memory Card Not Supported,iOS v19
326,iQOO Neo 10R (12GB RAM + 256GB),https://www.smartprix.com/mobiles/iqoo-neo-10r-12gb-ram-256gb-ppd1z8fvtnu2,"₹30,998",75,"Dual Sim, 3G, 4G, 5G, VoLTE, Wi-Fi, IR Blaster","Snapdragon 8s Gen3, Octa Core, 3 GHz Processor","12 GB RAM, 256 GB inbuilt",6400 mAh Battery with 80W Fast Charging,"6.78 inches, 1260 x 2800 px, 144 Hz Display with Punch Hole",50 MP + 8 MP Dual Rear & 32 MP Front Camera,Android v15,No FM Radio
327,Vivo T4x 5G (8GB RAM + 128GB),https://www.smartprix.com/mobiles/vivo-t4x-5g-8gb-ram-128gb-ppd1sz8rlz91,"₹18,489",57,"Dual Sim, 3G, 4G, 5G, VoLTE, Wi-Fi, IR Blaster","Dimensity 7300, Octa Core, 2.5 GHz Processor","8 GB RAM, 128 GB inbuilt",6500 mAh Battery with 44W Fast Charging,"6.72 inches, 1080 x 2408 px, 120 Hz Display with Punch Hole",50 MP + 2 MP Dual Rear & 8 MP Front Camera,Memory Card Not Supported,Android v15
328,OPPO Reno 16 Pro 5G,https://www.smartprix.com/mobiles/oppo-reno-16-pro-5g-ppd1vta21xu9,"₹69,990",86,"Dual Sim, 3G, 4G, 5G, VoLTE, Wi-Fi, NFC, IR Blaster",Octa Core Processor,"12 GB RAM, 256 GB inbuilt",7000 mAh Battery with 100W Fast Charging,"6.78 inches, 1272 x 2772 px, 120 Hz Display with Punch Hole",200 MP + 50 MP + 50 MP Triple Rear & 50 MP Front Camera,Memory Card Not Supported,Android v17
329,Poco X8 5G,https://www.smartprix.com/mobiles/poco-x8-5g-ppd1og1cd04s,"₹29,990",66,"Dual Sim, 3G, 4G, 5G, VoLTE, Vo5G, Wi-Fi",Octa Core Processor,"8 GB RAM, 256 GB inbuilt",5700 mAh Battery with 80W Fast Charging,"6.74 inches, 1240 x 2740 px, 144 Hz Display with Punch Hole",50 MP + 13 MP + 8 MP Triple Rear & 32 MP Front Camera,"Memory Card Supported, upto 1 TB",Android v16
330,Realme 15x 5G,https://www.smartprix.com/mobiles/realme-15x-5g-ppd1bvf80fu0,"₹17,499",61,"Dual Sim, 3G, 4G, 5G, VoLTE, Wi-Fi","Dimensity 6300, Octa Core, 2.4 GHz Processor","6 GB RAM, 128 GB inbuilt",7000 mAh Battery with 60W Fast Charging,"6.81 inches, 720 x 1570 px, 144 Hz Display with Punch Hole",50 MP + 2 MP Dual Rear & 50 MP Front Camera,Memory Card (Hybrid),Android v15
331,Samsung Galaxy A06 5G,https://www.smartprix.com/mobiles/samsung-galaxy-a06-5g-ppd1nhte88uy,"₹10,290",52,"Dual Sim, 3G, 4G, 5G, VoLTE, Wi-Fi","Dimensity 6300, Octa Core, 2.4 GHz Processor","4 GB RAM, 64 GB inbuilt",5000 mAh Battery with 25W Fast Charging,"6.7 inches, 720 x 1600 px, 90 Hz Display with Water Drop Notch",50 MP + 2 MP Dual Rear & 8 MP Front Camera,"Memory Card Supported, upto 1 TB",Android v15
332,Realme P3 Pro 5G,https://www.smartprix.com/mobiles/realme-p3-pro-5g-ppd1ywyu30mz,"₹20,999",63,"Dual Sim, 3G, 4G, 5G, VoLTE, Wi-Fi","Snapdragon 7s Gen3, Octa Core, 2.5 GHz Processor","8 GB RAM, 128 GB inbuilt",6000 mAh Battery with 80W Fast Charging,"6.83 inches, 1272 x 2800 px, 120 Hz Display with Punch Hole",50 MP + 2 MP Dual Rear & 16 MP Front Camera,Android v15,No FM Radio
333,Realme C63 5G (6GB RAM + 128GB),https://www.smartprix.com/mobiles/realme-c63-5g-6gb-ram-128gb-ppd1qxad6ujx,"₹10,999",53,"Dual Sim, 3G, 4G, 5G, VoLTE, Wi-Fi","Dimensity 6300, Octa Core, 2.4 GHz Processor","6 GB RAM, 128 GB inbuilt",5000 mAh Battery with 10W Fast Charging,"6.67 inches, 720 x 1604 px, 120 Hz Display with Punch Hole",32 MP Dual Rear & 8 MP Front Camera,"Memory Card (Hybrid), upto 2 TB",Android v14
334,Xiaomi Redmi 13 5G (8GB RAM + 128GB),https://www.smartprix.com/mobiles/xiaomi-redmi-13-5g-8gb-ram-128gb-ppd1u0i4f5li,"₹13,999",59,"Dual Sim, 3G, 4G, 5G, VoLTE, Wi-Fi, IR Blaster","Snapdragon 4 Gen 2 AE, Octa Core, 2.3 GHz Processor","8 GB RAM, 128 GB inbuilt",5030 mAh Battery with 33W Fast Charging,"6.79 inches, 1080 x 2460 px, 120 Hz Display with Punch Hole",108 MP + Macro Dual Rear & 13 MP Front Camera,"Memory Card (Hybrid), upto 1 TB",Android v14
335,Motorola Moto G64 5G (12GB RAM + 256GB),https://www.smartprix.com/mobiles/motorola-moto-g64-5g-12gb-ram-256gb-ppd1l6qmyj5w,"₹16,889",62,"Dual Sim, 3G, 4G, 5G, VoLTE, Vo5G, Wi-Fi","Dimensity 7025, Octa Core, 2.5 GHz Processor","12 GB RAM, 256 GB inbuilt",6000 mAh Battery with 33W Fast Charging,"6.5 inches, 1080 x 2400 px, 120 Hz Display with Punch Hole",50 MP + 8 MP Dual Rear & 16 MP Front Camera,"Memory Card (Hybrid), upto 1 TB",Android v14
336,Nothing Phone 2a (8GB RAM + 256GB),https://www.smartprix.com/mobiles/nothing-phone-2a-8gb-ram-256gb-ppd1nr626p23,"₹24,999",70,"Dual Sim, 3G, 4G, 5G, VoLTE, Wi-Fi, NFC","Dimensity 7200 Pro, Octa Core, 2.8 GHz Processor","8 GB RAM, 256 GB inbuilt",5000 mAh Battery with 45W Fast Charging,"6.7 inches, 1084 x 2412 px, 120 Hz Display with Punch Hole",50 MP + 50 MP Dual Rear & 32 MP Front Camera,Android v14,No FM Radio
337,Motorola Moto G05,https://www.smartprix.com/mobiles/motorola-moto-g05-ppd1khwvotnb,"₹7,899",49,"Dual Sim, 3G, 4G, VoLTE, Wi-Fi, NFC","Helio G81 Ultra, Octa Core, 2 GHz Processor","4 GB RAM, 64 GB inbuilt",5200 mAh Battery with 18W Fast Charging,"6.67 inches, 720 x 1604 px, 90 Hz Display with Punch Hole",50 MP Rear & 8 MP Front Camera,"Memory Card Supported, upto 1 TB",Android v15
338,Samsung Galaxy M06 5G,https://www.smartprix.com/mobiles/samsung-galaxy-m06-ppd1e0j4ujzx,"₹10,499",48,"Dual Sim, 3G, 4G, 5G, VoLTE, Wi-Fi","Dimensity 6300, Octa Core, 2.4 GHz Processor","4 GB RAM, 128 GB inbuilt",5000 mAh Battery with 25W Fast Charging,"6.74 inches, 720 x 1600 px, 90 Hz Display with Water Drop Notch",50 MP + 2 MP Dual Rear & 8 MP Front Camera,"Memory Card (Hybrid), upto 1.5 TB",Android v15
339,Samsung Galaxy S23 Ultra 5G,https://www.smartprix.com/mobiles/samsung-galaxy-s23-ultra-5g-ppd1q5mbifnl,"₹94,999",83,"Dual Sim, 3G, 4G, 5G, VoLTE, Vo5G, Wi-Fi, NFC","Snapdragon 8 Gen 2, Octa Core, 3.36 GHz Processor","12 GB RAM, 256 GB inbuilt",5000 mAh Battery with 45W Fast Charging,"6.8 inches, 1440 x 3088 px, 120 Hz Display with Punch Hole",200 MP Quad Rear & 12 MP Front Camera,Memory Card Not Supported,Android v13
340,Motorola Signature (16GB RAM + 1TB),https://www.smartprix.com/mobiles/motorola-signature-16gb-ram-1tb-ppd1leyca98q,"₹69,999",89,"Dual Sim, 3G, 4G, 5G, VoLTE, Vo5G, Wi-Fi, NFC","Snapdragon 8 Gen5, Octa Core, 3.8 GHz Processor","16 GB RAM, 1 TB inbuilt",5200 mAh Battery with 90W Fast Charging,"6.8 inches, 1264 x 2780 px, 165 Hz Display with Punch Hole",50 MP + 50 MP + 50 MP Triple Rear & 50 MP Front Camera,Android v16,No FM Radio
341,Xiaomi Redmi 15C 5G (6GB RAM + 128GB),https://www.smartprix.com/mobiles/xiaomi-redmi-15c-5g-6gb-ram-128gb-ppd1cetco2vv,"₹13,999",57,"Dual Sim, 3G, 4G, 5G, VoLTE, Wi-Fi","Dimensity 6300, Octa Core, 2.4 GHz Processor","6 GB RAM, 128 GB inbuilt",6000 mAh Battery with 33W Fast Charging,"6.9 inches, 720 x 1600 px, 120 Hz Display with Punch Hole",50 MP + Auxiliary lens Dual Rear & 8 MP Front Camera,"Memory Card Supported, upto 1 TB",Android v15
342,Realme P5 5G,https://www.smartprix.com/mobiles/realme-p5-5g-ppd1lv512byd,"₹19,990",63,"Dual Sim, 3G, 4G, 5G, VoLTE, Wi-Fi, IR Blaster",Octa Core Processor,"6 GB RAM, 128 GB inbuilt",7500 mAh Battery with 100W Fast Charging,"6.77 inches, 1080 x 2392 px, 144 Hz Display with Punch Hole",50 MP + 8 MP Dual Rear & 16 MP Front Camera,Android v16,No FM Radio
343,Oppo F31 Pro Plus 5G,https://www.smartprix.com/mobiles/oppo-f31-pro-plus-5g-ppd1l85vqruc,"₹32,999",70,"Dual Sim, 3G, 4G, 5G, VoLTE, Wi-Fi","Snapdragon 7 Gen3, Octa Core, 2.63 GHz Processor","8 GB RAM, 256 GB inbuilt",7000 mAh Battery with 80W Fast Charging,"6.8 inches, 1280 x 2800 px, 120 Hz Display with Punch Hole",50 MP + 2 MP Dual Rear & 32 MP Front Camera,Android v15,No FM Radio
344,Vivo V60 5G (8GB RAM + 256GB),https://www.smartprix.com/mobiles/vivo-v60-5g-8gb-ram-256gb-ppd1ylt2kmqk,"₹38,999",77,"Dual Sim, 3G, 4G, 5G, VoLTE, Wi-Fi, NFC, IR Blaster","Snapdragon 7 Gen4, Octa Core, 2.8 GHz Processor","8 GB RAM, 256 GB inbuilt",6500 mAh Battery with 90W Fast Charging,"6.77 inches, 1080 x 2392 px, 120 Hz Display with Punch Hole",50 MP + 50 MP + 8 MP Triple Rear & 50 MP Front Camera,Memory Card Not Supported,Android v15
345,OPPO K13x 5G (8GB RAM +128GB),https://www.smartprix.com/mobiles/oppo-k13x-5g-8gb-ram-128gb-ppd1avyhb6nv,"₹14,964",55,"Dual Sim, 3G, 4G, 5G, VoLTE, Wi-Fi","Dimensity 6300, Octa Core, 2.4 GHz Processor","8 GB RAM, 128 GB inbuilt",6000 mAh Battery with 45W Fast Charging,"6.67 inches, 720 x 1604 px, 120 Hz Display with Punch Hole",50 MP + 2 MP Dual Rear & 8 MP Front Camera,"Memory Card (Hybrid), upto 2 TB",Android v15
346,iQOO 15 Ultra,https://www.smartprix.com/mobiles/iqoo-15-ultra-ppd1429f5iv3,"₹99,990",88,"Dual Sim, 3G, 4G, 5G, VoLTE, Wi-Fi, NFC, IR Blaster","Snapdragon 8 Elite Gen 5, Octa Core, 4.6 GHz Processor","16 GB RAM, 256 GB inbuilt",7400 mAh Battery with 100W Fast Charging,"6.85 inches, 1440 x 3168 px, 144 Hz Display with Punch Hole",50 MP + 50 MP + 50 MP Triple Rear & 32 MP Front Camera,Android v16,No FM Radio
347,Realme Narzo 80 Pro 5G (8GB RAM + 256GB),https://www.smartprix.com/mobiles/realme-narzo-80-pro-5g-8gb-ram-256gb-ppd1xzhmvpi2,"₹19,999",64,"Dual Sim, 3G, 4G, 5G, VoLTE, Wi-Fi","Dimensity 7400, Octa Core, 2.6 GHz Processor","8 GB RAM, 256 GB inbuilt",6000 mAh Battery with 80W Fast Charging,"6.72 inches, 1080 x 2392 px, 120 Hz Display with Punch Hole",50 MP + 2 MP Dual Rear & 16 MP Front Camera,Android v15,No FM Radio
348,OnePlus 13T,https://www.smartprix.com/mobiles/oneplus-13t-ppd10prwqkga,"₹39,990",79,"Dual Sim, 3G, 4G, 5G, VoLTE, Vo5G, Wi-Fi, NFC, IR Blaster","Snapdragon 8 Elite, Octa Core, 4.32 GHz Processor","12 GB RAM, 256 GB inbuilt",6260 mAh Battery with 80W Fast Charging,"6.32 inches, 1216 x 2640 px, 120 Hz Display with Punch Hole",50 MP + 50 MP Dual Rear & 16 MP Front Camera,Memory Card Not Supported,Android v15
349,Tecno POP 10 5G,https://www.smartprix.com/mobiles/tecno-pop-10-5g-ppd153pscds0,"₹7,999",54,"Dual Sim, 3G, 4G, 5G, VoLTE, Wi-Fi, NFC, IR Blaster","Dimensity 7025, Octa Core, 2.5 GHz Processor","4 GB RAM, 128 GB inbuilt",5100 mAh Battery with Fast Charging,"6.67 inches, 720 x 1612 px, 120 Hz Display with Punch Hole",50 MP Dual Rear & 8 MP Front Camera,"Memory Card Supported, upto 1 TB",Android v15
350,Samsung Galaxy A26 5G,https://www.smartprix.com/mobiles/samsung-galaxy-a26-5g-ppd1elqtrqik,"₹21,198",64,"Dual Sim, 3G, 4G, 5G, VoLTE, Wi-Fi, NFC","Exynos 1380, Octa Core, 2.4 GHz Processor","8 GB RAM, 128 GB inbuilt",5000 mAh Battery with 25W Fast Charging,"6.7 inches, 1080 x 2340 px, 120 Hz Display with Water Drop Notch",50 MP + 8 MP + 2 MP Triple Rear & 13 MP Front Camera,"Memory Card (Hybrid), upto 2 TB",Android v15
351,Google Pixel 10 Pro XL,https://www.smartprix.com/mobiles/google-pixel-10-pro-xl-ppd1ubtd1fws,"₹1,24,999",83,"Dual Sim, 3G, 4G, 5G, VoLTE, Vo5G, Wi-Fi, NFC","Tensor G5, Octa Core, 3.78 GHz Processor","16 GB RAM, 256 GB inbuilt",5200 mAh Battery with 45W Fast Charging,"6.8 inches, 1344 x 2992 px, 120 Hz Display with Punch Hole",50 MP + 48 MP + 48 MP Triple Rear & 42 MP Front Camera,Android v16,No FM Radio
352,Realme 14 Pro Plus 5G,https://www.smartprix.com/mobiles/realme-14-pro-plus-5g-ppd13cmd0c6i,"₹24,999",67,"Dual Sim, 3G, 4G, 5G, VoLTE, Wi-Fi","Snapdragon 7s Gen3, Octa Core, 2.5 GHz Processor","8 GB RAM, 128 GB inbuilt",6000 mAh Battery with 80W Fast Charging,"6.83 inches, 1272 x 2800 px, 120 Hz Display with Punch Hole",50 MP + 50 MP + 8 MP Triple Rear & 32 MP Front Camera,Memory Card Not Supported,Android v15
353,Vivo T3x 5G (6GB RAM + 128GB),https://www.smartprix.com/mobiles/vivo-t3x-5g-6gb-ram-128gb-ppd1qkiy66n4,"₹13,999",55,"Dual Sim, 3G, 4G, 5G, VoLTE, Wi-Fi","Snapdragon 6 Gen1, Octa Core, 2.2 GHz Processor","6 GB RAM, 128 GB inbuilt",6000 mAh Battery with 44W Fast Charging,"6.72 inches, 1080 x 2408 px, 120 Hz Display with Punch Hole",50 MP + 2 MP Dual Rear & 8 MP Front Camera,"Memory Card (Hybrid), upto 1 TB",Android v14
354,Apple iPhone 15 (256GB),https://www.smartprix.com/mobiles/apple-iphone-15-256gb-ppd1twqkevh0,"₹62,490",64,"Dual Sim, 3G, 4G, 5G, VoLTE, Wi-Fi, NFC","Bionic A16, Hexa Core, 3.46 GHz Processor","6 GB RAM, 256 GB inbuilt",3349 mAh Battery with Fast Charging,"6.1 inches, 1179 x 2556 px Display with Dynamic Island",48 MP + 12 MP Dual Rear & 12 MP Front Camera,Memory Card Not Supported,iOS v17
355,Samsung Galaxy M52 5G,https://www.smartprix.com/mobiles/samsung-galaxy-m52-5g-ppd1pupw40hf,"₹21,799",62,"Dual Sim, 3G, 4G, 5G, VoLTE, Wi-Fi, NFC","Snapdragon 778G, Octa Core, 2.4 GHz Processor","6 GB RAM, 128 GB inbuilt",5000 mAh Battery with 25W Fast Charging,"6.7 inches, 1080 x 2400 px, 120 Hz Display with Punch Hole",64 MP + 12 MP + 5 MP Triple Rear & 32 MP Front Camera,"Memory Card (Hybrid), upto 1 TB",Android v11
356,Realme GT 8 Pro (16GB RAM + 512GB),https://www.smartprix.com/mobiles/realme-gt-8-pro-16gb-ram-512gb-ppd1gxhyfah1,"₹78,999",95,"Dual Sim, 3G, 4G, 5G, VoLTE, Wi-Fi, NFC, IR Blaster","Snapdragon 8 Elite Gen 5, Octa Core, 4.6 GHz Processor","16 GB RAM, 512 GB inbuilt",7000 mAh Battery with 120W Fast Charging,"6.79 inches, 1440 x 3136 px, 144 Hz Display with Punch Hole",200 MP + 50 MP + 50 MP Triple Rear & 32 MP Front Camera,Memory Card Not Supported,Android v16
357,Honor 500 Pro,https://www.smartprix.com/mobiles/honor-500-pro-ppd1t8ox5h6a,"₹49,990",81,"Dual Sim, 3G, 4G, 5G, VoLTE, Wi-Fi, NFC, IR Blaster","Snapdragon 8 Elite, Octa Core, 4.32 GHz Processor","12 GB RAM, 256 GB inbuilt",8000 mAh Battery with 80W Fast Charging,"6.55 inches, 1264 x 2736 px, 120 Hz Display with Punch Hole",200 MP + 50 MP + 12 MP Triple Rear & 50 MP Front Camera,Android v16,No FM Radio
358,iQOO Neo 10 (8GB RAM + 256GB),https://www.smartprix.com/mobiles/iqoo-neo-10-8gb-ram-256gb-ppd163ufsnzy,"₹36,998",80,"Dual Sim, 3G, 4G, 5G, VoLTE, Wi-Fi, NFC, IR Blaster","Snapdragon 8s Gen4, Octa Core, 3.2 GHz Processor","8 GB RAM, 256 GB inbuilt",7000 mAh Battery with 120W Fast Charging,"6.78 inches, 1260 x 2800 px, 144 Hz Display with Punch Hole",50 MP + 8 MP Dual Rear & 32 MP Front Camera,Android v15,No FM Radio
359,Poco M7 Pro 5G (8GB RAM + 256GB),https://www.smartprix.com/mobiles/poco-m7-pro-5g-8gb-ram-256gb-ppd1b1e0fsn5,"₹15,999",62,"Dual Sim, 3G, 4G, 5G, VoLTE, Wi-Fi, IR Blaster","Dimensity 7025 Ultra, Octa Core, 2.5 GHz Processor","8 GB RAM, 256 GB inbuilt",5110 mAh Battery with 45W Fast Charging,"6.67 inches, 1080 x 2400 px, 120 Hz Display with Punch Hole",50 MP + 2 MP Dual Rear & 20 MP Front Camera,"Memory Card (Hybrid), upto 1 TB",Android v14
360,Honor X9c,https://www.smartprix.com/mobiles/honor-x9c-ppd1vf6w9zmu,"₹27,990",63,"Dual Sim, 3G, 4G, 5G, VoLTE, Wi-Fi, NFC, IR Blaster","Snapdragon 6 Gen1, Octa Core, 2.2 GHz Processor","8 GB RAM, 256 GB inbuilt",6600 mAh Battery with 66W Fast Charging,"6.78 inches, 1224 x 2700 px Display with Punch Hole",108 MP + 5 MP Dual Rear & 16 MP Front Camera,Android v14,No FM Radio
361,Xiaomi 14 Civi,https://www.smartprix.com/mobiles/xiaomi-14-civi-ppd177bsfbri,"₹39,990",72,"Dual Sim, 3G, 4G, 5G, VoLTE, Vo5G, Wi-Fi, NFC, IR Blaster","Snapdragon 8s Gen3, Octa Core, 3 GHz Processor","8 GB RAM, 256 GB inbuilt",4700 mAh Battery with 67W Fast Charging,"6.55 inches, 1236 x 2750 px, 120 Hz Display with Punch Hole",50 MP + 50 MP + 12 MP Triple Rear & 32 MP + 32 MP Dual Front Camera,Android v14,No FM Radio
362,OnePlus 13,https://www.smartprix.com/mobiles/oneplus-13-ppd1vl6619zc,"₹60,999",86,"Dual Sim, 3G, 4G, 5G, VoLTE, Vo5G, Wi-Fi, NFC, IR Blaster","Snapdragon 8 Elite, Octa Core, 4.32 GHz Processor","12 GB RAM, 256 GB inbuilt",6000 mAh Battery with 100W Fast Charging,"6.82 inches, 1440 x 3168 px, 120 Hz Display with Punch Hole",50 MP + 50 MP + 50 MP Triple Rear & 32 MP Front Camera,Memory Card Not Supported,Android v15
363,Samsung Galaxy A08,https://www.smartprix.com/mobiles/samsung-galaxy-a08-ppd1gd7m2eag,"₹9,990",44,"Dual Sim, 3G, 4G, Wi-Fi","Helio G100, Octa Core Processor","4 GB RAM, 128 GB inbuilt",5000 mAh Battery with Fast Charging,"6.67 inches, 720 x 1600 px, 90 Hz Display with Water Drop Notch",50 MP + 2 MP Dual Rear & 8 MP Front Camera,Memory Card Supported,Android v16
364,Apple iPhone 18 Pro,https://www.smartprix.com/mobiles/apple-iphone-18-pro-ppd12xi3155l,"₹1,39,900",72,"Dual Sim, 3G, 4G, 5G, VoLTE, Wi-Fi, NFC",Apple A20 Pro,"12 GB RAM, 256 GB inbuilt","6.3 inches, 1206 x 2622 px, 120 Hz Display with Dynamic Island",48 MP + 48 MP + 48 MP Triple Rear & 48 MP Front Camera,Memory Card Not Supported,iOS v26,No FM Radio
365,Realme P4 5G (8GB RAM + 256GB),https://www.smartprix.com/mobiles/realme-p4-5g-8gb-ram-256gb-ppd1vlr5wgpd,"₹24,999",67,"Dual Sim, 3G, 4G, 5G, VoLTE, Wi-Fi, IR Blaster","Dimensity 7400 Ultra, Octa Core, 2.6 GHz Processor","8 GB RAM, 256 GB inbuilt",7000 mAh Battery with 80W Fast Charging,"6.77 inches, 1080 x 2392 px, 144 Hz Display with Punch Hole",50 MP + 8 MP Dual Rear & 16 MP Front Camera,Android v15,No FM Radio
366,OnePlus Nord 5 (12GB RAM + 256GB),https://www.smartprix.com/mobiles/oneplus-nord-5-12gb-ram-256gb-ppd1b9svl1s7,"₹36,999",77,"Dual Sim, 3G, 4G, 5G, VoLTE, Wi-Fi, NFC, IR Blaster","Snapdragon 8s Gen3, Octa Core, 3 GHz Processor","12 GB RAM, 256 GB inbuilt",6800 mAh Battery with 80W Fast Charging,"6.83 inches, 1272 x 2800 px, 144 Hz Display with Punch Hole",50 MP + 8 MP Dual Rear & 50 MP Front Camera,Android v15,No FM Radio
367,Realme Narzo 90x,https://www.smartprix.com/mobiles/realme-narzo-90x-ppd1s2dc5aem,"₹15,249",58,"Dual Sim, 3G, 4G, 5G, VoLTE, Wi-Fi","Dimensity 6300, Octa Core, 2.4 GHz Processor","6 GB RAM, 128 GB inbuilt",7000 mAh Battery with 60W Fast Charging,"6.8 inches, 720 x 1570 px, 144 Hz Display with Punch Hole",50 MP + 2 MP Dual Rear & 8 MP Front Camera,"Memory Card (Hybrid), upto 2 TB",Android v15
368,POCO C71 (6GB RAM + 128GB),https://www.smartprix.com/mobiles/poco-c71-6gb-ram-128gb-ppd17eipp13t,"₹8,775",46,"Dual Sim, 3G, 4G, VoLTE, Wi-Fi","Unisoc T7250, Octa Core, 1.8 GHz Processor","6 GB RAM, 128 GB inbuilt",5200 mAh Battery with 15W Fast Charging,"6.88 inches, 720 x 1640 px, 120 Hz Display with Water Drop Notch",32 MP Dual Rear & 8 MP Front Camera,"Memory Card Supported, upto 2 TB",Android v15
369,Samsung Galaxy S26 Plus,https://www.smartprix.com/mobiles/samsung-galaxy-s26-plus-ppd1yc6yp9sn,"₹1,19,999",79,"Dual Sim, 3G, 4G, 5G, VoLTE, Vo5G, Wi-Fi, NFC","Exynos 2600, Deca Core, 3.8 GHz Processor","12 GB RAM, 256 GB inbuilt",4900 mAh Battery with 45W Fast Charging,"6.7 inches, 1440 x 3120 px, 120 Hz Display with Punch Hole",50 MP + 12 MP + 10 MP Triple Rear & 12 MP Front Camera,Android v16,No FM Radio
370,Apple iPhone 16 (256GB),https://www.smartprix.com/mobiles/apple-iphone-16-256gb-ppd1iochlkph,"₹71,900",70,"Dual Sim, 3G, 4G, 5G, VoLTE, Wi-Fi, NFC","Bionic A18, Hexa Core, 4.04 GHz Processor","8 GB RAM, 256 GB inbuilt",3561 mAh Battery with Fast Charging,"6.1 inches, 1179 x 2556 px Display with Dynamic Island Display",48 MP + 12 MP Dual Rear & 12 MP Front Camera,Memory Card Not Supported,iOS v18
371,Honor 200 Lite,https://www.smartprix.com/mobiles/honor-200-lite-ppd1rjevttxk,"₹24,999",58,"Dual Sim, 3G, 4G, 5G, VoLTE, Wi-Fi","Dimensity 6080, Octa Core, 2.4 GHz Processor","8 GB RAM, 256 GB inbuilt",4500 mAh Battery with 35W Fast Charging,"6.7 inches, 1080 x 2412 px Display with Small Notch",108 MP + 5 MP + 2 MP Triple Rear & 50 MP Front Camera,Android v14,No FM Radio
372,Motorola Edge 50 Pro (12GB RAM + 256GB),https://www.smartprix.com/mobiles/motorola-edge-50-pro-12gb-ram-256gb-ppd1f4g8gmn2,"₹25,490",75,"Dual Sim, 3G, 4G, 5G, VoLTE, Vo5G, Wi-Fi, NFC","Snapdragon 7 Gen3, Octa Core, 2.63 GHz Processor","12 GB RAM, 256 GB inbuilt",4500 mAh Battery with 125W Fast Charging,"6.7 inches, 1220 x 2712 px, 144 Hz Display with Punch Hole",50 MP + 13 MP + 10 MP Triple Rear & 50 MP Front Camera,Android v14,No FM Radio
373,Motorola Moto Edge 50 Neo,https://www.smartprix.com/mobiles/motorola-moto-edge-50-neo-ppd1uhxqfh58,"₹20,999",66,"Dual Sim, 3G, 4G, 5G, VoLTE, Wi-Fi, NFC","Dimensity 7300, Octa Core, 2.5 GHz Processor","8 GB RAM, 256 GB inbuilt",4310 mAh Battery with 68W Fast Charging,"6.4 inches, 1220 x 2712 px, 120 Hz Display with Punch Hole",50 MP + 13 MP + 10 MP Triple Rear & 32 MP Front Camera,Android v14,No FM Radio
374,Vivo V30 Pro 5G,https://www.smartprix.com/mobiles/vivo-v30-pro-ppd1526l3h92,"₹28,494",70,"Dual Sim, 3G, 4G, 5G, VoLTE, Wi-Fi","Dimensity 8200, Octa Core, 3.1 GHz Processor","8 GB RAM, 256 GB inbuilt",5000 mAh Battery with 80W Fast Charging,"6.78 inches, 1260 x 2800 px, 120 Hz Display with Punch Hole",50 MP + 50 MP + 50 MP Triple Rear & 50 MP Front Camera,Memory Card Not Supported,Android v14
375,Lava Agni 3 5G,https://www.smartprix.com/mobiles/lava-agni-3-5g-ppd1qlcm0u1p,"₹16,999",67,"Dual Sim, 3G, 4G, 5G, VoLTE, Vo5G, Wi-Fi","Dimensity 7300X, Octa Core, 2.5 GHz Processor","8 GB RAM, 128 GB inbuilt",5000 mAh Battery with 66W Fast Charging,"6.78 inches, 1200 x 2652 px, 120 Hz Display with Punch Hole",Dual Display,50 MP + 8 MP + 8 MP Triple Rear & 16 MP Front Camera,Memory Card Not Supported
376,OnePlus Nord CE 4 Lite 5G,https://www.smartprix.com/mobiles/oneplus-nord-ce-4-lite-5g-ppd1t96jkm9v,"₹19,999",63,"Dual Sim, 3G, 4G, 5G, VoLTE, Wi-Fi","Snapdragon 695, Octa Core, 2.2 GHz Processor","8 GB RAM, 128 GB inbuilt",5500 mAh Battery with 80W Fast Charging,"6.67 inches, 1080 x 2400 px, 120 Hz Display with Punch Hole",50 MP + 2 MP Dual Rear & 16 MP Front Camera,"Memory Card (Hybrid), upto 2 TB",Android v14
377,Xiaomi Redmi Note 13 Pro 5G,https://www.smartprix.com/mobiles/xiaomi-redmi-note-13-pro-5g-ppd1mhj6y50p,"₹20,799",67,"Dual Sim, 3G, 4G, 5G, VoLTE, Wi-Fi, IR Blaster","Snapdragon 7s Gen 2, Octa Core, 2.4 GHz Processor","8 GB RAM, 128 GB inbuilt",5100 mAh Battery with 67W Fast Charging,"6.67 inches, 1220 x 2712 px, 120 Hz Display with Punch Hole",200 MP + 8 MP + 2 MP Triple Rear & 16 MP Front Camera,Android v13,No FM Radio
378,Samsung Galaxy M17 5G (6GB RAM + 128GB),https://www.smartprix.com/mobiles/samsung-galaxy-m17-5g-6gb-ram-128gb-ppd12h0djnr6,"₹15,499",55,"Dual Sim, 3G, 4G, 5G, VoLTE, Wi-Fi, NFC","Exynos 1330, Octa Core, 2.4 GHz Processor","6 GB RAM, 128 GB inbuilt",5000 mAh Battery with 25W Fast Charging,"6.7 inches, 1080 x 2340 px, 90 Hz Display with Water Drop Notch",50 MP + 5 MP + 2 MP Triple Rear & 13 MP Front Camera,"Memory Card (Hybrid), upto 2 TB",Android v15
379,Motorola Moto G35 5G (8GB RAM + 128GB),https://www.smartprix.com/mobiles/motorola-moto-g35-5g-8gb-ram-128gb-ppd1cgg9kjg4,"₹13,243",58,"Dual Sim, 3G, 4G, 5G, VoLTE, Vo5G, Wi-Fi","Unisoc T760, Octa Core, 2.2 GHz Processor","8 GB RAM, 128 GB inbuilt",5000 mAh Battery with 18W Fast Charging,"6.72 inches, 1080 x 2400 px, 120 Hz Display with Punch Hole",50 MP + 8 MP Dual Rear & 16 MP Front Camera,"Memory Card (Hybrid), upto 1 TB",Android v14
380,Vivo T4 Pro 5G (12GB RAM + 256GB),https://www.smartprix.com/mobiles/vivo-t4-pro-5g-12gb-ram-256gb-ppd1vs80t9o6,"₹31,989",74,"Dual Sim, 3G, 4G, 5G, VoLTE, Vo5G, Wi-Fi, IR Blaster","Snapdragon 7 Gen4, Octa Core, 2.8 GHz Processor","12 GB RAM, 256 GB inbuilt",6500 mAh Battery with 90W Fast Charging,"6.77 inches, 1080 x 2392 px, 120 Hz Display with Punch Hole",50 MP + 50 MP + 2 MP Triple Rear & 32 MP Front Camera,Memory Card Not Supported,Android v15
381,Realme 15 Pro 5G (8GB RAM + 256GB),https://www.smartprix.com/mobiles/realme-15-pro-5g-8gb-ram-256gb-ppd12rvg0vbi,"₹32,300",74,"Dual Sim, 3G, 4G, 5G, VoLTE, Wi-Fi","Snapdragon 7 Gen4, Octa Core, 2.8 GHz Processor","8 GB RAM, 256 GB inbuilt",7000 mAh Battery with 80W Fast Charging,"6.8 inches, 1280 x 2800 px, 144 Hz Display with Punch Hole",50 MP + 50 MP Dual Rear & 50 MP Front Camera,Android v15,No FM Radio
382,Samsung Galaxy M36 5G (8GB RAM + 128GB),https://www.smartprix.com/mobiles/samsung-galaxy-m36-5g-8gb-ram-128gb-ppd1hiasxnst,"₹16,988",59,"Dual Sim, 3G, 4G, 5G, VoLTE, Wi-Fi","Exynos 1380, Octa Core, 2.4 GHz Processor","8 GB RAM, 128 GB inbuilt",5000 mAh Battery with 25W Fast Charging,"6.7 inches, 1080 x 2340 px, 120 Hz Display with Punch Hole",50 MP + 8 MP + 2 MP Triple Rear & 13 MP Front Camera,Memory Card (Hybrid),Android v15
383,Vivo T4 Lite 5G (8GB RAM +256GB),https://www.smartprix.com/mobiles/vivo-t4-lite-5g-8gb-ram-256gb-ppd13kt1u1av,"₹14,999",54,"Dual Sim, 3G, 4G, 5G, VoLTE, Wi-Fi","Dimensity 6300, Octa Core, 2.4 GHz Processor","8 GB RAM, 128 GB inbuilt",6000 mAh Battery with 15W Fast Charging,"6.74 inches, 720 x 1600 px, 90 Hz Display with Water Drop Notch",50 MP + 2 MP Dual Rear & 5 MP Front Camera,"Memory Card Supported, upto 2 TB",Android v15
384,Infinix GT 30 Pro 5G (12GB RAM + 256GB),https://www.smartprix.com/mobiles/infinix-gt-30-pro-5g-12gb-ram-256gb-ppd1tpppx6zr,"₹29,999",77,"Dual Sim, 3G, 4G, 5G, VoLTE, Wi-Fi, NFC, IR Blaster","Dimensity 8350 Ultimate, Octa Core, 3.35 GHz Processor","12 GB RAM, 256 GB inbuilt",5500 mAh Battery with 45W Fast Charging,"6.78 inches, 1224 x 2720 px, 144 Hz Display with Punch Hole",108 MP + 8 MP Dual Rear & 13 MP Front Camera,Android v15,Bluetooth
385,Vivo T4 5G (8GB RAM + 256GB),https://www.smartprix.com/mobiles/vivo-t4-5g-8gb-ram-256gb-ppd1cwc70u0f,"₹25,335",67,"Dual Sim, 3G, 4G, 5G, VoLTE, Wi-Fi, IR Blaster","Snapdragon 7s Gen3, Octa Core, 2.5 GHz Processor","8 GB RAM, 256 GB inbuilt",7300 mAh Battery with 90W Fast Charging,"6.77 inches, 1080 x 2392 px, 120 Hz Display with Punch Hole",50 MP + 2 MP Dual Rear & 32 MP Front Camera,Memory Card Not Supported,Android v15
386,Samsung Galaxy A36 5G (8GB RAM + 256GB),https://www.smartprix.com/mobiles/samsung-galaxy-a36-5g-8gb-ram-256gb-ppd1p8hml74p,"₹29,999",64,"Dual Sim, 3G, 4G, 5G, VoLTE, Wi-Fi, NFC","Snapdragon 6 Gen3, Octa Core, 2.4 GHz Processor","8 GB RAM, 256 GB inbuilt",5000 mAh Battery with 45W Fast Charging,"6.7 inches, 1080 x 2340 px, 120 Hz Display with Punch Hole",50 MP + 8 MP + 5 MP Triple Rear & 12 MP Front Camera,Android v15,No FM Radio
387,Samsung Galaxy S25 Ultra (12GB RAM + 512GB),https://www.smartprix.com/mobiles/samsung-galaxy-s25-ultra-12gb-ram-512gb-ppd1cfld2504,"₹1,41,999",90,"Dual Sim, 3G, 4G, 5G, VoLTE, Vo5G, Wi-Fi, NFC","Snapdragon 8 Elite for Galaxy, Octa Core, 4.47 GHz Processor","12 GB RAM, 512 GB inbuilt",5000 mAh Battery with 45W Fast Charging,"6.9 inches, 1440 x 3120 px, 120 Hz Display with Punch Hole",200 MP Quad Rear & 12 MP Front Camera,Memory Card Not Supported,Android v15
388,OnePlus 13R (16GB RAM + 512GB),https://www.smartprix.com/mobiles/oneplus-13r-16gb-ram-512gb-ppd193pu090x,"₹44,999",81,"Dual Sim, 3G, 4G, 5G, VoLTE, Wi-Fi, NFC, IR Blaster","Snapdragon 8 Gen3, Octa Core, 3.3 GHz Processor","16 GB RAM, 512 GB inbuilt",6000 mAh Battery with 80W Fast Charging,"6.78 inches, 1264 x 2780 px, 120 Hz Display with Punch Hole",50 MP + 50 MP + 8 MP Triple Rear & 16 MP Front Camera,Memory Card Not Supported,Android v15
389,Lava Agni 4 5G,https://www.smartprix.com/mobiles/lava-agni-4-ppd18emd7f2u,"₹24,999",70,"Dual Sim, 3G, 4G, 5G, VoLTE, Vo5G, Wi-Fi","Dimensity 8350, Octa Core, 3.35 GHz Processor","8 GB RAM, 256 GB inbuilt",5000 mAh Battery with 66W Fast Charging,"6.67 inches, 1220 x 2712 px, 120 Hz Display with Punch Hole",50 MP + 8 MP Dual Rear & 50 MP Front Camera,Memory Card Not Supported,Android v15
390,Vivo Y05,https://www.smartprix.com/mobiles/vivo-y05-ppd12gn69s3c,"₹9,999",45,"Dual Sim, 3G, 4G, VoLTE, Wi-Fi, IR Blaster","Unisoc T7225, Octa Core, 2 GHz Processor","4 GB RAM, 64 GB inbuilt",6500 mAh Battery with Fast Charging,"6.74 inches, 720 x 1600 px, 90 Hz Display with Water Drop Notch",8 MP Rear & 5 MP Front Camera,"Memory Card Supported, upto 1 TB",Android v16
391,Ai+ Nova 2,https://www.smartprix.com/mobiles/ai-nova-2-ppd1i8rdcplq,"₹10,999",53,"Dual Sim, 3G, 4G, 5G, VoLTE, Wi-Fi","Unisoc T8200, Octa Core Processor","6 GB RAM, 128 GB inbuilt",5000 mAh Battery with 18W Fast Charging,"6.75 inches, 720 x 1600 px, 120 Hz Display with Punch Hole",50 MP Dual Rear & 5 MP Front Camera,"Memory Card Supported, upto 1 TB",Android v15
392,Vivo V70e,https://www.smartprix.com/mobiles/vivo-v70e-ppd1zkd4xlde,"₹35,990",71,"Dual Sim, 3G, 4G, 5G, VoLTE, Wi-Fi, NFC, IR Blaster",Octa Core Processor,"8 GB RAM, 256 GB inbuilt",6500 mAh Battery with 90W Fast Charging,"6.59 inches, 1080 x 2392 px, 144 Hz Display with Punch Hole",50 MP + 50 MP + 8 MP Triple Rear & 50 MP Front Camera,Memory Card Not Supported,Android v16
393,Realme C85 5G,https://www.smartprix.com/mobiles/realme-c85-ppd1yefap8tj,"₹16,499",54,"Dual Sim, 3G, 4G, 5G, Wi-Fi, NFC","Dimensity 6300, Octa Core, 2.4 GHz Processor","4 GB RAM, 128 GB inbuilt",7000 mAh Battery with 45W Fast Charging,"6.8 inches, 720 x 1570 px, 144 Hz Display with Punch Hole",50 MP Rear & 8 MP Front Camera,Memory Card Supported,Android v15
394,Nothing Phone 3a Lite (8GB RAM + 256GB),https://www.smartprix.com/mobiles/nothing-phone-3a-lite-8gb-ram-256gb-ppd1dzqghpjz,"₹23,899",64,"Dual Sim, 3G, 4G, 5G, VoLTE, Wi-Fi, NFC","Dimensity 7300 Pro, Octa Core, 2.5 GHz Processor","8 GB RAM, 256 GB inbuilt",5000 mAh Battery with 33W Fast Charging,"6.77 inches, 1084 x 2392 px, 120 Hz Display with Punch Hole",50 MP + 8 MP + 2 MP Triple Rear & 16 MP Front Camera,"Memory Card (Hybrid), upto 2 TB",Android v15
395,Vivo V60e (8GB RAM + 256GB),https://www.smartprix.com/mobiles/vivo-v60e-256gb-ppd1izctsjte,"₹33,999",76,"Dual Sim, 3G, 4G, 5G, VoLTE, Wi-Fi, NFC, IR Blaster","Dimensity 7360 Turbo, Octa Core, 2.5 GHz Processor","8 GB RAM, 256 GB inbuilt",6500 mAh Battery with 90W Fast Charging,"6.77 inches, 1080 x 2392 px, 120 Hz Display with Punch Hole",200 MP + 8 MP Dual Rear & 50 MP Front Camera,Memory Card Not Supported,Android v15
396,Xiaomi 17 Pro,https://www.smartprix.com/mobiles/xiaomi-17-pro-ppd1iwhlnlw6,"₹82,990",92,"Dual Sim, 3G, 4G, 5G, VoLTE, Wi-Fi, NFC, IR Blaster","Snapdragon 8 Elite Gen 5, Octa Core, 4.6 GHz Processor","12 GB RAM, 256 GB inbuilt",6300 mAh Battery with 100W Fast Charging,"6.3 inches, 1220 x 2656 px, 144 Hz Display with Punch Hole",Dual Display,50 MP + 50 MP + 50 MP Triple Rear & 50 MP Front Camera,Memory Card Not Supported
397,Vivo Y31 5G (6GB RAM + 128GB),https://www.smartprix.com/mobiles/vivo-y31-5g-6gb-ram-128gb-ppd1pu2uhvh1,"₹18,499",58,"Dual Sim, 3G, 4G, 5G, VoLTE, Wi-Fi","Snapdragon 4 Gen2, Octa Core, 2.2 GHz Processor","6 GB RAM, 128 GB inbuilt",6500 mAh Battery with 44W Fast Charging,"6.68 inches, 720 x 1608 px, 120 Hz Display with Water Drop Notch",50 MP Rear & 8 MP Front Camera,Memory Card (Hybrid),Android v15
398,Oppo K13 Turbo (8GB RAM + 256GB),https://www.smartprix.com/mobiles/oppo-k13-turbo-8gb-ram-256gb-ppd15uyt78ic,"₹28,299",70,"Dual Sim, 3G, 4G, 5G, VoLTE, Wi-Fi, IR Blaster","Dimensity 8450, Octa Core, 3.25 GHz Processor","8 GB RAM, 256 GB inbuilt",7000 mAh Battery with 80W Fast Charging,"6.8 inches, 1280 x 2800 px, 120 Hz Display with Punch Hole",50 MP + 2 MP Dual Rear & 16 MP Front Camera,Memory Card Not Supported,Android v15
399,Vivo T4R 5G (8GB RAM + 256GB),https://www.smartprix.com/mobiles/vivo-t4r-5g-8gb-ram-256gb-ppd153rm7qx7,"₹23,986",66,"Dual Sim, 3G, 4G, 5G, VoLTE, Vo5G, Wi-Fi","Dimensity 7400, Octa Core, 2.6 GHz Processor","8 GB RAM, 256 GB inbuilt",5700 mAh Battery with 44W Fast Charging,"6.77 inches, 1080 x 2392 px, 120 Hz Display with Punch Hole",50 MP + 2 MP Dual Rear & 32 MP Front Camera,Memory Card Not Supported,Android v15
400,Samsung Galaxy M06 (4GB RAM + 64GB),https://www.smartprix.com/mobiles/samsung-galaxy-m06-4gb-ram-64gb-ppd1w239n0qe,"₹9,499",49,"Dual Sim, 3G, 4G, 5G, VoLTE, Wi-Fi","Dimensity 6300, Octa Core, 2.4 GHz Processor","4 GB RAM, 64 GB inbuilt",5000 mAh Battery with 25W Fast Charging,"6.74 inches, 720 x 1600 px, 90 Hz Display with Water Drop Notch",50 MP + 2 MP Dual Rear & 8 MP Front Camera,"Memory Card (Hybrid), upto 1.5 TB",Android v15
401,Realme P3 5G (8GB RAM + 128GB),https://www.smartprix.com/mobiles/realme-p3-5g-8gb-ram-128gb-ppd1qd1nzl2m,"₹16,999",63,"Dual Sim, 3G, 4G, 5G, VoLTE, Wi-Fi, NFC","Snapdragon 6 Gen4, Octa Core, 2.3 GHz Processor","8 GB RAM, 128 GB inbuilt",6000 mAh Battery with 45W Fast Charging,"6.67 inches, 1080 x 2400 px, 120 Hz Display with Punch Hole",50 MP + 2 MP Dual Rear & 16 MP Front Camera,Android v15,No FM Radio
402,Samsung Galaxy S24 FE (256GB),https://www.smartprix.com/mobiles/samsung-galaxy-s24-fe-256gb-ppd1w5k845s5,"₹47,399",71,"Dual Sim, 3G, 4G, 5G, VoLTE, Vo5G, Wi-Fi, NFC","Exynos 2400e, Deca Core, 3.11 GHz Processor","8 GB RAM, 256 GB inbuilt",4700 mAh Battery with 25W Fast Charging,"6.7 inches, 1080 x 2340 px, 120 Hz Display with Punch Hole",50 MP + 12 MP + 8 MP Triple Rear & 10 MP Front Camera,Memory Card Not Supported,Android v14
403,Apple iPhone 16 Pro (256GB),https://www.smartprix.com/mobiles/apple-iphone-16-pro-256gb-ppd1si52yfl9,"₹1,13,490",76,"Dual Sim, 3G, 4G, 5G, VoLTE, Wi-Fi, NFC","Bionic A18 Pro, Hexa Core, 4.05 GHz Processor","8 GB RAM, 256 GB inbuilt",3582 mAh Battery with Fast Charging,"6.3 inches, 1206 x 2622 px, 120 Hz Display with Dynamic Island",48 MP + 48 MP + 12 MP Triple Rear & 12 MP Front Camera,Memory Card Not Supported,iOS v18
404,Realme GT 6,https://www.smartprix.com/mobiles/realme-gt-6-ppd1p6et8o37,"₹27,999",74,"Dual Sim, 3G, 4G, 5G, VoLTE, Vo5G, Wi-Fi, NFC, IR Blaster","Snapdragon 8s Gen3, Octa Core, 3 GHz Processor","8 GB RAM, 256 GB inbuilt",5500 mAh Battery with 120W Fast Charging,"6.78 inches, 1264 x 2780 px, 120 Hz Display with Punch Hole",50 MP + 50 MP + 8 MP Triple Rear & 32 MP Front Camera,Memory Card Not Supported,Android v14
405,Samsung Galaxy A55 5G (8GB RAM + 256GB),https://www.smartprix.com/mobiles/samsung-galaxy-a55-5g-8gb-ram-256gb-ppd10l49lwem,"₹27,999",64,"Dual Sim, 3G, 4G, 5G, VoLTE, Wi-Fi, NFC","Exynos 1480, Octa Core, 2.7 GHz Processor","8 GB RAM, 256 GB inbuilt",5000 mAh Battery with 25W Fast Charging,"6.6 inches, 1080 x 2340 px, 120 Hz Display with Punch Hole",50 MP + 12 MP + 5 MP Triple Rear & 32 MP Front Camera,"Memory Card (Hybrid), upto 1 TB",Android v14
406,OPPO Reno 12 Pro 5G,https://www.smartprix.com/mobiles/oppo-reno-12-pro-ppd1dqewp3bu,"₹29,999",74,"Dual Sim, 3G, 4G, 5G, VoLTE, Wi-Fi, NFC, IR Blaster","Dimensity 7300 Energy, Octa Core, 2.5 GHz Processor","12 GB RAM, 256 GB inbuilt",5000 mAh Battery with 80W Fast Charging,"6.7 inches, 1080 x 2412 px, 120 Hz Display with Punch Hole",50 MP + 50 MP + 8 MP Triple Rear & 50 MP Front Camera,Memory Card (Hybrid),Android v14
407,Samsung Galaxy S23 FE 5G (8GB RAM + 256GB),https://www.smartprix.com/mobiles/samsung-galaxy-s23-fe-5g-8gb-ram-256gb-ppd1sz9f301y,"₹44,994",70,"Dual Sim, 3G, 4G, 5G, VoLTE, Vo5G, Wi-Fi, NFC","Exynos 2200, Octa Core, 2.8 GHz Processor","8 GB RAM, 256 GB inbuilt",4500 mAh Battery with 25W Fast Charging,"6.4 inches, 1080 x 2340 px, 120 Hz Display with Punch Hole",50 MP + 12 MP + 8 MP Triple Rear & 10 MP Front Camera,Memory Card Not Supported,Android v13
408,Google Pixel 8 5G,https://www.smartprix.com/mobiles/google-pixel-8-ppd1yco2q574,"₹36,999",64,"Dual Sim, 3G, 4G, 5G, VoLTE, Wi-Fi, NFC","Tensor G3, Nine Core, 3 GHz Processor","8 GB RAM, 128 GB inbuilt",4575 mAh Battery with 30W Fast Charging,"6.2 inches, 1080 x 2400 px, 120 Hz Display with Punch Hole",50 MP + 12 MP Dual Rear & 10.5 MP Front Camera,Android v14,No FM Radio
409,Samsung Galaxy A77 5G,https://www.smartprix.com/mobiles/samsung-galaxy-a77-5g-ppd1lr1c71h1,"₹44,999",66,"Dual Sim, 3G, 4G, 5G, VoLTE, Wi-Fi, NFC","Exynos 2400, Octa Core Processor","8 GB RAM, 128 GB inbuilt",5000 mAh Battery with 25W Fast Charging,"6.7 inches, 1080 x 2400 px, 120 Hz Display with Punch Hole",50 MP + 12 MP + 5 MP Triple Rear & 50 MP Front Camera,"Memory Card (Hybrid), upto 1 TB",Android v16
410,itel A100C,https://www.smartprix.com/mobiles/itel-a100c-ppd1nrc6ayk3,"₹9,999",37,"Dual Sim, 3G, 4G, VoLTE, Wi-Fi, IR Blaster","Unisoc T7100, Octa Core Processor","2 GB RAM, 64 GB inbuilt",5000 mAh Battery with Fast Charging,"6.6 inches, 720 x 1612 px, 90 Hz Display with Water Drop Notch",8 MP Rear & 5 MP Front Camera,Memory Card Supported,Android v15
411,Vivo Y31 Pro 5G,https://www.smartprix.com/mobiles/vivo-y31-pro-5g-ppd1ovpolton,"₹19,998",57,"Dual Sim, 3G, 4G, 5G, VoLTE, Wi-Fi, IR Blaster","Dimensity 7300, Octa Core Processor","8 GB RAM, 128 GB inbuilt",6500 mAh Battery with 44W Fast Charging,"6.72 inches, 1080 x 2408 px, 120 Hz Display with Punch Hole",50 MP + 2 MP Dual Rear & 8 MP Front Camera,Android v15,No FM Radio
412,Vivo T5 Lite 5G,https://www.smartprix.com/mobiles/vivo-t5-lite-5g-ppd16euew40d,"₹10,999",54,"Dual Sim, 3G, 4G, 5G, VoLTE, Wi-Fi","Dimensity 6400, Octa Core Processor","6 GB RAM, 128 GB inbuilt",7000 mAh Battery with 25W Fast Charging,"6.77 inches, 720 x 1600 px, 120 Hz Display with Punch Hole",50 MP + 2 MP Dual Rear & 8 MP Front Camera,"Memory Card Supported, upto 2 TB",Android v16
413,Poco F7 5G (12GB RAM + 512GB),https://www.smartprix.com/mobiles/poco-f7-5g-12gb-ram-512gb-ppd1mrobr5ac,"₹37,999",76,"Dual Sim, 3G, 4G, 5G, VoLTE, Wi-Fi, NFC, IR Blaster","Snapdragon 8s Gen4, Octa Core, 3.2 GHz Processor","12 GB RAM, 512 GB inbuilt",7550 mAh Battery with 90W Fast Charging,"6.83 inches, 1280 x 2772 px, 120 Hz Display with Punch Hole",50 MP + 8 MP Dual Rear & 20 MP Front Camera,Memory Card Not Supported,Android v15
414,Tecno Pova 7 Ultra,https://www.smartprix.com/mobiles/tecno-pova-7-ultra-ppd177l8y01v,"₹22,990",68,"Dual Sim, 3G, 4G, 5G, VoLTE, Wi-Fi, NFC, IR Blaster","Dimensity 8350, Octa Core, 3.35 GHz Processor","8 GB RAM, 256 GB inbuilt",6000 mAh Battery with 70W Fast Charging,"6.67 inches, 1260 x 2800 px, 144 Hz Display with Punch Hole",108 MP + 8 MP Dual Rear & 13 MP Front Camera,Android v15,No FM Radio
415,Samsung Galaxy A07 5G (6GB RAM + 128GB),https://www.smartprix.com/mobiles/samsung-galaxy-a07-5g-6gb-ram-128gb-ppd1d3bgur2a,"₹16,999",57,"Dual Sim, 3G, 4G, 5G, VoLTE, Wi-Fi","Dimensity 6300, Octa Core, 2.4 GHz Processor","6 GB RAM, 128 GB inbuilt",6000 mAh Battery with 25W Fast Charging,"6.74 inches, 720 x 1600 px, 120 Hz Display with Water Drop Notch",50 MP + 2 MP Dual Rear & 8 MP Front Camera,"Memory Card Supported, upto 2 TB",Android v16
416,iQOO 13 (16GB RAM + 512GB),https://www.smartprix.com/mobiles/iqoo-13-16gb-ram-512gb-ppd19nl2ltpv,"₹59,999",89,"Dual Sim, 3G, 4G, 5G, VoLTE, Wi-Fi, NFC, IR Blaster","Snapdragon 8 Elite, Octa Core, 4.32 GHz Processor","16 GB RAM, 512 GB inbuilt",6000 mAh Battery with 120W Fast Charging,"6.82 inches, 1440 x 3168 px, 144 Hz Display with Punch Hole",50 MP + 50 MP + 50 MP Triple Rear & 32 MP Front Camera,Android v15,No FM Radio
417,Nubia Z70 Ultra,https://www.smartprix.com/mobiles/nubia-z70-ultra-ppd1seg8bk6j,"₹53,990",80,"Dual Sim, 3G, 4G, 5G, VoLTE, Wi-Fi, NFC, IR Blaster","Snapdragon 8 Elite, Octa Core, 4.32 GHz Processor","12 GB RAM, 256 GB inbuilt",6150 mAh Battery with 80W Fast Charging,"6.85 inches, 1216 x 2688 px, 144 Hz Display",64 MP + 50 MP + 50 MP Triple Rear & 16 MP Front Camera,Android v15,No FM Radio
418,iQOO Z10 Turbo,https://www.smartprix.com/mobiles/iqoo-z10-turbo-ppd11ek51hgf,"₹21,990",70,"Dual Sim, 3G, 4G, 5G, VoLTE, Wi-Fi, NFC, IR Blaster","Dimensity 8400, Octa Core, 3.25 GHz Processor","12 GB RAM, 256 GB inbuilt",7620 mAh Battery with 90W Fast Charging,"6.78 inches, 1260 x 2800 px, 144 Hz Display with Punch Hole",50 MP + 2 MP Dual Rear & 16 MP Front Camera,Android v15,No FM Radio
419,Infinix Note 40X 5G,https://www.smartprix.com/mobiles/infinix-note-40x-5g-ppd1yp09ji1w,"₹14,999",61,"Dual Sim, 3G, 4G, 5G, VoLTE, Wi-Fi, NFC","Dimensity 6300, Octa Core, 2.4 GHz Processor","8 GB RAM, 256 GB inbuilt",5000 mAh Battery with 18W Fast Charging,"6.78 inches, 1080 x 2406 px, 120 Hz Display with Punch Hole",108 MP + 2 MP Triple Rear & 8 MP Front Camera,"Memory Card Supported, upto 1 TB",Android v14
420,Vivo X200 5G,https://www.smartprix.com/mobiles/vivo-x200-5g-ppd1hylmmhif,"₹57,999",80,"Dual Sim, 3G, 4G, 5G, VoLTE, Wi-Fi, NFC, IR Blaster","Dimensity 9400, Octa Core, 3.63 GHz Processor","12 GB RAM, 256 GB inbuilt",5800 mAh Battery with 90W Fast Charging,"6.67 inches, 1260 x 2800 px, 120 Hz Display with Punch Hole",50 MP + 50 MP + 50 MP Triple Rear & 32 MP Front Camera,Memory Card Not Supported,Android v15
421,CMF Phone (1),https://www.smartprix.com/mobiles/cmf-phone-1-ppd1l8h88mjl,"₹15,999",58,"Dual Sim, 3G, 4G, 5G, VoLTE, Wi-Fi","Dimensity 7300, Octa Core, 2.5 GHz Processor","6 GB RAM, 128 GB inbuilt",5000 mAh Battery with 33W Fast Charging,"6.67 inches, 1080 x 2400 px, 120 Hz Display with Punch Hole",50 MP + 2 MP Dual Rear & 16 MP Front Camera,"Memory Card (Hybrid), upto 2 TB",Android v14
422,Tecno Pova 7 Pro 5G,https://www.smartprix.com/mobiles/tecno-pova-7-pro-ppd1wnlyzb6k,"₹17,299",66,"Dual Sim, 3G, 4G, 5G, VoLTE, Wi-Fi, NFC, IR Blaster","Dimensity 7300 Ultimate, Octa Core, 2.5 GHz Processor","8 GB RAM, 128 GB inbuilt",6000 mAh Battery with 45W Fast Charging,"6.78 inches, 1224 x 2720 px, 144 Hz Display with Punch Hole",64 MP + 8 MP Dual Rear & 13 MP Front Camera,Android v15,No FM Radio
423,Xiaomi Redmi Note 13 5G (8GB RAM + 256GB),https://www.smartprix.com/mobiles/xiaomi-redmi-note-13-5g-8gb-ram-256gb-ppd1wah4vszc,"₹16,999",63,"Dual Sim, 3G, 4G, 5G, VoLTE, Vo5G, Wi-Fi, IR Blaster","Dimensity 6080, Octa Core, 2.4 GHz Processor","8 GB RAM, 256 GB inbuilt",5000 mAh Battery with 33W Fast Charging,"6.67 inches, 1080 x 2400 px, 120 Hz Display with Punch Hole",108 MP + 8 MP + 2 MP Triple Rear & 16 MP Front Camera,"Memory Card (Hybrid), upto 1 TB",Android v13
424,Vivo T3 5G,https://www.smartprix.com/mobiles/vivo-t3-5g-ppd1c8fb237r,"₹17,499",61,"Dual Sim, 3G, 4G, 5G, VoLTE, Wi-Fi","Dimensity 7200, Octa Core, 2.8 GHz Processor","8 GB RAM, 128 GB inbuilt",5000 mAh Battery with 44W Fast Charging,"6.67 inches, 1080 x 2400 px, 120 Hz Display with Punch Hole",50 MP + 2 MP Triple Rear & 16 MP Front Camera,"Memory Card (Hybrid), upto 1 TB",Android v14
425,Xiaomi Redmi Note 14 Pro Plus,https://www.smartprix.com/mobiles/xiaomi-redmi-note-14-pro-plus-ppd11nn0bmxi,"₹24,444",68,"Dual Sim, 3G, 4G, 5G, VoLTE, Wi-Fi, IR Blaster","Snapdragon 7s Gen3, Octa Core, 2.5 GHz Processor","8 GB RAM, 128 GB inbuilt",6200 mAh Battery with 90W Fast Charging,"6.67 inches, 1220 x 2712 px, 120 Hz Display with Punch Hole",50 MP + 50 MP + 8 MP Triple Rear & 20 MP Front Camera,Memory Card Not Supported,Android v14
426,Google Pixel 9,https://www.smartprix.com/mobiles/google-pixel-9-ppd108yz0h4n,"₹79,999",75,"Dual Sim, 3G, 4G, 5G, VoLTE, Vo5G, Wi-Fi, NFC","Tensor G4, Octa Core, 3.1 GHz Processor","12 GB RAM, 256 GB inbuilt",4700 mAh Battery with 27W Fast Charging,"6.3 inches, 1080 x 2424 px, 120 Hz Display with Punch Hole",50 MP + 48 MP Dual Rear & 10.5 MP Front Camera,Android v14,No FM Radio
427,Xiaomi Redmi Note 15 Pro 5G (8GB RAM + 256GB),https://www.smartprix.com/mobiles/xiaomi-redmi-note-15-pro-5g-8gb-ram-256gb-ppd1s26ak5is,"₹31,999",74,"Dual Sim, 3G, 4G, 5G, VoLTE, Wi-Fi, IR Blaster","Dimensity 7400 Ultra, Octa Core, 2.6 GHz Processor","8 GB RAM, 256 GB inbuilt",6580 mAh Battery with 45W Fast Charging,"6.83 inches, 1280 x 2772 px, 120 Hz Display with Punch Hole",200 MP + 8 MP Dual Rear & 20 MP Front Camera,Android v15,No FM Radio
428,Oppo Reno 15c 5G (12GB RAM + 256GB),https://www.smartprix.com/mobiles/oppo-reno-15c-5g-12gb-ram-256gb-ppd14hpesyw0,"₹37,999",70,"Dual Sim, 3G, 4G, 5G, Wi-Fi, IR Blaster","Snapdragon 6 Gen1, Octa Core, 2.2 GHz Processor","12 GB RAM, 256 GB inbuilt",7000 mAh Battery with 80W Fast Charging,"6.57 inches, 1080 x 2372 px, 120 Hz Display with Punch Hole",50 MP + 8 MP + 2 MP Triple Rear & 50 MP Front Camera,Android v16,No FM Radio
429,Honor Win,https://www.smartprix.com/mobiles/honor-win-ppd17kgznp44,"₹49,990",84,"Dual Sim, 3G, 4G, 5G, VoLTE, Wi-Fi, NFC, IR Blaster","Snapdragon 8 Elite Gen 5, Octa Core, 4.6 GHz Processor","12 GB RAM, 256 GB inbuilt",10000 mAh Battery with 100W Fast Charging,"6.83 inches, 1272 x 2800 px, 185 Hz Display with Punch Hole",50 MP + 50 MP + 12 MP Triple Rear & 50 MP Front Camera,Android v16,No FM Radio
430,OPPO A6x 5G (6GB RAM + 128GB),https://www.smartprix.com/mobiles/oppo-a6x-5g-6gb-ram-128gb-ppd1ce54uapl,"₹16,999",53,"Dual Sim, 3G, 4G, 5G, VoLTE, Wi-Fi","Dimensity 6300, Octa Core, 2.4 GHz Processor","6 GB RAM, 128 GB inbuilt",6500 mAh Battery with 45W Fast Charging,"6.75 inches, 720 x 1570 px, 120 Hz Display with Punch Hole",13 MP Rear & 5 MP Front Camera,Memory Card (Hybrid),Android v15
431,Vivo S50 Pro Mini,https://www.smartprix.com/mobiles/vivo-s50-pro-mini-ppd1m7b1wecr,"₹48,990",81,"Dual Sim, 3G, 4G, 5G, VoLTE, Vo5G, Wi-Fi, NFC, IR Blaster","Snapdragon 8 Gen5, Octa Core, 3.84 GHz Processor","12 GB RAM, 256 GB inbuilt",6500 mAh Battery with 90W Fast Charging,"6.31 inches, 1216 x 2640 px, 120 Hz Display with Punch Hole",50 MP + 50 MP + 8 MP Triple Rear & 50 MP Front Camera,Memory Card Not Supported,Android v16
432,Apple iPhone 17 Pro Max (2TB),https://www.smartprix.com/mobiles/apple-iphone-17-pro-max-2tb-ppd19zlthita,"₹2,29,900",84,"Dual Sim, 3G, 4G, 5G, VoLTE, Wi-Fi, NFC","Apple A19 Pro, Hexa Core Processor","12 GB RAM, 2 TB inbuilt",4832 mAh Battery with Fast Charging,"6.9 inches, 1320 x 2868 px, 120 Hz Display with Dynamic Island",48 MP + 48 MP + 48 MP Triple Rear & 18 MP Front Camera,Memory Card Not Supported,iOS v26
433,Realme P4 5G (8GB RAM + 128GB),https://www.smartprix.com/mobiles/realme-p4-5g-8gb-ram-128gb-ppd1zzyzw5l4,"₹21,727",66,"Dual Sim, 3G, 4G, 5G, VoLTE, Wi-Fi, IR Blaster","Dimensity 7400 Ultra, Octa Core, 2.6 GHz Processor","8 GB RAM, 128 GB inbuilt",7000 mAh Battery with 80W Fast Charging,"6.77 inches, 1080 x 2392 px, 144 Hz Display with Punch Hole",50 MP + 8 MP Dual Rear & 16 MP Front Camera,Android v15,No FM Radio
434,Samsung Galaxy A17 5G (8GB RAM + 256GB),https://www.smartprix.com/mobiles/samsung-galaxy-a17-5g-8gb-ram-256gb-ppd1vyz8abxj,"₹22,990",61,"Dual Sim, 3G, 4G, 5G, VoLTE, Wi-Fi, NFC","Exynos 1330, Octa Core, 2.4 GHz Processor","8 GB RAM, 256 GB inbuilt",5000 mAh Battery with 25W Fast Charging,"6.7 inches, 1080 x 2340 px, 90 Hz Display with Water Drop Notch",50 MP + 5 MP + 2 MP Triple Rear & 13 MP Front Camera,"Memory Card (Hybrid), upto 2 TB",Android v15
435,Vivo Y400 5G (8GB RAM + 256GB),https://www.smartprix.com/mobiles/vivo-y400-5g-8gb-ram-256gb-ppd16k8ibqcf,"₹24,999",64,"Dual Sim, 3G, 4G, 5G, VoLTE, Wi-Fi","Snapdragon 4 Gen2, Octa Core, 2.2 GHz Processor","8 GB RAM, 256 GB inbuilt",6000 mAh Battery with 90W Fast Charging,"6.67 inches, 1080 x 2400 px, 120 Hz Display with Punch Hole",50 MP + 2 MP Dual Rear & 32 MP Front Camera,Android v15,No FM Radio
436,Infinix GT 30 5G,https://www.smartprix.com/mobiles/infinix-gt-30-ppd169um7npk,"₹19,299",66,"Dual Sim, 3G, 4G, 5G, VoLTE, Wi-Fi, IR Blaster","Dimensity 7400, Octa Core, 2.6 GHz Processor","8 GB RAM, 128 GB inbuilt",5500 mAh Battery with 45W Fast Charging,"6.78 inches, 1224 x 2720 px, 144 Hz Display with Punch Hole",64 MP + 8 MP Dual Rear & 13 MP Front Camera,Android v15,Bluetooth
437,Lava Storm Play 5G,https://www.smartprix.com/mobiles/lava-storm-play-5g-ppd1xey4op0y,"₹10,499",55,"Dual Sim, 3G, 4G, 5G, VoLTE, Wi-Fi","Dimensity 7060, Octa Core, 2.6 GHz Processor","6 GB RAM, 128 GB inbuilt",5000 mAh Battery with 18W Fast Charging,"6.75 inches, 720 x 1600 px, 120 Hz Display with Water Drop Notch",50 MP + 2 MP Dual Rear & 8 MP Front Camera,"Memory Card (Hybrid), upto 1 TB",Android v15
438,iQOO Z10 Lite,https://www.smartprix.com/mobiles/iqoo-z10-lite-ppd1ajmybxsa,"₹11,998",52,"Dual Sim, 3G, 4G, 5G, VoLTE, Wi-Fi","Dimensity 6300, Octa Core, 2.4 GHz Processor","4 GB RAM, 128 GB inbuilt",6000 mAh Battery with 15W Fast Charging,"6.74 inches, 720 x 1600 px, 90 Hz Display",50 MP + 2 MP Dual Rear & 5 MP Front Camera,Android v15,Bluetooth
439,OnePlus Ace 6,https://www.smartprix.com/mobiles/oneplus-ace-6-ppd1lrs4w8vl,"₹31,990",75,"Dual Sim, 3G, 4G, 5G, VoLTE, Vo5G, Wi-Fi, NFC, IR Blaster","Snapdragon 8 Elite, Octa Core, 4.32 GHz Processor","12 GB RAM, 256 GB inbuilt",7800 mAh Battery with 120W Fast Charging,"6.83 inches, 1272 x 2800 px, 165 Hz Display with Punch Hole",50 MP + 16 MP Dual Rear & 16 MP Front Camera,Memory Card Not Supported,Android v16
440,Vivo Y19 5G,https://www.smartprix.com/mobiles/vivo-y19-5g-ppd16hwvwhi1,"₹10,499",48,"Dual Sim, 3G, 4G, 5G, VoLTE, Wi-Fi","Dimensity 6300, Octa Core, 2.4 GHz Processor","4 GB RAM, 64 GB inbuilt",5500 mAh Battery with 15W Fast Charging,"6.74 inches, 720 x 1600 px, 90 Hz Display with Water Drop Notch",13 MP + 0.08 MP Dual Rear & 5 MP Front Camera,"Memory Card Supported, upto 2 TB",Android v15
441,Realme P3 Ultra (8GB RAM + 256GB),https://www.smartprix.com/mobiles/realme-p3-ultra-8gb-ram-256gb-ppd1r1x5jasz,"₹26,990",67,"Dual Sim, 3G, 4G, 5G, VoLTE, Wi-Fi, IR Blaster","Dimensity 8350 Ultra, Octa Core, 3.35 GHz Processor","8 GB RAM, 256 GB inbuilt",6000 mAh Battery with 80W Fast Charging,"6.83 inches, 1272 x 2800 px, 120 Hz Display with Punch Hole",50 MP + 8 MP Dual Rear & 16 MP Front Camera,Memory Card Not Supported,Android v15
442,Xiaomi Redmi 14C 5G (6GB RAM + 128GB),https://www.smartprix.com/mobiles/xiaomi-redmi-14c-5g-6gb-ram-128gb-ppd1mb87m1r1,"₹11,999",53,"Dual Sim, 3G, 4G, 5G, VoLTE, Wi-Fi","Snapdragon 4 Gen2, Octa Core, 2.2 GHz Processor","6 GB RAM, 128 GB inbuilt",5160 mAh Battery with 18W Fast Charging,"6.88 inches, 720 x 1640 px, 120 Hz Display with Water Drop Notch",50 MP Dual Rear & 8 MP Front Camera,"Memory Card Supported, upto 1 TB",Android v14
443,Vivo T3 Ultra (8GB RAM + 256GB),https://www.smartprix.com/mobiles/vivo-t3-ultra-8gb-ram-256gb-ppd1ib46y1ns,"₹29,990",68,"Dual Sim, 3G, 4G, 5G, VoLTE, Wi-Fi","Dimensity 9200 Plus, Octa Core, 3.35 GHz Processor","8 GB RAM, 256 GB inbuilt",5500 mAh Battery with 80W Fast Charging,"6.78 inches, 1260 x 2800 px, 120 Hz Display with Punch Hole",50 MP + 8 MP Dual Rear & 50 MP Front Camera,Android v14,No FM Radio
444,Vivo T3 Lite 5G (6GB RAM + 128GB),https://www.smartprix.com/mobiles/vivo-t3-lite-5g-6gb-ram-128gb-ppd1i4uae5th,"₹11,499",54,"Dual Sim, 3G, 4G, 5G, VoLTE, Wi-Fi","Dimensity 6300, Octa Core, 2.4 GHz Processor","6 GB RAM, 128 GB inbuilt",5000 mAh Battery with 15W Fast Charging,"6.56 inches, 720 x 1612 px, 90 Hz Display with Water Drop Notch",50 MP + 2 MP Dual Rear & 8 MP Front Camera,"Memory Card (Hybrid), upto 1 TB",Android v14
445,Realme P1 5G (8GB RAM+ 128GB),https://www.smartprix.com/mobiles/realme-p1-5g-8gb-ram-128gb-ppd16owutgtd,"₹14,999",58,"Dual Sim, 3G, 4G, 5G, VoLTE, Wi-Fi","Dimensity 7050, Octa Core, 2.6 GHz Processor","8 GB RAM, 128 GB inbuilt",5000 mAh Battery with 45W Fast Charging,"6.67 inches, 1080 x 2400 px, 120 Hz Display with Punch Hole",50 MP + 2 MP Dual Rear & 16 MP Front Camera,"Memory Card (Hybrid), upto 2 TB",Android v14
446,Samsung Galaxy A35 5G (8GB RAM + 256GB),https://www.smartprix.com/mobiles/samsung-galaxy-a35-5g-8gb-ram-256gb-ppd18ubjdtj2,"₹26,750",64,"Dual Sim, 3G, 4G, 5G, VoLTE, Wi-Fi, NFC","Exynos 1380, Octa Core, 2.4 GHz Processor","8 GB RAM, 256 GB inbuilt",5000 mAh Battery with 25W Fast Charging,"6.6 inches, 1080 x 2340 px, 120 Hz Display with Punch Hole",50 MP + 8 MP + 5 MP Triple Rear & 13 MP Front Camera,"Memory Card (Hybrid), upto 1 TB",Android v14
447,Tecno Camon 30 Premier 5G,https://www.smartprix.com/mobiles/tecno-camon-30-premier-5g-ppd148ikqvee,"₹39,999",72,"Dual Sim, 3G, 4G, 5G, VoLTE, Wi-Fi, NFC, IR Blaster","Dimensity 8200, Octa Core, 3.1 GHz Processor","12 GB RAM, 512 GB inbuilt",5000 mAh Battery with 70W Fast Charging,"6.77 inches, 1264 x 2780 px, 120 Hz Display with Punch Hole",50 MP + 50 MP + 50 MP Triple Rear & 50 MP Front Camera,Memory Card Not Supported,Android v14
448,Xiaomi Redmi Note 13 Pro Plus 5G,https://www.smartprix.com/mobiles/xiaomi-redmi-note-13-pro-plus-ppd17s27km27,"₹25,599",74,"Dual Sim, 3G, 4G, 5G, VoLTE, Wi-Fi, NFC, IR Blaster","Dimensity 7200 Ultra, Octa Core, 2.8 GHz Processor","8 GB RAM, 256 GB inbuilt",5000 mAh Battery with 120W Fast Charging,"6.67 inches, 1220 x 2712 px, 120 Hz Display with Punch Hole",200 MP + 8 MP + 2 MP Triple Rear & 16 MP Front Camera,Memory Card Not Supported,Android v13
449,Infinix Note 15 Pro 5G,https://www.smartprix.com/mobiles/infinix-note-15-pro-5g-ppd16d6a0460,"₹19,990",64,"Dual Sim, 3G, 4G, 5G, VoLTE, Wi-Fi","Dimensity 6100 Plus, Octa Core, 2.2 GHz Processor","8 GB RAM, 128 GB inbuilt",5000 mAh Battery with 66W Fast Charging,"6.8 inches, 1080 x 2400 px, 144 Hz Display with Punch Hole",108 MP + 32 MP + 2 MP Triple Rear & 32 MP Front Camera,"Memory Card Supported, upto 2 TB",Android v14
450,Samsung Galaxy S23 5G,https://www.smartprix.com/mobiles/samsung-galaxy-s23-ppd1b28a9gw2,"₹49,999",72,"Dual Sim, 3G, 4G, 5G, VoLTE, Vo5G, Wi-Fi, NFC","Snapdragon 8 Gen 2, Octa Core, 3.36 GHz Processor","8 GB RAM, 128 GB inbuilt",3900 mAh Battery with 25W Fast Charging,"6.1 inches, 1080 x 2340 px, 120 Hz Display with Punch Hole",50 MP + 12 MP + 10 MP Triple Rear & 12 MP Front Camera,Android v13,No FM Radio
451,Google Pixel 7 Pro 5G,https://www.smartprix.com/mobiles/google-pixel-7-pro-5g-ppd17jm1qe7e,"₹37,490",72,"Dual Sim, 3G, 4G, 5G, VoLTE, Wi-Fi, NFC","Google  Tensor G2, Octa Core, 2.85 GHz Processor","12 GB RAM, 128 GB inbuilt",5000 mAh Battery with 30W Fast Charging,"6.7 inches, 1440 x 3120 px, 120 Hz Display with Punch Hole",50 MP + 48 MP + 12 MP Triple Rear & 10.8 MP Front Camera,Android v13,No FM Radio
452,Apple iPhone 14,https://www.smartprix.com/mobiles/apple-iphone-14-ppd1uh52u0yv,"₹52,190",58,"Dual Sim, 3G, 4G, 5G, VoLTE, Wi-Fi, NFC","Bionic A15, Hexa Core, 3.22 GHz Processor","6 GB RAM, 128 GB inbuilt",3279 mAh Battery with Fast Charging,"6.1 inches, 1170 x 2532 px Display with Small Notch",12 MP + 12 MP Dual Rear & 12 MP Front Camera,Memory Card Not Supported,iOS v16
453,Xiaomi Redmi Note 15 Pro Plus (12GB RAM + 512GB),https://www.smartprix.com/mobiles/xiaomi-redmi-note-15-pro-plus-12gb-ram-512gb-ppd15nshzi00,"₹43,999",80,"Dual Sim, 3G, 4G, 5G, VoLTE, Wi-Fi, NFC, IR Blaster","Snapdragon 7s Gen4, Octa Core, 2.7 GHz Processor","12 GB RAM, 512 GB inbuilt",6500 mAh Battery with 100W Fast Charging,"6.83 inches, 1280 x 2772 px, 120 Hz Display with Punch Hole",200 MP + 8 MP Dual Rear & 32 MP Front Camera,Memory Card Not Supported,Android v15
454,Poco M8 5G (8GB RAM + 256GB),https://www.smartprix.com/mobiles/poco-m8-5g-8gb-ram-256gb-ppd16pa1usao,"₹19,999",62,"Dual Sim, 3G, 4G, 5G, VoLTE, Wi-Fi, IR Blaster","Snapdragon 6 Gen3, Octa Core Processor","8 GB RAM, 256 GB inbuilt",5520 mAh Battery with 45W Fast Charging,"6.77 inches, 1080 x 2392 px, 120 Hz Display with Punch Hole",50 MP + 2 MP Dual Rear & 20 MP Front Camera,"Memory Card (Hybrid), upto 1 TB",Android v15
455,Tecno Pova Curve 2 5G (8GB RAM +256GB),https://www.smartprix.com/mobiles/tecno-pova-curve-2-5g-8gb-ram-256gb-ppd1v70yxh1n,"₹29,999",63,"Dual Sim, 3G, 4G, 5G, VoLTE, Wi-Fi, IR Blaster","Dimensity 7100, Octa Core, 2.4 GHz Processor","8 GB RAM, 256 GB inbuilt",8000 mAh Battery with 45W Fast Charging,"6.78 inches, 1208 x 2644 px, 144 Hz Display with Punch Hole",50 MP + 2 MP Dual Rear & 13 MP Front Camera,Android v16,Bluetooth
456,Realme 15 Lite 5G,https://www.smartprix.com/mobiles/realme-15-lite-5g-ppd16kkytl5c,"₹15,799",59,"Dual Sim, 3G, 4G, 5G, VoLTE, Wi-Fi","Dimensity 7300 Energy, Octa Core, 2.5 GHz Processor","8 GB RAM, 128 GB inbuilt",5000 mAh Battery with 80W Fast Charging,"6.67 inches, 1080 x 2400 px, 120 Hz Display with Punch Hole",50 MP Dual Rear & 16 MP Front Camera,Memory Card (Hybrid),Android v15
457,Apple iPhone 18,https://www.smartprix.com/mobiles/apple-iphone-18-ppd1048z809q,"₹89,999",67,"Dual Sim, 3G, 4G, 5G, VoLTE, Wi-Fi, NFC","Apple A20, Hexa Core Processor","12 GB RAM, 256 GB inbuilt","6.31 inches, 1206 x 2622 px, 120 Hz Display with Small Notch",48 MP + 48 MP Dual Rear & 24 MP Front Camera,Memory Card Not Supported,iOS v27,No FM Radio
458,Samsung Galaxy A17 5G (8GB RAM + 128GB),https://www.smartprix.com/mobiles/samsung-galaxy-a17-5g-8gb-ram-128gb-ppd1bdrmtsd4,"₹20,498",59,"Dual Sim, 3G, 4G, 5G, VoLTE, Wi-Fi, NFC","Exynos 1330, Octa Core, 2.4 GHz Processor","8 GB RAM, 128 GB inbuilt",5000 mAh Battery with 25W Fast Charging,"6.7 inches, 1080 x 2340 px, 90 Hz Display with Water Drop Notch",50 MP + 5 MP + 2 MP Triple Rear & 13 MP Front Camera,"Memory Card (Hybrid), upto 2 TB",Android v15
459,Vivo V60 5G (16GB RAM + 512GB),https://www.smartprix.com/mobiles/vivo-v60-5g-16gb-ram-512gb-ppd1wzv2q16t,"₹45,999",81,"Dual Sim, 3G, 4G, 5G, VoLTE, Wi-Fi, NFC, IR Blaster","Snapdragon 7 Gen4, Octa Core, 2.8 GHz Processor","16 GB RAM, 512 GB inbuilt",6500 mAh Battery with 90W Fast Charging,"6.77 inches, 1080 x 2392 px, 120 Hz Display with Punch Hole",50 MP + 50 MP + 8 MP Triple Rear & 50 MP Front Camera,Memory Card Not Supported,Android v15
460,iQOO Z10 Lite 5G (6GB RAM + 128GB),https://www.smartprix.com/mobiles/iqoo-z10-lite-5g-6gb-ram-128gb-ppd1zky066zy,"₹13,900",52,"Dual Sim, 3G, 4G, 5G, VoLTE, Wi-Fi","Dimensity 6300, Octa Core, 2.4 GHz Processor","6 GB RAM, 128 GB inbuilt",6000 mAh Battery with 15W Fast Charging,"6.74 inches, 720 x 1600 px, 90 Hz Display",50 MP + 2 MP Dual Rear & 5 MP Front Camera,Android v15,Bluetooth
461,Realme GT 8T,https://www.smartprix.com/mobiles/realme-gt-8t-ppd1aqlcuahu,"₹36,999",75,"Dual Sim, 3G, 4G, 5G, VoLTE, Vo5G, Wi-Fi, NFC",Octa Core Processor,"8 GB RAM, 256 GB inbuilt",7000 mAh Battery with 120W Fast Charging,"6.8 inches, 1280 x 2800 px, 120 Hz Display with Punch Hole",50 MP + 8 MP Dual Rear & 32 MP Front Camera,Memory Card Not Supported,Android v16
462,iQOO Neo 10 (12GB RAM + 256GB),https://www.smartprix.com/mobiles/iqoo-neo-10-12gb-ram-256gb-ppd1ui06w7iv,"₹38,998",80,"Dual Sim, 3G, 4G, 5G, VoLTE, Wi-Fi, NFC, IR Blaster","Snapdragon 8s Gen4, Octa Core, 3.2 GHz Processor","12 GB RAM, 256 GB inbuilt",7000 mAh Battery with 120W Fast Charging,"6.78 inches, 1260 x 2800 px, 144 Hz Display with Punch Hole",50 MP + 8 MP Dual Rear & 32 MP Front Camera,Android v15,No FM Radio
463,Realme GT 10000 mAh,https://www.smartprix.com/mobiles/realme-gt-10000-mah-ppd1zgn126d4,"₹34,990",75,"Dual Sim, 3G, 4G, 5G, VoLTE, Vo5G, Wi-Fi, NFC, IR Blaster",Octa Core Processor,"8 GB RAM, 256 GB inbuilt",10000 mAh Battery with 320W Fast Charging,"6.8 inches, 1264 x 2780 px, 144 Hz Display with Punch Hole",50 MP + 50 MP Dual Rear & 32 MP Front Camera,Memory Card Not Supported,Android v15
464,Poco X7 5G (8GB RAM + 256GB),https://www.smartprix.com/mobiles/poco-x7-5g-8gb-ram-256gb-ppd1h4t3kq0c,"₹19,999",66,"Dual Sim, 3G, 4G, 5G, VoLTE, Vo5G, Wi-Fi, NFC, IR Blaster","Dimensity 7300 Ultra, Octa Core, 2.5 GHz Processor","8 GB RAM, 256 GB inbuilt",5500 mAh Battery with 45W Fast Charging,"6.67 inches, 1220 x 2712 px, 120 Hz Display with Punch Hole",50 MP + 8 MP + 2 MP Triple Rear & 20 MP Front Camera,Android v14,No FM Radio
465,Xiaomi Redmi Note 16,https://www.smartprix.com/mobiles/xiaomi-redmi-note-16-ppd14rfrus0n,"₹18,990",64,"Dual Sim, 3G, 4G, VoLTE, Wi-Fi, IR Blaster","Dimensity 6300, Octa Core, 2.4 GHz Processor","8 GB RAM, 128 GB inbuilt",5500 mAh Battery with 100W Fast Charging,"6.82 inches, 1080 x 2480 px, 120 Hz Display with Punch Hole",200 MP + 13 MP + 2 MP Triple Rear & 32 MP Front Camera,"Memory Card Supported, upto 1 TB",Android v16
466,Realme GT 8,https://www.smartprix.com/mobiles/realme-gt-8-ppd1lvgk6xo0,"₹52,990",81,"Dual Sim, 3G, 4G, 5G, VoLTE, Vo5G, Wi-Fi, NFC, IR Blaster","Snapdragon 8 Elite, Octa Core, 4.32 GHz Processor","12 GB RAM, 256 GB inbuilt",7000 mAh Battery with 100W Fast Charging,"6.79 inches, 1440 x 3136 px, 144 Hz Display with Punch Hole",50 MP + 50 MP + 8 MP Triple Rear & 16 MP Front Camera,Memory Card Not Supported,Android v16
467,Xiaomi Redmi 13 5G,https://www.smartprix.com/mobiles/xiaomi-redmi-13-5g-ppd11276w3hl,"₹12,499",58,"Dual Sim, 3G, 4G, 5G, VoLTE, Wi-Fi, IR Blaster","Snapdragon 4 Gen 2 AE, Octa Core, 2.3 GHz Processor","6 GB RAM, 128 GB inbuilt",5030 mAh Battery with 33W Fast Charging,"6.79 inches, 1080 x 2460 px, 120 Hz Display with Punch Hole",108 MP + Macro Dual Rear & 13 MP Front Camera,"Memory Card (Hybrid), upto 1 TB",Android v14
468,Google Pixel 9 Pro,https://www.smartprix.com/mobiles/google-pixel-9-pro-ppd1pihjx8kj,"₹83,999",83,"Dual Sim, 3G, 4G, 5G, VoLTE, Vo5G, Wi-Fi, NFC","Tensor G4, Octa Core, 3.1 GHz Processor","16 GB RAM, 256 GB inbuilt",4700 mAh Battery with 27W Fast Charging,"6.3 inches, 1280 x 2856 px, 120 Hz Display with Punch Hole",50 MP + 48 MP + 48 MP Triple Rear & 42 MP Front Camera,Android v14,No FM Radio
469,Samsung Galaxy S24 5G,https://www.smartprix.com/mobiles/samsung-galaxy-s24-ppd1rhc5ozwd,"₹47,499",75,"Dual Sim, 3G, 4G, 5G, VoLTE, Vo5G, Wi-Fi, NFC","Exynos 2400, Deca Core, 3.2 GHz Processor","8 GB RAM, 256 GB inbuilt",4000 mAh Battery with 25W Fast Charging,"6.2 inches, 1080 x 2340 px, 120 Hz Display with Punch Hole",50 MP + 12 MP + 10 MP Triple Rear & 12 MP Front Camera,Android v14,No FM Radio
470,Motorola Signature (16GB RAM + 512GB),https://www.smartprix.com/mobiles/motorola-signature-16gb-ram-512gb-ppd1zzb78org,"₹68,599",89,"Dual Sim, 3G, 4G, 5G, VoLTE, Vo5G, Wi-Fi, NFC","Snapdragon 8 Gen5, Octa Core, 3.8 GHz Processor","16 GB RAM, 512 GB inbuilt",5200 mAh Battery with 90W Fast Charging,"6.8 inches, 1264 x 2780 px, 165 Hz Display with Punch Hole",50 MP + 50 MP + 50 MP Triple Rear & 50 MP Front Camera,Android v16,No FM Radio
471,Tecno Camon 50 4G,https://www.smartprix.com/mobiles/tecno-camon-50-4g-ppd1lgdb51la,"₹24,990",57,"3G, 4G, Wi-Fi, NFC, IR Blaster","Helio G200, Octa Core, 2.2 GHz Processor","8 GB RAM, 256 GB inbuilt",6150 mAh Battery with Fast Charging,"6.78 inches, 1208 x 2644 px, 144 Hz Display",50 MP + 8 MP Dual Rear & 32 MP Front Camera,Android v16,Bluetooth
472,OnePlus 15s 5G,https://www.smartprix.com/mobiles/oneplus-15s-5g-ppd14e8ex50w,"₹59,999",84,"Dual Sim, 3G, 4G, 5G, VoLTE, Vo5G, Wi-Fi, NFC, IR Blaster",Octa Core Processor,"12 GB RAM, 256 GB inbuilt",6500 mAh Battery with 80W Fast Charging,"6.3 inches, 1216 x 2640 px, 165 Hz Display with Punch Hole",50 MP + 50 MP Dual Rear & 50 MP Front Camera,Memory Card Not Supported,Android v16
473,Realme Narzo 90x (8GB+128GB),https://www.smartprix.com/mobiles/realme-narzo-90x-8gb-128gb-ppd1nwpevptr,"₹15,249",59,"Dual Sim, 3G, 4G, 5G, VoLTE, Wi-Fi","Dimensity 6300, Octa Core, 2.4 GHz Processor","8 GB RAM, 128 GB inbuilt",7000 mAh Battery with 60W Fast Charging,"6.8 inches, 720 x 1570 px, 144 Hz Display with Punch Hole",50 MP + 2 MP Dual Rear & 8 MP Front Camera,"Memory Card (Hybrid), upto 2 TB",Android v15
474,Oppo F33,https://www.smartprix.com/mobiles/oppo-f33-ppd18kxqpob7,"₹25,999",64,"Dual Sim, 3G, 4G, 5G, VoLTE, Wi-Fi, IR Blaster",Octa Core Processor,"8 GB RAM, 128 GB inbuilt",7500 mAh Battery with 100W Fast Charging,"6.67 inches, 1080 x 2412 px, 144 Hz Display with Punch Hole",50 MP + 8 MP Dual Rear & 32 MP Front Camera,Memory Card (Hybrid),Android v16
475,Oppo Find X9s,https://www.smartprix.com/mobiles/oppo-find-x9s-ppd1m7035m5t,"₹50,990",83,"Dual Sim, 3G, 4G, 5G, VoLTE, Wi-Fi, NFC, IR Blaster","Dimensity 9500s, Octa Core Processor","12 GB RAM, 256 GB inbuilt",10000 mAh Battery with 80W Fast Charging,"6.3 inches, 1216 x 2640 px, 120 Hz Display with Punch Hole",200 MP + 200 MP + Ultra Wide Triple Rear & 32 MP Front Camera,Android v15,No FM Radio
476,Xiaomi Redmi K90 Pro Max,https://www.smartprix.com/mobiles/xiaomi-redmi-k90-pro-max-ppd1571fktt9,"₹50,990",86,"Dual Sim, 3G, 4G, 5G, VoLTE, Vo5G, Wi-Fi, NFC, IR Blaster","Snapdragon 8 Elite Gen 5, Octa Core, 4.6 GHz Processor","12 GB RAM, 256 GB inbuilt",7500 mAh Battery with 100W Fast Charging,"6.9 inches, 1200 x 2608 px, 120 Hz Display with Punch Hole",50 MP + 50 MP + 50 MP Triple Rear & 32 MP Front Camera,Android v16,No FM Radio
477,iQOO Z10 Turbo Plus,https://www.smartprix.com/mobiles/iqoo-z10-turbo-plus-ppd15ilwo4nd,"₹25,999",71,"Dual Sim, 3G, 4G, 5G, VoLTE, Wi-Fi, NFC, IR Blaster","Dimensity 9400 Plus, Octa Core, 3.63 GHz Processor","12 GB RAM, 256 GB inbuilt",8000 mAh Battery with 80W Fast Charging,"6.78 inches, 1260 x 2800 px, 144 Hz Display with Punch Hole",50 MP + 8 MP Dual Rear & 16 MP Front Camera,Android v15,No FM Radio
478,Lava Bold 5G (8GB RAM + 128GB),https://www.smartprix.com/mobiles/lava-bold-5g-8gb-ram-128gb-ppd1gzxs65ej,"₹14,990",61,"Dual Sim, 3G, 4G, 5G, VoLTE, Vo5G, Wi-Fi","Dimensity 6300, Octa Core, 2.4 GHz Processor","8 GB RAM, 128 GB inbuilt",5000 mAh Battery with 33W Fast Charging,"6.67 inches, 1080 x 2400 px, 120 Hz Display with Punch Hole",64 MP + 2 MP Dual Rear & 16 MP Front Camera,Memory Card (Hybrid),Android v14
479,Realme P3 Ultra (12GB RAM + 256GB),https://www.smartprix.com/mobiles/realme-p3-ultra-12gb-ram-256gb-ppd1b008w0d1,"₹26,999",68,"Dual Sim, 3G, 4G, 5G, VoLTE, Wi-Fi, IR Blaster","Dimensity 8350 Ultra, Octa Core, 3.35 GHz Processor","12 GB RAM, 256 GB inbuilt",6000 mAh Battery with 80W Fast Charging,"6.83 inches, 1272 x 2800 px, 120 Hz Display with Punch Hole",50 MP + 8 MP Dual Rear & 16 MP Front Camera,Memory Card Not Supported,Android v15
480,Xiaomi Redmi A5 4G,https://www.smartprix.com/mobiles/xiaomi-redmi-a5-4g-ppd1wnby3f4g,"₹7,999",45,"Dual Sim, 3G, 4G, VoLTE, Wi-Fi","Unisoc T7250, Octa Core, 1.8 GHz Processor","3 GB RAM, 64 GB inbuilt",5200 mAh Battery with 15W Fast Charging,"6.88 inches, 720 x 1650 px, 120 Hz Display with Water Drop Notch",32 MP Rear & 8 MP Front Camera,"Memory Card Supported, upto 2 TB",Android v15
481,Samsung Galaxy A27 5G,https://www.smartprix.com/mobiles/samsung-galaxy-a27-5g-ppd1cjhk0az6,"₹29,999",62,"Dual Sim, 3G, 4G, 5G, VoLTE, Wi-Fi, NFC",Octa Core Processor,"6 GB RAM, 128 GB inbuilt",5500 mAh Battery with 25W Fast Charging,"6.74 inches, 1080 x 2340 px, 120 Hz Display with Water Drop Notch",50 MP + 8 MP + 2 MP Triple Rear & 13 MP Front Camera,"Memory Card (Hybrid), upto 1 TB",Android v16
482,Nothing Phone 3a Pro (8GB RAM + 256GB),https://www.smartprix.com/mobiles/nothing-phone-3a-pro-8gb-ram-256gb-ppd15bmjepwq,"₹31,999",67,"Dual Sim, 3G, 4G, 5G, VoLTE, Wi-Fi, NFC","Snapdragon 7s Gen 3, Octa Core, 2.5 GHz Processor","8 GB RAM, 256 GB inbuilt",5000 mAh Battery with 50W Fast Charging,"6.77 inches, 1080 x 2392 px, 120 Hz Display with Punch Hole",50 MP + 50 MP + 8 MP Triple Rear & 50 MP Front Camera,Memory Card Not Supported,Android v15
483,Infinix Hot 50 5G (8 GB RAM + 128 GB),https://www.smartprix.com/mobiles/infinix-hot-50-5g-8-gb-ram-128-gb-ppd14ci5td9s,"₹10,999",54,"Dual Sim, 3G, 4G, 5G, VoLTE, Wi-Fi","Dimensity 6300, Octa Core, 2.4 GHz Processor","8 GB RAM, 128 GB inbuilt",5000 mAh Battery with 18W Fast Charging,"6.7 inches, 720 x 1600 px, 120 Hz Display with Punch Hole",48 MP + Depth Sensor Dual Rear & 8 MP Front Camera,"Memory Card (Hybrid), upto 1 TB",Android v14
484,Realme 15 5G,https://www.smartprix.com/mobiles/realme-15-5g-ppd19cqgh8ph,"₹24,999",64,"Dual Sim, 3G, 4G, 5G, VoLTE, Wi-Fi","Dimensity 7300 Plus, Octa Core Processor","8 GB RAM, 128 GB inbuilt",7000 mAh Battery with 80W Fast Charging,"6.8 inches, 1280 x 2800 px, 144 Hz Display with Punch Hole",50 MP + 8 MP Dual Rear & 50 MP Front Camera,Android v15,No FM Radio
485,Poco M6 Plus 5G (8GB RAM + 128GB),https://www.smartprix.com/mobiles/poco-m6-plus-5g-8gb-ram-128gb-ppd1fb88o4qj,"₹14,418",58,"Dual Sim, 3G, 4G, 5G, VoLTE, Wi-Fi, IR Blaster","Snapdragon 4 Gen2 AE, Octa Core, 2.3 GHz Processor","8 GB RAM, 128 GB inbuilt",5030 mAh Battery with 33W Fast Charging,"6.79 inches, 1080 x 2460 px, 120 Hz Display with Punch Hole",108 MP + 2 MP Dual Rear & 13 MP Front Camera,"Memory Card (Hybrid), upto 1 TB",Android v14
486,Samsung Galaxy Z Fold 7,https://www.smartprix.com/mobiles/samsung-galaxy-z-fold-7-ppd1h0forpp0,"₹1,74,999",93,"Dual Sim, 3G, 4G, 5G, VoLTE, Vo5G, Wi-Fi, NFC","Snapdragon 8 Elite for Galaxy, Octa Core, 4.47 GHz Processor","12 GB RAM, 256 GB inbuilt",4400 mAh Battery with 25W Fast Charging,"8 inches, 1968 x 2184 px, 120 Hz Display with Punch Hole","Foldable Display, Dual Display",200 MP + 12 MP + 10 MP Triple Rear & 10 MP + 10 MP Dual Front Camera,Android v16
487,Vivo V40 5G,https://www.smartprix.com/mobiles/vivo-v40-5g-ppd1m1s1mvgz,"₹34,999",70,"Dual Sim, 3G, 4G, 5G, VoLTE, Wi-Fi","Snapdragon 7 Gen3, Octa Core, 2.63 GHz Processor","8 GB RAM, 128 GB inbuilt",5500 mAh Battery with 80W Fast Charging,"6.78 inches, 1260 x 2800 px, 120 Hz Display with Punch Hole",50 MP + 50 MP Dual Rear & 50 MP Front Camera,Memory Card Not Supported,Android v14
488,Xiaomi Redmi 13C 5G,https://www.smartprix.com/mobiles/xiaomi-redmi-13c-5g-ppd1lo5ho5pm,"₹9,999",50,"Dual Sim, 3G, 4G, 5G, VoLTE, Wi-Fi","Dimensity 6100 Plus, Octa Core, 2.2 GHz Processor","4 GB RAM, 128 GB inbuilt",5000 mAh Battery with 18W Fast Charging,"6.74 inches, 720 x 1600 px, 90 Hz Display with Water Drop Notch",50 MP + Depth Sensor Dual Rear & 5 MP Front Camera,"Memory Card Supported, upto 1 TB",Android v13
489,Samsung Galaxy A16 5G,https://www.smartprix.com/mobiles/samsung-galaxy-a16-ppd1s5naykym,"₹16,999",57,"Dual Sim, 3G, 4G, 5G, VoLTE, Wi-Fi, NFC","Dimensity 6300, Octa Core, 2.4 GHz Processor","8 GB RAM, 128 GB inbuilt",5000 mAh Battery with 25W Fast Charging,"6.7 inches, 1080 x 2340 px, 90 Hz Display with Water Drop Notch",50 MP + 5 MP + 2 MP Triple Rear & 13 MP Front Camera,"Memory Card (Hybrid), upto 1.5 TB",Android v14
490,Samsung Galaxy S24 Plus,https://www.smartprix.com/mobiles/samsung-galaxy-s24-plus-ppd1dbt0q4j6,"₹59,999",77,"Dual Sim, 3G, 4G, 5G, VoLTE, Vo5G, Wi-Fi, NFC","Exynos 2400, Deca Core, 3.2 GHz Processor","12 GB RAM, 256 GB inbuilt",4900 mAh Battery with 45W Fast Charging,"6.7 inches, 1440 x 3120 px, 120 Hz Display with Punch Hole",50 MP + 12 MP + 10 MP Triple Rear & 12 MP Front Camera,Android v14,No FM Radio
491,Infinix Note Edge 5G (8GB RAM + 256GB),https://www.smartprix.com/mobiles/infinix-note-edge-5g-8gb-ram-256gb-ppd1maq8b7lx,"₹25,999",67,"Dual Sim, 3G, 4G, 5G, VoLTE, Wi-Fi, NFC, IR Blaster","Dimensity 7100, Octa Core, 2.4 GHz Processor","8 GB RAM, 256 GB inbuilt",6500 mAh Battery with 45W Fast Charging,"6.78 inches, 1208 x 2644 px, 120 Hz Display with Punch Hole",50 MP Dual Rear & 13 MP Front Camera,Android v16,Bluetooth
492,Red Magic 11 Air,https://www.smartprix.com/mobiles/red-magic-11-air-ppd1csz6rkb1,"₹46,990",75,"Dual Sim, 3G, 4G, 5G, VoLTE, Wi-Fi, NFC, IR Blaster","Snapdragon 8 Elite, Octa Core, 4.32 GHz Processor","12 GB RAM, 256 GB inbuilt",7000 mAh Battery with 120W Fast Charging,"6.85 inches, 1216 x 2688 px, 144 Hz Display",50 MP + 8 MP Dual Rear & 16 MP Front Camera,Android v16,No FM Radio
493,POCO C85 5G (6GB RAM + 128GB),https://www.smartprix.com/mobiles/poco-c85-5g-6gb-ram-128gb-ppd1x7kxreik,"₹12,819",58,"Dual Sim, 3G, 4G, 5G, VoLTE, Wi-Fi, NFC","Dimensity 6300, Octa Core, 2.4 GHz Processor","6 GB RAM, 128 GB inbuilt",6000 mAh Battery with 33W Fast Charging,"6.9 inches, 720 x 1600 px, 120 Hz Display with Punch Hole",50 MP Dual Rear & 8 MP Front Camera,"Memory Card (Hybrid), upto 1 TB",Android v15
494,iQOO 15 (16GB RAM + 512GB),https://www.smartprix.com/mobiles/iqoo-15-16gb-ram-512gb-ppd18rf6aacq,"₹79,998",94,"Dual Sim, 3G, 4G, 5G, VoLTE, Wi-Fi, NFC, IR Blaster","Snapdragon 8 Elite Gen 5, Octa Core, 4.6 GHz Processor","12 GB RAM, 512 GB inbuilt",7000 mAh Battery with 100W Fast Charging,"6.85 inches, 1440 x 3168 px, 144 Hz Display with Punch Hole",50 MP + 50 MP + 50 MP Triple Rear & 32 MP Front Camera,Android v16,No FM Radio
495,OnePlus 16R 5G,https://www.smartprix.com/mobiles/oneplus-16r-5g-ppd1onyecyo5,"₹50,999",80,"Dual Sim, 3G, 4G, 5G, VoLTE, Wi-Fi, NFC, IR Blaster",Octa Core Processor,"12 GB RAM, 256 GB inbuilt",7500 mAh Battery with 120W Fast Charging,"6.82 inches, 1264 x 2780 px, 165 Hz Display with Punch Hole",50 MP + 50 MP + 50 MP Triple Rear & 32 MP Front Camera,Memory Card Not Supported,Android v17
496,Realme GT 8 Pro Dream Edition,https://www.smartprix.com/mobiles/realme-gt-8-pro-aston-martin-f1-edition-ppd14msmwdbs,"₹79,999",95,"Dual Sim, 3G, 4G, 5G, VoLTE, Wi-Fi, NFC, IR Blaster","Snapdragon 8 Elite Gen 5, Octa Core, 4.6 GHz Processor","16 GB RAM, 512 GB inbuilt",7000 mAh Battery with 120W Fast Charging,"6.79 inches, 1440 x 3136 px, 144 Hz Display with Punch Hole",200 MP + 50 MP + 50 MP Triple Rear & 32 MP Front Camera,Memory Card Not Supported,Android v16
497,Vivo V60e (12GB RAM + 256GB),https://www.smartprix.com/mobiles/vivo-v60e-12gb-ram-256gb-ppd1iak6bovu,"₹35,999",77,"Dual Sim, 3G, 4G, 5G, VoLTE, Wi-Fi, NFC, IR Blaster","Dimensity 7360 Turbo, Octa Core, 2.5 GHz Processor","12 GB RAM, 256 GB inbuilt",6500 mAh Battery with 90W Fast Charging,"6.77 inches, 1080 x 2392 px, 120 Hz Display with Punch Hole",200 MP + 8 MP Dual Rear & 50 MP Front Camera,Memory Card Not Supported,Android v15
498,Apple iPhone 17 (512GB),https://www.smartprix.com/mobiles/apple-iphone-17-512gb-ppd1211326i8,"₹99,900",77,"Dual Sim, 3G, 4G, 5G, VoLTE, Wi-Fi, NFC","Apple A19, Hexa Core Processor","8 GB RAM, 512 GB inbuilt",3692 mAh Battery with Fast Charging,"6.3 inches, 1206 x 2622 px, 120 Hz Display with Small Notch",48 MP + 48 MP Dual Rear & 18 MP Front Camera,Memory Card Not Supported,iOS v26
499,Samsung Galaxy S25 FE (8GB RAM + 512GB),https://www.smartprix.com/mobiles/samsung-galaxy-s25-fe-8gb-ram-512gb-ppd1300sw7ug,"₹66,700",80,"Dual Sim, 3G, 4G, 5G, VoLTE, Vo5G, Wi-Fi, NFC","Exynos 2400, Deca Core, 3.2 GHz Processor","8 GB RAM, 512 GB inbuilt",4900 mAh Battery with 45W Fast Charging,"6.7 inches, 1080 x 2340 px, 120 Hz Display with Punch Hole",50 MP + 12 MP + 8 MP Triple Rear & 12 MP Front Camera,Memory Card Not Supported,Android v16
500,Samsung Galaxy A07 4G,https://www.smartprix.com/mobiles/samsung-galaxy-a07-4g-ppd1dc8cr0f6,"₹8,999",46,"Dual Sim, 3G, 4G, Wi-Fi","Helio G99, Octa Core, 2.2 GHz Processor","4 GB RAM, 64 GB inbuilt",5000 mAh Battery with 25W Fast Charging,"6.7 inches, 720 x 1600 px, 90 Hz Display with Water Drop Notch",50 MP + 2 MP Dual Rear & 8 MP Front Camera,Memory Card Supported,Android v15
501,Infinix Hot 60i 5G,https://www.smartprix.com/mobiles/infinix-hot-60i-5g-ppd19efnq7ln,"₹11,499",57,"Dual Sim, 3G, 4G, 5G, VoLTE, Wi-Fi, IR Blaster","Dimensity 6400, Octa Core, 2.5 GHz Processor","4 GB RAM, 128 GB inbuilt",6000 mAh Battery with 45W Fast Charging,"6.75 inches, 720 x 1600 px, 120 Hz Display with Water Drop Notch",50 MP Rear & 5 MP Front Camera,"Memory Card Supported, upto 2 TB",Android v15
502,iQOO Z10R (12GB RAM + 256GB),https://www.smartprix.com/mobiles/iqoo-z10r-12gb-ram-256gb-ppd1kzcs9jz2,"₹26,998",67,"Dual Sim, 3G, 4G, 5G, VoLTE, Vo5G, Wi-Fi","Dimensity 7400, Octa Core, 2.6 GHz Processor","12 GB RAM, 256 GB inbuilt",5700 mAh Battery with 44W Fast Charging,"6.77 inches, 1080 x 2392 px, 120 Hz Display with Punch Hole",50 MP + 2 MP Dual Rear & 32 MP Front Camera,Memory Card Not Supported,Android v15
503,Tecno Pova 7 5G (8GB RAM + 256GB),https://www.smartprix.com/mobiles/tecno-pova-7-5g-8gb-ram-256gb-ppd1f1g2iz8r,"₹15,999",62,"Dual Sim, 3G, 4G, 5G, VoLTE, Wi-Fi, NFC, IR Blaster","Dimensity 7300 Ultimate, Octa Core, 2.5 GHz Processor","8 GB RAM, 256 GB inbuilt",6000 mAh Battery with 45W Fast Charging,"6.78 inches, 1080 x 2460 px, 144 Hz Display with Punch Hole",50 MP Dual Rear & 13 MP Front Camera,"Memory Card (Hybrid), upto 1 TB",Android v15
504,Tecno Spark Go 2,https://www.smartprix.com/mobiles/tecno-spark-go-2-ppd1b087mrj4,"₹7,999",44,"Dual Sim, 3G, 4G, VoLTE, Wi-Fi, IR Blaster","Unisoc T7250, Octa Core, 1.8 GHz Processor","4 GB RAM, 64 GB inbuilt",5000 mAh Battery with 15W Fast Charging,"6.67 inches, 720 x 1600 px, 120 Hz Display with Punch Hole",13 MP Rear & 8 MP Front Camera,"Memory Card Supported, upto 1 TB",Android v15
505,POCO C71,https://www.smartprix.com/mobiles/poco-c71-ppd171dp4kpq,"₹7,739",45,"Dual Sim, 3G, 4G, VoLTE, Wi-Fi","Unisoc T7250, Octa Core, 1.8 GHz Processor","4 GB RAM, 64 GB inbuilt",5200 mAh Battery with 15W Fast Charging,"6.88 inches, 720 x 1640 px, 120 Hz Display with Water Drop Notch",32 MP Dual Rear & 8 MP Front Camera,"Memory Card Supported, upto 2 TB",Android v15
506,Xiaomi Redmi Turbo 5,https://www.smartprix.com/mobiles/xiaomi-redmi-turbo-5-ppd18yvko7hk,"₹29,990",72,"Dual Sim, 3G, 4G, 5G, VoLTE, Wi-Fi, NFC, IR Blaster","Dimensity 8500 Ultra, Octa Core, 3.4 GHz Processor","12 GB RAM, 256 GB inbuilt",7560 mAh Battery with 100W Fast Charging,"6.59 inches, 1268 x 2756 px, 120 Hz Display with Punch Hole",50 MP + 8 MP Dual Rear & 20 MP Front Camera,Android v16,No FM Radio
507,Realme P2 Pro (12GB RAM + 512GB),https://www.smartprix.com/mobiles/realme-p2-pro-12gb-ram-512gb-ppd1kxflym8f,"₹23,999",66,"Dual Sim, 3G, 4G, 5G, VoLTE, Wi-Fi","Snapdragon 7s Gen 2, Octa Core, 2.4 GHz Processor","12 GB RAM, 512 GB inbuilt",5200 mAh Battery with 80W Fast Charging,"6.7 inches, 1080 x 2412 px, 120 Hz Display with Punch Hole",50 MP + 8 MP Dual Rear & 32 MP Front Camera,Android v14,No FM Radio
508,OnePlus Nord 4 5G (8GB RAM + 256GB),https://www.smartprix.com/mobiles/oneplus-nord-4-5g-8gb-ram-256gb-ppd19r4nxnng,"₹29,249",70,"Dual Sim, 3G, 4G, 5G, VoLTE, Wi-Fi, NFC, IR Blaster","Snapdragon 7+ Gen3, Octa Core, 2.8 GHz Processor","8 GB RAM, 256 GB inbuilt",5500 mAh Battery with 100W Fast Charging,"6.74 inches, 1240 x 2772 px, 120 Hz Display with Punch Hole",50 MP + 8 MP Dual Rear & 16 MP Front Camera,Android v14,No FM Radio
509,Samsung Galaxy F06 5G,https://www.smartprix.com/mobiles/samsung-galaxy-f06-ppd18k9xb18v,"₹10,580",49,"Dual Sim, 3G, 4G, 5G, VoLTE, Wi-Fi","Dimensity 6300, Octa Core, 2.4 GHz Processor","4 GB RAM, 128 GB inbuilt",5000 mAh Battery with 25W Fast Charging,"6.7 inches, 720 x 1600 px Display with Water Drop Notch",50 MP + 2 MP Dual Rear & 8 MP Front Camera,"Memory Card (Hybrid), upto 1 TB",Android v15
510,Oppo F29 Pro 5G,https://www.smartprix.com/mobiles/oppo-f29-pro-5g-ppd1ajpoh3f8,"₹23,999",63,"Dual Sim, 3G, 4G, 5G, VoLTE, Wi-Fi","Dimensity 7300, Octa Core, 2.5 GHz Processor","8 GB RAM, 128 GB inbuilt",6000 mAh Battery with 80W Fast Charging,"6.7 inches, 1080 x 2412 px, 120 Hz Display with Punch Hole",50 MP + 2 MP Dual Rear & 16 MP Front Camera,Android v14,No FM Radio
511,OPPO Reno 11,https://www.smartprix.com/mobiles/oppo-reno-11-ppd1mpldu89z,"₹27,200",70,"Dual Sim, 3G, 4G, 5G, VoLTE, Wi-Fi, NFC, IR Blaster","Dimensity 7050, Octa Core, 2.6 GHz Processor","8 GB RAM, 128 GB inbuilt",5000 mAh Battery with 67W Fast Charging,"6.7 inches, 1080 x 2412 px, 120 Hz Display with Punch Hole",50 MP + 32 MP + 8 MP Triple Rear & 32 MP Front Camera,"Memory Card (Hybrid), upto 2 TB",Android v14
512,Xiaomi 14,https://www.smartprix.com/mobiles/xiaomi-14-ppd1pfyxkip3,"₹59,990",88,"Dual Sim, 3G, 4G, 5G, VoLTE, Vo5G, Wi-Fi, NFC, IR Blaster","Snapdragon 8 Gen3, Octa Core, 3.3 GHz Processor","12 GB RAM, 512 GB inbuilt",4610 mAh Battery with 90W Fast Charging,"6.36 inches, 1200 x 2670 px, 120 Hz Display with Punch Hole",50 MP + 50 MP + 50 MP Triple Rear & 32 MP Front Camera,Memory Card Not Supported,Android v14
513,Samsung Galaxy M35 5G,https://www.smartprix.com/mobiles/samsung-galaxy-m35-ppd1u8vfoq3e,"₹22,999",61,"Dual Sim, 3G, 4G, 5G, VoLTE, Wi-Fi, NFC","Exynos 1380, Octa Core, 2.4 GHz Processor","6 GB RAM, 128 GB inbuilt",6000 mAh Battery with 25W Fast Charging,"6.6 inches, 1080 x 2340 px, 120 Hz Display with Punch Hole",50 MP + 8 MP + 2 MP Triple Rear & 13 MP Front Camera,"Memory Card (Hybrid), upto 1 TB",Android v14
514,Xiaomi Redmi Note 11S (8GB RAM + 128GB),https://www.smartprix.com/mobiles/xiaomi-redmi-note-11s-8gb-ram-128gb-ppd1l85jdqqq,"₹11,500",55,"Dual Sim, 3G, 4G, VoLTE, Wi-Fi, IR Blaster","Helio  G96, Octa Core, 2.05 GHz Processor","8 GB RAM, 128 GB inbuilt",5000 mAh Battery with 33W Fast Charging,"6.43 inches, 1080 x 2400 px, 90 Hz Display with Punch Hole",108 MP Quad Rear & 16 MP Front Camera,"Memory Card Supported, upto 512 GB",Android v11
515,Google Pixel 6A,https://www.smartprix.com/mobiles/google-pixel-6a-ppd1zy6mxfil,"₹21,899",49,"Dual Sim, 3G, 4G, 5G, VoLTE, Wi-Fi, NFC","Google  Tensor, Octa Core Processor","6 GB RAM, 128 GB inbuilt",4410 mAh Battery with Fast Charging,"6.14 inches, 1080 x 2400 px Display with Punch Hole",12.2 MP + 12 MP Dual Rear & 8 MP Front Camera,Memory Card Not Supported,Android v12
516,Samsung Galaxy A82 5G,https://www.smartprix.com/mobiles/samsung-galaxy-a82-5g-ppd13025ezos,"₹39,990",67,"Dual Sim, 3G, 4G, 5G, VoLTE, Wi-Fi, NFC","Snapdragon 855+, Octa Core, 2.96 GHz Processor","6 GB RAM, 128 GB inbuilt",4500 mAh Battery with 25W Fast Charging,"6.71 inches, 1440 x 3200 px, 120 Hz Display with Punch Hole",64 MP + 12 MP + 5 MP Triple Rear & 10 MP Front Camera,"Memory Card Supported, upto 1 TB",Android v11
517,OPPO K15,https://www.smartprix.com/mobiles/oppo-k15-ppd1smw4g1qz,"₹23,999",63,"Dual Sim, 3G, 4G, 5G, VoLTE, Wi-Fi, IR Blaster",Octa Core Processor,"8 GB RAM, 128 GB inbuilt",7500 mAh Battery with 100W Fast Charging,"6.67 inches, 1080 x 2400 px, 120 Hz Display with Punch Hole",50 MP + 2 MP Dual Rear & 32 MP Front Camera,Android v16,No FM Radio
518,Tecno Camon 50 Pro 4G,https://www.smartprix.com/mobiles/tecno-camon-50-pro-4g-ppd12qdlactq,"₹29,990",61,"Dual Sim, 3G, 4G, Wi-Fi, NFC, IR Blaster","Helio G200, Octa Core, 2.2 GHz Processor","8 GB RAM, 256 GB inbuilt",6150 mAh Battery,"6.78 inches, 1208 x 2644 px, 144 Hz Display",50 MP + 50 MP + 8 MP Triple Rear & 32 MP Front Camera,Android v16,Bluetooth
519,Oppo Reno 15 Pro Mini (12GB RAM + 512GB),https://www.smartprix.com/mobiles/oppo-reno-15-pro-mini-12gb-ram-512gb-ppd1k08hbp6f,"₹64,999",85,"Dual Sim, 3G, 4G, 5G, VoLTE, Wi-Fi, IR Blaster","Dimensity 8450, Octa Core, 3.25 GHz Processor","12 GB RAM, 512 GB inbuilt",6200 mAh Battery with 80W Fast Charging,"6.32 inches, 1216 x 2640 px, 120 Hz Display with Punch Hole",200 MP + 50 MP + 50 MP Triple Rear & 50 MP Front Camera,Android v16,No FM Radio
520,Realme 16 Pro Plus 5G (12GB RAM + 512GB),https://www.smartprix.com/mobiles/realme-16-pro-plus-5g-12gb-ram-512gb-ppd1hxa7is3c,"₹51,999",83,"Dual Sim, 3G, 4G, 5G, VoLTE, Wi-Fi, NFC, IR Blaster","Snapdragon 7 Gen4, Octa Core, 2.8 GHz Processor","12 GB RAM, 512 GB inbuilt",7000 mAh Battery with 80W Fast Charging,"6.8 inches, 1280 x 2800 px, 144 Hz Display with Punch Hole",200 MP + 50 MP + 8 MP Triple Rear & 50 MP Front Camera,Android v16,No FM Radio
521,Oppo Reno 15F,https://www.smartprix.com/mobiles/oppo-reno-15f-ppd1j4ror5ba,"₹39,999",68,"Dual Sim, 3G, 4G, 5G, Wi-Fi, NFC","Snapdragon 6 Gen1, Octa Core, 2.2 GHz Processor","8 GB RAM, 128 GB inbuilt",7000 mAh Battery with 80W Fast Charging,"6.57 inches, 1080 x 2372 px, 120 Hz Display",50 MP + 8 MP + 2 MP Triple Rear & 50 MP Front Camera,Memory Card Supported,Android v16
522,Lava Bold 2,https://www.smartprix.com/mobiles/lava-bold-2-ppd12dj4kdtl,"₹13,999",58,"Dual Sim, 3G, 4G, 5G, VoLTE, Vo5G, Wi-Fi","Dimensity 7060, Octa Core Processor","6 GB RAM, 128 GB inbuilt",5000 mAh Battery with 33W Fast Charging,"6.67 inches, 1080 x 2400 px, 120 Hz Display with Punch Hole",64 MP + 2 MP Dual Rear & 16 MP Front Camera,Memory Card (Hybrid),Android v16
523,Poco F8 Pro,https://www.smartprix.com/mobiles/poco-f8-pro-ppd1cjol5eyw,"₹44,990",81,"Dual Sim, 3G, 4G, 5G, VoLTE, Wi-Fi, NFC, IR Blaster","Snapdragon 8 Elite, Octa Core, 4.32 GHz Processor","12 GB RAM, 256 GB inbuilt",6210 mAh Battery with 100W Fast Charging,"6.59 inches, 1156 x 2510 px, 120 Hz Display with Punch Hole",50 MP + 50 MP + 8 MP Triple Rear & 20 MP Front Camera,Android v16,No FM Radio
524,Samsung Galaxy M17 5G (8GB RAM + 128GB),https://www.smartprix.com/mobiles/samsung-galaxy-m17-5g-8gb-ram-128gb-ppd13vkojlb2,"₹16,999",57,"Dual Sim, 3G, 4G, 5G, VoLTE, Wi-Fi, NFC","Exynos 1330, Octa Core, 2.4 GHz Processor","8 GB RAM, 128 GB inbuilt",5000 mAh Battery with 25W Fast Charging,"6.7 inches, 1080 x 2340 px, 90 Hz Display with Water Drop Notch",50 MP + 5 MP + 2 MP Triple Rear & 13 MP Front Camera,"Memory Card (Hybrid), upto 2 TB",Android v15
525,Samsung Galaxy F07,https://www.smartprix.com/mobiles/samsung-galaxy-f07-ppd1wrj5mlbl,"₹8,399",45,"Dual Sim, 3G, 4G, Wi-Fi","Helio G99, Octa Core, 2.2 GHz Processor","4 GB RAM, 64 GB inbuilt",5000 mAh Battery with 25W Fast Charging,"6.7 inches, 720 x 1600 px Display with Water Drop Notch",50 MP + 2 MP Dual Rear & 8 MP Front Camera,Memory Card Supported,Android v15
526,Tecno Pova Curve 5G (8GB RAM + 256GB),https://www.smartprix.com/mobiles/tecno-pova-curve-5g-8gb-ram-256gb-ppd1pqmgymln,"₹18,990",63,"Dual Sim, 3G, 4G, 5G, VoLTE, Wi-Fi, NFC, IR Blaster","Dimensity 7300 Ultimate, Octa Core, 2.5 GHz Processor","8 GB RAM, 256 GB inbuilt",5500 mAh Battery with 45W Fast Charging,"6.78 inches, 1080 x 2436 px, 144 Hz Display with Punch Hole",64 MP + AI Camera Dual Rear & 13 MP Front Camera,Android v15,Bluetooth
527,Samsung Galaxy F17 5G (6GB RAM + 128GB),https://www.smartprix.com/mobiles/samsung-galaxy-f17-5g-6gb-ram-128gb-ppd1x6iplrc5,"₹15,800",57,"Dual Sim, 3G, 4G, 5G, VoLTE, Wi-Fi, NFC","Exynos 1330, Octa Core, 2.4 GHz Processor","6 GB RAM, 128 GB inbuilt",5000 mAh Battery with 25W Fast Charging,"6.7 inches, 1080 x 2340 px, 90 Hz Display with Water Drop Notch",50 MP + 5 MP + 2 MP Triple Rear & 13 MP Front Camera,"Memory Card (Hybrid), upto 2 TB",Android v15
528,Honor Play 10C,https://www.smartprix.com/mobiles/honor-play-10c-ppd1hgwq20vd,"₹7,999",45,"Dual Sim, 3G, 4G, 5G, Wi-Fi","Dimensity 6300, Octa Core, 2.4 GHz Processor","4 GB RAM, 128 GB inbuilt",6000 mAh Battery with 15W Fast Charging,"6.61 inches, 720 x 1604 px, 120 Hz Display with Punch Hole",13 MP Rear & 5 MP Front Camera,Android v15,No FM Radio
529,Infinix Hot 60 Pro Plus,https://www.smartprix.com/mobiles/infinix-hot-60-pro-plus-ppd1vf21mia6,"₹19,990",57,"Dual Sim, 3G, 4G, Wi-Fi, NFC, IR Blaster","Helio G200, Octa Core, 2.2 GHz Processor","8 GB RAM, 128 GB inbuilt",5160 mAh Battery with 45W Fast Charging,"6.78 inches, 1224 x 2720 px, 144 Hz Display with Punch Hole",50 MP Rear & 13 MP Front Camera,Android v15,Bluetooth
530,OPPO Reno 14 5G (12GB RAM + 256GB),https://www.smartprix.com/mobiles/oppo-reno-14-5g-12gb-ram-256gb-ppd1gpjl6iap,"₹39,999",76,"Dual Sim, 3G, 4G, 5G, VoLTE, Wi-Fi, IR Blaster","Dimensity 8350, Octa Core, 3.35 GHz Processor","12 GB RAM, 256 GB inbuilt",6000 mAh Battery with 80W Fast Charging,"6.59 inches, 1256 x 2760 px, 120 Hz Display with Punch Hole",50 MP + 50 MP + 8 MP Triple Rear & 50 MP Front Camera,Android v15,No FM Radio
531,OnePlus 13s (12GB RAM + 512GB),https://www.smartprix.com/mobiles/oneplus-13s-12gb-ram-512gb-ppd1lys09ckv,"₹55,999",81,"Dual Sim, 3G, 4G, 5G, VoLTE, Vo5G, Wi-Fi, NFC, IR Blaster","Snapdragon 8 Elite, Octa Core, 4.32 GHz Processor","12 GB RAM, 512 GB inbuilt",5850 mAh Battery with 80W Fast Charging,"6.32 inches, 1216 x 2640 px, 120 Hz Display with Punch Hole",50 MP + 50 MP Dual Rear & 32 MP Front Camera,Memory Card Not Supported,Android v15
532,Vivo T4 5G (12GB RAM + 256GB),https://www.smartprix.com/mobiles/vivo-t4-5g-12gb-ram-256gb-ppd1bufa0983,"₹27,200",68,"Dual Sim, 3G, 4G, 5G, VoLTE, Wi-Fi, IR Blaster","Snapdragon 7s Gen3, Octa Core, 2.5 GHz Processor","12 GB RAM, 256 GB inbuilt",7300 mAh Battery with 90W Fast Charging,"6.77 inches, 1080 x 2392 px, 120 Hz Display with Punch Hole",50 MP + 2 MP Dual Rear & 32 MP Front Camera,Memory Card Not Supported,Android v15
533,Samsung Galaxy A56 5G (12GB RAM + 256GB),https://www.smartprix.com/mobiles/samsung-galaxy-a56-5g-12gb-ram-256gb-ppd1cbfsvy8y,"₹46,999",67,"Dual Sim, 3G, 4G, 5G, VoLTE, Wi-Fi, NFC","Exynos 1580, Octa Core, 2.9 GHz Processor","12 GB RAM, 256 GB inbuilt",5000 mAh Battery with 45W Fast Charging,"6.7 inches, 1080 x 2340 px, 120 Hz Display with Punch Hole",50 MP + 12 MP + 5 MP Triple Rear & 12 MP Front Camera,Android v15,No FM Radio
534,Vivo V50 5G (8GB RAM + 256GB),https://www.smartprix.com/mobiles/vivo-v50-5g-8gb-ram-256gb-ppd1ccc05v2p,"₹31,799",70,"Dual Sim, 3G, 4G, 5G, VoLTE, Wi-Fi","Snapdragon 7 Gen3, Octa Core, 2.63 GHz Processor","8 GB RAM, 256 GB inbuilt",6000 mAh Battery with 90W Fast Charging,"6.77 inches, 1080 x 2392 px, 120 Hz Display with Punch Hole",50 MP + 50 MP Dual Rear & 50 MP Front Camera,Memory Card Not Supported,Android v15
535,Xiaomi Redmi Note 14 (8GB RAM + 256GB),https://www.smartprix.com/mobiles/xiaomi-redmi-note-14-8gb-ram-256gb-ppd1ef8xwtua,"₹17,913",63,"Dual Sim, 3G, 4G, 5G, VoLTE, Wi-Fi, IR Blaster","Dimensity 7025 Ultra, Octa Core, 2.5 GHz Processor","8 GB RAM, 256 GB inbuilt",5110 mAh Battery with 45W Fast Charging,"6.67 inches, 1080 x 2400 px, 120 Hz Display with Punch Hole",50 MP + 8 MP + 2 MP Triple Rear & 20 MP Front Camera,"Memory Card (Hybrid), upto 1 TB",Android v14
536,OnePlus 13 (24GB RAM+ 1TB),https://www.smartprix.com/mobiles/oneplus-13-24gb-ram-ppd1dsj15khx,"₹89,990",90,"Dual Sim, 3G, 4G, 5G, VoLTE, Vo5G, Wi-Fi, NFC, IR Blaster","Snapdragon 8 Elite, Octa Core, 4.32 GHz Processor","24 GB RAM, 1 TB inbuilt",6000 mAh Battery with 100W Fast Charging,"6.82 inches, 1440 x 3168 px, 120 Hz Display with Punch Hole",50 MP + 50 MP + 50 MP Triple Rear & 32 MP Front Camera,Memory Card Not Supported,Android v15
537,Infinix Hot 50 5G,https://www.smartprix.com/mobiles/infinix-hot-50-5g-ppd10iazlnzn,"₹9,999",53,"Dual Sim, 3G, 4G, 5G, VoLTE, Wi-Fi","Dimensity 6300, Octa Core, 2.4 GHz Processor","4 GB RAM, 128 GB inbuilt",5000 mAh Battery with 18W Fast Charging,"6.7 inches, 720 x 1600 px, 120 Hz Display with Punch Hole",48 MP + Depth Sensor Dual Rear & 8 MP Front Camera,"Memory Card (Hybrid), upto 1 TB",Android v14
538,iQOO Z9s 5G,https://www.smartprix.com/mobiles/iqoo-z9s-5g-ppd1n604i2oi,"₹25,999",62,"Dual Sim, 3G, 4G, 5G, VoLTE, Wi-Fi","Dimensity 7300, Octa Core, 2.5 GHz Processor","8 GB RAM, 128 GB inbuilt",5500 mAh Battery with 44W Fast Charging,"6.77 inches, 1080 x 2392 px, 120 Hz Display with Punch Hole",50 MP + 2 MP Dual Rear & 16 MP Front Camera,Android v14,Bluetooth
539,Realme GT 7 Pro 5G,https://www.smartprix.com/mobiles/realme-gt-7-pro-5g-ppd1w3k94nks,"₹47,999",79,"Dual Sim, 3G, 4G, 5G, VoLTE, Wi-Fi, NFC, IR Blaster","Snapdragon 8 Elite, Octa Core, 4.32 GHz Processor","12 GB RAM, 256 GB inbuilt",5800 mAh Battery with 120W Fast Charging,"6.78 inches, 1264 x 2780 px, 120 Hz Display with Punch Hole",50 MP + 50 MP + 8 MP Triple Rear & 16 MP Front Camera,Memory Card Not Supported,Android v15
540,Realme Narzo 80x 5G,https://www.smartprix.com/mobiles/realme-narzo-80x-5g-ppd1uwn3tl4c,"₹13,999",57,"Dual Sim, 3G, 4G, 5G, VoLTE, Wi-Fi","Dimensity 6400, Octa Core, 2.5 GHz Processor","6 GB RAM, 128 GB inbuilt",6000 mAh Battery with 45W Fast Charging,"6.72 inches, 1080 x 2400 px, 120 Hz Display with Punch Hole",50 MP + 2 MP Dual Rear & 8 MP Front Camera,Memory Card (Hybrid),Android v15
541,Xiaomi Redmi A4 5G,https://www.smartprix.com/mobiles/xiaomi-redmi-a4-ppd1jnhjrthe,"₹10,999",50,"Dual Sim, 3G, 4G, 5G, VoLTE, Wi-Fi","Snapdragon 4s Gen2, Octa Core, 2 GHz Processor","4 GB RAM, 64 GB inbuilt",5160 mAh Battery with 18W Fast Charging,"6.88 inches, 720 x 1640 px, 120 Hz Display with Water Drop Notch",50 MP Dual Rear & 5 MP Front Camera,"Memory Card Supported, upto 1 TB",Android v14
542,Samsung Galaxy S24 Ultra (12GB RAM + 512GB),https://www.smartprix.com/mobiles/samsung-galaxy-s24-ultra-12gb-ram-512gb-ppd1x08dfro0,"₹1,29,999",84,"Dual Sim, 3G, 4G, 5G, VoLTE, Vo5G, Wi-Fi, NFC","Snapdragon 8 Gen3, Octa Core, 3.3 GHz Processor","12 GB RAM, 512 GB inbuilt",5000 mAh Battery with 45W Fast Charging,"6.8 inches, 1440 x 3120 px, 120 Hz Display with Punch Hole",200 MP Quad Rear & 12 MP Front Camera,Memory Card Not Supported,Android v14
543,Poco X6 Pro 5G (12GB RAM + 512GB),https://www.smartprix.com/mobiles/poco-x6-pro-5g-12gb-ram-512gb-ppd1sdizcro5,"₹28,999",71,"Dual Sim, 3G, 4G, 5G, VoLTE, Wi-Fi, NFC, IR Blaster","Dimensity 8300 Ultra, Octa Core, 3.35 GHz Processor","12 GB RAM, 512 GB inbuilt",5000 mAh Battery with 67W Fast Charging,"6.67 inches, 1220 x 2712 px, 120 Hz Display with Punch Hole",64 MP + 8 MP + 2 MP Triple Rear & 16 MP Front Camera,Android v14,No FM Radio
544,Honor Magic 6 Pro,https://www.smartprix.com/mobiles/honor-magic-6-pro-ppd17r94gmtf,"₹79,999",81,"Dual Sim, 3G, 4G, 5G, VoLTE, Wi-Fi, NFC, IR Blaster","Snapdragon 8 Gen3, Octa Core, 3.3 GHz Processor","12 GB RAM, 512 GB inbuilt",5600 mAh Battery with 80W Fast Charging,"6.8 inches, 1280 x 2800 px, 120 Hz Display with Punch Hole",180 MP + 50 MP + 50 MP Triple Rear & 50 MP Front Camera,Android v14,No FM Radio
545,Samsung Galaxy M55,https://www.smartprix.com/mobiles/samsung-galaxy-m55-ppd1o4lqf013,"₹18,699",62,"Dual Sim, 3G, 4G, 5G, VoLTE, Wi-Fi, NFC","Snapdragon 7 Gen1, Octa Core, 2.4 GHz Processor","8 GB RAM, 128 GB inbuilt",5000 mAh Battery with 45W Fast Charging,"6.67 inches, 1080 x 2400 px, 120 Hz Display with Punch Hole",50 MP + 8 MP + 2 MP Triple Rear & 50 MP Front Camera,"Memory Card (Hybrid), upto 1 TB",Android v14
546,Tesla Pi Phone,https://www.smartprix.com/mobiles/tesla-pi-phone-ppd1brcdf3nu,"₹69,999",80,"Dual Sim, 3G, 4G, 5G, VoLTE, Wi-Fi, NFC",Octa Core Processor,"16 GB RAM, 512 GB inbuilt",5000 mAh Battery with 120W Fast Charging,"6.73 inches, 1080 x 2448 px, 165 Hz Display",50 MP + 50 MP + 50 MP Triple Rear & 32 MP Front Camera,Memory Card Not Supported,Android v16
547,OnePlus 11R 5G,https://www.smartprix.com/mobiles/oneplus-11r-5g-ppd13nudxzb0,"₹30,299",66,"Dual Sim, 3G, 4G, 5G, VoLTE, Wi-Fi, NFC, IR Blaster","Snapdragon 8+ Gen1, Octa Core, 3.2 GHz Processor","8 GB RAM, 128 GB inbuilt",5000 mAh Battery with 100W Fast Charging,"6.74 inches, 1240 x 2772 px, 120 Hz Display with Punch Hole",50 MP + 8 MP + 2 MP Triple Rear & 16 MP Front Camera,Android v13,No FM Radio
548,Poco X6 Pro 5G,https://www.smartprix.com/mobiles/poco-x6-pro-5g-ppd1xlkok5bn,"₹23,999",70,"Dual Sim, 3G, 4G, 5G, VoLTE, Wi-Fi, NFC, IR Blaster","Dimensity 8300 Ultra, Octa Core, 3.35 GHz Processor","8 GB RAM, 256 GB inbuilt",5000 mAh Battery with 67W Fast Charging,"6.67 inches, 1220 x 2712 px, 120 Hz Display with Punch Hole",64 MP + 8 MP + 2 MP Triple Rear & 16 MP Front Camera,Android v14,No FM Radio
549,Realme 17 Pro Plus 5G,https://www.smartprix.com/mobiles/realme-17-pro-plus-5g-ppd1d792l6mv,"₹42,990",79,"Dual Sim, 3G, 4G, 5G, VoLTE, Wi-Fi, NFC, IR Blaster",Octa Core Processor,"8 GB RAM, 128 GB inbuilt",8000 mAh Battery with 80W Fast Charging,"6.8 inches, 1280 x 2800 px, 144 Hz Display with Punch Hole",200 MP + 50 MP + 50 MP Triple Rear & 50 MP Front Camera,Android v17,No FM Radio
550,Realme 17 Pro 5G,https://www.smartprix.com/mobiles/realme-17-pro-5g-ppd1w4lui0eo,"₹33,990",75,"Dual Sim, 3G, 4G, 5G, VoLTE, Wi-Fi",Octa Core Processor,"8 GB RAM, 128 GB inbuilt",7500 mAh Battery with 100W Fast Charging,"6.83 inches, 1272 x 2772 px, 144 Hz Display with Punch Hole",200 MP + 50 MP Dual Rear & 50 MP Front Camera,Memory Card Not Supported,Android v17
551,Xiaomi Redmi Note 15 Pro Plus (12GB RAM + 256GB),https://www.smartprix.com/mobiles/xiaomi-redmi-note-15-pro-plus-12gb-ram-256gb-ppd1eja7thjp,"₹39,999",79,"Dual Sim, 3G, 4G, 5G, VoLTE, Wi-Fi, NFC, IR Blaster","Snapdragon 7s Gen4, Octa Core, 2.7 GHz Processor","12 GB RAM, 256 GB inbuilt",6500 mAh Battery with 100W Fast Charging,"6.83 inches, 1280 x 2772 px, 120 Hz Display with Punch Hole",200 MP + 8 MP Dual Rear & 32 MP Front Camera,Memory Card Not Supported,Android v15
552,Realme 16 Pro 5G (12GB RAM + 256GB),https://www.smartprix.com/mobiles/realme-16-pro-5g-12gb-ram-256gb-ppd10cm6tvp8,"₹39,999",79,"Dual Sim, 3G, 4G, 5G, VoLTE, Wi-Fi","Dimensity 7300 Max, Octa Core Processor","12 GB RAM, 256 GB inbuilt",7000 mAh Battery with 80W Fast Charging,"6.78 inches, 1272 x 2772 px, 144 Hz Display with Punch Hole",200 MP + 8 MP Dual Rear & 50 MP Front Camera,Memory Card Not Supported,Android v16
553,Realme 16 Pro 5G (8GB RAM + 256GB),https://www.smartprix.com/mobiles/realme-16-pro-5g-8gb-ram-256gb-ppd1wpk0dd6h,"₹36,999",77,"Dual Sim, 3G, 4G, 5G, VoLTE, Wi-Fi","Dimensity 7300 Max, Octa Core Processor","8 GB RAM, 256 GB inbuilt",7000 mAh Battery with 80W Fast Charging,"6.78 inches, 1272 x 2772 px, 144 Hz Display with Punch Hole",200 MP + 8 MP Dual Rear & 50 MP Front Camera,Memory Card Not Supported,Android v16
554,Xiaomi Redmi 15C 5G (8GB RAM + 128GB),https://www.smartprix.com/mobiles/xiaomi-redmi-15c-5g-8gb-ram-128gb-ppd1r1uxejq4,"₹15,189",58,"Dual Sim, 3G, 4G, 5G, VoLTE, Wi-Fi","Dimensity 6300, Octa Core, 2.4 GHz Processor","8 GB RAM, 128 GB inbuilt",6000 mAh Battery with 33W Fast Charging,"6.9 inches, 720 x 1600 px, 120 Hz Display with Punch Hole",50 MP + Auxiliary lens Dual Rear & 8 MP Front Camera,"Memory Card Supported, upto 1 TB",Android v15
555,Samsung Galaxy F17 5G (8GB RAM + 128GB),https://www.smartprix.com/mobiles/samsung-galaxy-f17-5g-8gb-ram-128gb-ppd1pkdht6uh,"₹19,999",59,"Dual Sim, 3G, 4G, 5G, VoLTE, Wi-Fi, NFC","Exynos 1330, Octa Core, 2.4 GHz Processor","8 GB RAM, 128 GB inbuilt",5000 mAh Battery with 25W Fast Charging,"6.7 inches, 1080 x 2340 px, 90 Hz Display with Water Drop Notch",50 MP + 5 MP + 2 MP Triple Rear & 13 MP Front Camera,"Memory Card (Hybrid), upto 2 TB",Android v15
556,Honor 500,https://www.smartprix.com/mobiles/honor-500-ppd1tt0tgw1s,"₹39,990",76,"Dual Sim, 3G, 4G, 5G, VoLTE, Wi-Fi, NFC, IR Blaster","Snapdragon 8s Gen4, Octa Core, 3.2 GHz Processor","12 GB RAM, 256 GB inbuilt",8000 mAh Battery with 80W Fast Charging,"6.55 inches, 1264 x 2736 px, 120 Hz Display with Punch Hole",200 MP + 12 MP Dual Rear & 50 MP Front Camera,Android v16,No FM Radio
557,iQOO 16,https://www.smartprix.com/mobiles/iqoo-16-ppd1yg7x7789,"₹74,990",85,"Dual Sim, 3G, 4G, 5G, VoLTE, Wi-Fi, NFC, IR Blaster","Snapdragon 8 Elite Gen 6, Octa Core Processor","12 GB RAM, 256 GB inbuilt",7500 mAh Battery with 150W Fast Charging,"6.89 inches, 1440 x 3168 px, 165 Hz Display with Punch Hole",50 MP Quad Rear & 50 MP Front Camera,Android v16,No FM Radio
558,Oppo F31 5G (8GB RAM + 256GB),https://www.smartprix.com/mobiles/oppo-f31-5g-8gb-ram-256gb-ppd1p1i4oovt,"₹28,999",66,"Dual Sim, 3G, 4G, 5G, VoLTE, Wi-Fi, IR Blaster","Dimensity 6300, Octa Core, 2.4 GHz Processor","8 GB RAM, 256 GB inbuilt",7000 mAh Battery with 80W Fast Charging,"6.57 inches, 1080 x 2412 px, 120 Hz Display with Punch Hole",50 MP + 2 MP Dual Rear & 16 MP Front Camera,Memory Card (Hybrid),Android v15
559,Apple iPhone 17 Pro Max (1TB),https://www.smartprix.com/mobiles/apple-iphone-17-pro-max-1tb-ppd1l68zrrkn,"₹1,89,900",83,"Dual Sim, 3G, 4G, 5G, VoLTE, Wi-Fi, NFC","Apple A19 Pro, Hexa Core Processor","12 GB RAM, 1 TB inbuilt",4832 mAh Battery with Fast Charging,"6.9 inches, 1320 x 2868 px, 120 Hz Display with Dynamic Island",48 MP + 48 MP + 48 MP Triple Rear & 18 MP Front Camera,Memory Card Not Supported,iOS v26
560,Samsung Galaxy F36 5G (8GB RAM + 256GB),https://www.smartprix.com/mobiles/samsung-galaxy-f36-5g-8gb-ram-256gb-ppd1yjs4wfht,"₹22,999",64,"Dual Sim, 3G, 4G, 5G, VoLTE, Wi-Fi, NFC","Exynos 1380, Octa Core, 2.4 GHz Processor","8 GB RAM, 256 GB inbuilt",5000 mAh Battery with 25W Fast Charging,"6.7 inches, 1080 x 2340 px, 120 Hz Display with Water Drop Notch",50 MP + 8 MP + 2 MP Triple Rear & 13 MP Front Camera,"Memory Card (Hybrid), upto 2 TB",Android v15
561,Realme P4 Pro 5G (8GB RAM + 256GB),https://www.smartprix.com/mobiles/realme-p4-pro-5g-8gb-ram-256gb-ppd1nm29gkob,"₹28,999",72,"Dual Sim, 3G, 4G, 5G, VoLTE, Wi-Fi, IR Blaster","Snapdragon 7 Gen 4, Octa Core Processor","8 GB RAM, 256 GB inbuilt",7000 mAh Battery with 80W Fast Charging,"6.8 inches, 1280 x 2800 px, 144 Hz Display with Punch Hole",50 MP + 8 MP Dual Rear & 50 MP Front Camera,Android v15,No FM Radio
562,Oppo K13 Turbo Pro,https://www.smartprix.com/mobiles/oppo-k13-turbo-pro-ppd1rubxxjhp,"₹34,999",71,"Dual Sim, 3G, 4G, 5G, VoLTE, Wi-Fi, IR Blaster","Snapdragon 8s Gen4, Octa Core, 3.2 GHz Processor","8 GB RAM, 256 GB inbuilt",7000 mAh Battery with 80W Fast Charging,"6.8 inches, 1280 x 2800 px, 120 Hz Display with Punch Hole",50 MP + 2 MP Dual Rear & 16 MP Front Camera,Memory Card Not Supported,Android v15
563,Ai+ Nova 5G (8GB RAM + 128GB),https://www.smartprix.com/mobiles/ai-nova-5g-8gb-ram-128gb-ppd1tkjvtvic,"₹10,419",53,"Dual Sim, 3G, 4G, 5G, VoLTE, Wi-Fi","Unisoc T8200, Octa Core Processor","8 GB RAM, 128 GB inbuilt",5000 mAh Battery with 18W Fast Charging,"6.75 inches, 720 x 1600 px, 120 Hz Display with Punch Hole",50 MP Dual Rear & 5 MP Front Camera,"Memory Card Supported, upto 1 TB",Android v15
564,Vivo X200 FE (16GB RAM + 512GB),https://www.smartprix.com/mobiles/vivo-x200-fe-12gb-ram-512gb-ppd15chdrtlu,"₹59,999",86,"Dual Sim, 3G, 4G, 5G, VoLTE, Wi-Fi, NFC, IR Blaster","Dimensity 9300 Plus, Octa Core, 3.25 GHz Processor","16 GB RAM, 512 GB inbuilt",6500 mAh Battery with 90W Fast Charging,"6.31 inches, 1216 x 2640 px, 120 Hz Display with Punch Hole",50 MP + 50 MP + 8 MP Triple Rear & 50 MP Front Camera,Memory Card Not Supported,Android v15
565,Unihertz Titan 2,https://www.smartprix.com/mobiles/unihertz-titan-2-ppd1ul2yn0zf,"₹34,990",66,"Dual Sim, 3G, 4G, 5G, VoLTE, Wi-Fi, NFC, IR Blaster","Dimensity 7300, Octa Core, 2.5 GHz Processor","12 GB RAM, 512 GB inbuilt",5050 mAh Battery with 33W Fast Charging,"4.5 inches, 1440 x 1440 px Display",Dual Display,50 MP + 8 MP Dual Rear & 32 MP Front Camera,Android v15
566,Ai+ Pulse,https://www.smartprix.com/mobiles/ai-pulse-ppd1q630nhxb,"₹7,499",45,"Dual Sim, 3G, 4G, VoLTE, Wi-Fi","Unisoc T615, Octa Core, 1.8 GHz Processor","4 GB RAM, 64 GB inbuilt",5000 mAh Battery with 10W Fast Charging,"6.75 inches, 720 x 1600 px, 90 Hz Display with Water Drop Notch",50 MP Rear & 5 MP Front Camera,"Memory Card Supported, upto 1 TB",Android v15
567,Realme Narzo 80 Lite (6GB RAM + 128GB),https://www.smartprix.com/mobiles/realme-narzo-80-lite-6gb-ram-128gb-ppd1aygtfayu,"₹12,998",53,"Dual Sim, 3G, 4G, 5G, VoLTE, Wi-Fi","Dimensity 6300, Octa Core, 2.4 GHz Processor","6 GB RAM, 128 GB inbuilt",6000 mAh Battery with 15W Fast Charging,"6.67 inches, 720 x 1604 px, 120 Hz Display with Punch Hole",32 MP Dual Rear & 8 MP Front Camera,"Memory Card (Hybrid), upto 2 TB",Android v15
568,Vivo T4 Ultra (12GB RAM+ 512GB),https://www.smartprix.com/mobiles/vivo-t4-ultra-12gb-ram-512gb-ppd1t8037jiz,"₹39,999",76,"Dual Sim, 3G, 4G, 5G, VoLTE, Wi-Fi, NFC","Dimensity 9300 Plus, Octa Core, 3.25 GHz Processor","12 GB RAM, 512 GB inbuilt",5500 mAh Battery with 90W Fast Charging,"6.67 inches, 1260 x 2800 px, 120 Hz Display with Punch Hole",50 MP + 50 MP + 8 MP Triple Rear & 32 MP Front Camera,Memory Card Not Supported,Android v15
569,Realme GT 7T (12GB RAM + 256GB),https://www.smartprix.com/mobiles/realme-gt-7t-12gb-ram-256gb-ppd1gzorx7ts,"₹34,990",77,"Dual Sim, 3G, 4G, 5G, VoLTE, Vo5G, Wi-Fi, NFC, IR Blaster","Dimensity 8400-MAX, Octa Core, 3.25 GHz Processor","12 GB RAM, 256 GB inbuilt",7000 mAh Battery with 120W Fast Charging,"6.8 inches, 1280 x 2800 px, 120 Hz Display with Punch Hole",50 MP + 8 MP Dual Rear & 32 MP Front Camera,Memory Card Not Supported,Android v15
570,Samsung Galaxy F06 5G (4GB RAM + 64GB),https://www.smartprix.com/mobiles/samsung-galaxy-f06-5g-4gb-ram-64gb-ppd1el2wawjk,"₹9,499",48,"Dual Sim, 3G, 4G, 5G, VoLTE, Wi-Fi","Dimensity 6300, Octa Core, 2.4 GHz Processor","4 GB RAM, 64 GB inbuilt",5000 mAh Battery with 25W Fast Charging,"6.7 inches, 720 x 1600 px Display with Water Drop Notch",50 MP + 2 MP Dual Rear & 8 MP Front Camera,"Memory Card (Hybrid), upto 1 TB",Android v15
571,iQOO Z10x 5G (8GB RAM + 128GB),https://www.smartprix.com/mobiles/iqoo-z10x-5g-8gb-ram-128gb-ppd1wywkyki2,"₹18,998",58,"Dual Sim, 3G, 4G, 5G, VoLTE, Wi-Fi, IR Blaster","Dimensity 7300, Octa Core, 2.5 GHz Processor","8 GB RAM, 128 GB inbuilt",6500 mAh Battery with 44W Fast Charging,"6.72 inches, 1080 x 2408 px, 120 Hz Display with Punch Hole",50 MP + 2 MP Dual Rear & 8 MP Front Camera,Android v15,No FM Radio
572,iQOO Z10 5G (8GB RAM + 256GB),https://www.smartprix.com/mobiles/iqoo-z10-5g-8gb-ram-256gb-ppd1mfb9xs1y,"₹26,998",68,"Dual Sim, 3G, 4G, 5G, VoLTE, Wi-Fi, IR Blaster","Snapdragon 7s Gen3, Octa Core, 2.5 GHz Processor","8 GB RAM, 256 GB inbuilt",7300 mAh Battery with 90W Fast Charging,"6.77 inches, 1080 x 2392 px, 120 Hz Display with Punch Hole",50 MP + 2 MP Dual Rear & 32 MP Front Camera,Memory Card Not Supported,Android v15
573,Realme Narzo 80 Pro 5G (12GB RAM + 256GB),https://www.smartprix.com/mobiles/realme-narzo-80-pro-5g-12gb-ram-256gb-ppd13bw0ail1,"₹21,999",66,"Dual Sim, 3G, 4G, 5G, VoLTE, Wi-Fi","Dimensity 7400, Octa Core, 2.6 GHz Processor","12 GB RAM, 256 GB inbuilt",6000 mAh Battery with 80W Fast Charging,"6.72 inches, 1080 x 2392 px, 120 Hz Display with Punch Hole",50 MP + 2 MP Dual Rear & 16 MP Front Camera,Android v15,No FM Radio
574,Realme C73,https://www.smartprix.com/mobiles/realme-c73-ppd1scqzzk8u,"₹11,999",52,"Dual Sim, 3G, 4G, 5G, VoLTE, Wi-Fi","Dimensity 6300, Octa Core, 2.4 GHz Processor","4 GB RAM, 64 GB inbuilt",6000 mAh Battery with 15W Fast Charging,"6.67 inches, 720 x 1604 px, 120 Hz Display with Punch Hole",32 MP Dual Rear & 8 MP Front Camera,"Memory Card (Hybrid), upto 2 TB",Android v15
575,Samsung Galaxy S25 (12GB RAM + 128GB),https://www.smartprix.com/mobiles/samsung-galaxy-s25-12gb-ram-128gb-ppd1g4b6bubw,"₹68,999",77,"Dual Sim, 3G, 4G, 5G, VoLTE, Vo5G, Wi-Fi, NFC","Snapdragon 8Elite, Octa Core, 4.47 GHz Processor","12 GB RAM, 128 GB inbuilt",4000 mAh Battery with 25W Fast Charging,"6.2 inches, 1080 x 2340 px, 120 Hz Display with Punch Hole",50 MP + 12 MP + 10 MP Triple Rear & 12 MP Front Camera,Android v15,No FM Radio
576,Samsung Galaxy F16 5G (6GB RAM + 128GB),https://www.smartprix.com/mobiles/samsung-galaxy-f16-5g-6gb-ram-128gb-ppd1qvyimb8p,"₹14,999",55,"Dual Sim, 3G, 4G, 5G, VoLTE, Wi-Fi, NFC","Dimensity 6300, Octa Core, 2.4 GHz Processor","6 GB RAM, 128 GB inbuilt",5000 mAh Battery with 25W Fast Charging,"6.7 inches, 1080 x 2340 px, 90 Hz Display with Punch Hole",50 MP + 5 MP + 2 MP Triple Rear & 13 MP Front Camera,"Memory Card (Hybrid), upto 1.5 TB",Android v15
577,Nothing Phone 3a Pro (12GB RAM + 256GB),https://www.smartprix.com/mobiles/nothing-phone-3a-pro-12gb-ram-256gb-ppd1ukdyz3la,"₹33,680",68,"Dual Sim, 3G, 4G, 5G, VoLTE, Wi-Fi, NFC","Snapdragon 7s Gen 3, Octa Core, 2.5 GHz Processor","12 GB RAM, 256 GB inbuilt",5000 mAh Battery with 50W Fast Charging,"6.77 inches, 1080 x 2392 px, 120 Hz Display with Punch Hole",50 MP + 50 MP + 8 MP Triple Rear & 50 MP Front Camera,Memory Card Not Supported,Android v15
578,Samsung Galaxy M06 (6GB RAM + 128GB),https://www.smartprix.com/mobiles/samsung-galaxy-m06-6gb-ram-128gb-ppd1iotfzisc,"₹11,999",49,"Dual Sim, 3G, 4G, 5G, VoLTE, Wi-Fi","Dimensity 6300, Octa Core, 2.4 GHz Processor","6 GB RAM, 128 GB inbuilt",5000 mAh Battery with 25W Fast Charging,"6.74 inches, 720 x 1600 px, 90 Hz Display with Water Drop Notch",50 MP + 2 MP Dual Rear & 8 MP Front Camera,"Memory Card (Hybrid), upto 1.5 TB",Android v15
579,Samsung Galaxy A06 5G (4GB RAM + 128GB),https://www.smartprix.com/mobiles/samsung-galaxy-a06-5g-4gb-ram-128gb-ppd1wfqerty8,"₹12,999",52,"Dual Sim, 3G, 4G, 5G, VoLTE, Wi-Fi","Dimensity 6300, Octa Core, 2.4 GHz Processor","4 GB RAM, 128 GB inbuilt",5000 mAh Battery with 25W Fast Charging,"6.7 inches, 720 x 1600 px, 90 Hz Display with Water Drop Notch",50 MP + 2 MP Dual Rear & 8 MP Front Camera,"Memory Card Supported, upto 1 TB",Android v15
580,Xiaomi Redmi 14C 5G (4GB RAM + 128GB),https://www.smartprix.com/mobiles/xiaomi-redmi-14c-5g-4gb-ram-128gb-ppd1oh3cmbjl,"₹10,499",53,"Dual Sim, 3G, 4G, 5G, VoLTE, Wi-Fi","Snapdragon 4 Gen2, Octa Core, 2.2 GHz Processor","4 GB RAM, 128 GB inbuilt",5160 mAh Battery with 18W Fast Charging,"6.88 inches, 720 x 1640 px, 120 Hz Display with Water Drop Notch",50 MP Dual Rear & 8 MP Front Camera,"Memory Card Supported, upto 1 TB",Android v14
581,Google Pixel 10 Pro Fold,https://www.smartprix.com/mobiles/google-pixel-10-pro-fold-ppd195y5nymu,"₹1,47,320",88,"Dual Sim, 3G, 4G, 5G, VoLTE, Wi-Fi, NFC","Tensor G5, Octa Core, 3.78 GHz Processor","16 GB RAM, 256 GB inbuilt",5015 mAh Battery with 30W Fast Charging,"8 inches, 2076 x 2152 px, 120 Hz Display with Punch Hole","Foldable Display, Dual Display",48 MP + 10.8 MP + 10.5 MP Triple Rear & 10 MP + 10 MP Dual Front Camera,Android v16
582,Samsung Galaxy M15 5G Prime Edition (8GB RAM +128GB),https://www.smartprix.com/mobiles/samsung-galaxy-m15-5g-prime-edition-8gb-ram-ppd1bem7wpw3,"₹14,499",54,"Dual Sim, 3G, 4G, 5G, VoLTE, Wi-Fi","Dimensity 6100 Plus, Octa Core, 2.2 GHz Processor","8 GB RAM, 128 GB inbuilt",6000 mAh Battery with 25W Fast Charging,"6.5 inches, 1080 x 2340 px, 90 Hz Display with Water Drop Notch",50 MP + 5 MP + 2 MP Triple Rear & 13 MP Front Camera,"Memory Card (Hybrid), upto 1 TB",Android v14
583,Tecno Pova 6 Neo 5G (8GB RAM + 256GB),https://www.smartprix.com/mobiles/tecno-pova-6-neo-5g-8gb-ram-256gb-ppd1yboz5h5b,"₹13,999",58,"Dual Sim, 3G, 4G, 5G, VoLTE, Wi-Fi, NFC, IR Blaster","Dimensity 6300, Octa Core, 2.4 GHz Processor","8 GB RAM, 256 GB inbuilt",5000 mAh Battery with 18W Fast Charging,"6.67 inches, 720 x 1600 px, 120 Hz Display with Punch Hole",108 MP + 2 MP Dual Rear & 8 MP Front Camera,Memory Card Supported,Android v14
584,Oppo F29,https://www.smartprix.com/mobiles/oppo-f29-ppd160d6acgt,"₹21,999",61,"Dual Sim, 3G, 4G, 5G, VoLTE, Wi-Fi","Snapdragon 6 Gen1, Octa Core, 2.2 GHz Processor","8 GB RAM, 128 GB inbuilt",6500 mAh Battery with 45W Fast Charging,"6.7 inches, 1080 x 2412 px, 120 Hz Display with Punch Hole",50 MP + 2 MP Dual Rear & 16 MP Front Camera,Android v15,No FM Radio
585,Samsung Galaxy M55s,https://www.smartprix.com/mobiles/samsung-galaxy-m55s-ppd1afgkxdis,"₹19,999",62,"Dual Sim, 3G, 4G, 5G, VoLTE, Wi-Fi, NFC","Snapdragon 7 Gen1, Octa Core, 2.4 GHz Processor","8 GB RAM, 128 GB inbuilt",5000 mAh Battery with 45W Fast Charging,"6.7 inches, 1080 x 2400 px, 120 Hz Display with Punch Hole",50 MP + 8 MP + 2 MP Triple Rear & 50 MP Front Camera,"Memory Card (Hybrid), upto 1 TB",Android v14
586,HMD Fusion,https://www.smartprix.com/mobiles/hmd-fusion-ppd13m93ary9,"₹10,999",58,"Dual Sim, 3G, 4G, 5G, VoLTE, Wi-Fi, NFC","Snapdragon 4 Gen2, Octa Core, 2.2 GHz Processor","6 GB RAM, 128 GB inbuilt",5000 mAh Battery with 33W Fast Charging,"6.56 inches, 720 x 1612 px, 90 Hz Display with Punch Hole",108 MP + 2 MP Dual Rear & 50 MP Front Camera,"Memory Card (Hybrid), upto 1 TB",Android v14
587,Motorola Edge 50 Fusion (12GB RAM + 256GB),https://www.smartprix.com/mobiles/motorola-edge-50-fusion-12gb-ram-256gb-ppd1guv9n6ju,"₹22,790",68,"Dual Sim, 3G, 4G, 5G, VoLTE, Vo5G, Wi-Fi, NFC","Snapdragon 7s Gen2, Octa Core, 2.4 GHz Processor","12 GB RAM, 256 GB inbuilt",5000 mAh Battery with 68W Fast Charging,"6.67 inches, 1080 x 2400 px, 144 Hz Display with Punch Hole",50 MP + 13 MP Dual Rear & 32 MP Front Camera,Memory Card Not Supported,Android v14
588,OPPO K12x,https://www.smartprix.com/mobiles/oppo-k12x-ppd19mdsckfo,"₹12,747",52,"Dual Sim, 3G, 4G, 5G, VoLTE, Wi-Fi","Dimensity 6300, Octa Core, 2.4 GHz Processor","6 GB RAM, 128 GB inbuilt",5100 mAh Battery with 45W Fast Charging,"6.67 inches, 720 x 1604 px, 120 Hz Display with Punch Hole",32 MP + 2 MP Dual Rear & 8 MP Front Camera,"Memory Card (Hybrid), upto 1 TB",Android v14
589,Infinix GT 20 Pro,https://www.smartprix.com/mobiles/infinix-gt-20-pro-ppd1vmhyefpn,"₹24,999",71,"Dual Sim, 3G, 4G, 5G, VoLTE, Wi-Fi, NFC, IR Blaster","Dimensity 8200 Ultimate, Octa Core, 3.1 GHz Processor","8 GB RAM, 256 GB inbuilt",5000 mAh Battery with 45W Fast Charging,"6.78 inches, 1080 x 2436 px, 144 Hz Display with Punch Hole",108 MP + 2 MP + 2 MP Triple Rear & 32 MP Front Camera,Android v14,Bluetooth
590,OnePlus 12 (16GB RAM + 512GB),https://www.smartprix.com/mobiles/oneplus-12-16gb-ram-512gb-ppd19aep4hgj,"₹53,999",83,"Dual Sim, 3G, 4G, 5G, VoLTE, Vo5G, Wi-Fi, NFC, IR Blaster","Snapdragon 8 Gen3, Octa Core, 3.3 GHz Processor","16 GB RAM, 512 GB inbuilt",5400 mAh Battery with 100W Fast Charging,"6.82 inches, 1440 x 3168 px, 120 Hz Display with Punch Hole",64 MP + 50 MP + 48 MP Triple Rear & 32 MP Front Camera,Memory Card Not Supported,Android v14
591,Apple iPhone 15 Pro Max (512GB),https://www.smartprix.com/mobiles/apple-iphone-15-pro-max-512gb-ppd1fpi73w84,"₹1,79,900",72,"Dual Sim, 3G, 4G, 5G, VoLTE, Wi-Fi, NFC","Bionic A17 Pro, Hexa Core, 3.78 GHz Processor","8 GB RAM, 512 GB inbuilt",4441 mAh Battery with Fast Charging,"6.7 inches, 1290 x 2796 px, 120 Hz Display with Dynamic Island",48 MP + 12 MP + 12 MP Triple Rear & 12 MP Front Camera,Memory Card Not Supported,iOS v17
592,Apple iPhone 15 Plus (256GB),https://www.smartprix.com/mobiles/apple-iphone-15-plus-256gb-ppd1r20cac7i,"₹79,900",66,"Dual Sim, 3G, 4G, 5G, VoLTE, Wi-Fi, NFC","Bionic A16, Hexa Core, 3.46 GHz Processor","6 GB RAM, 256 GB inbuilt",4383 mAh Battery with Fast Charging,"6.7 inches, 1290 x 2796 px Display with Dynamic Island",48 MP + 12 MP Dual Rear & 12 MP Front Camera,Memory Card Not Supported,iOS v17
593,Motorola Edge 50 5G,https://www.smartprix.com/mobiles/motorola-edge-50-ppd1fm2085of,"₹22,990",70,"Dual Sim, 3G, 4G, 5G, VoLTE, Vo5G, Wi-Fi, NFC","Snapdragon 7 Gen1 AE, Octa Core, 2.5 GHz Processor","8 GB RAM, 256 GB inbuilt",5000 mAh Battery with 68W Fast Charging,"6.67 inches, 1220 x 2712 px, 120 Hz Display",50 MP + 13 MP + 10 MP Triple Rear & 32 MP Front Camera,Android v14,No FM Radio
594,OnePlus 9,https://www.smartprix.com/mobiles/oneplus-9-ppd15jetu5b5,"₹22,765",63,"Dual Sim, 3G, 4G, 5G, VoLTE, Wi-Fi, NFC","Snapdragon 888, Octa Core, 2.84 GHz Processor","8 GB RAM, 128 GB inbuilt",4500 mAh Battery with Fast Charging,"6.55 inches, 1080 x 2400 px, 120 Hz Display with Punch Hole",50 MP + 48 MP + 2 MP Triple Rear & 16 MP Front Camera,Memory Card Not Supported,Android v11
595,Honor Magic 9 Pro,https://www.smartprix.com/mobiles/honor-magic-9-pro-ppd1647ajpeu,"₹1,09,990",88,"Dual Sim, 3G, 4G, 5G, VoLTE, Wi-Fi, NFC, IR Blaster",Octa Core Processor,"12 GB RAM, 512 GB inbuilt",7500 mAh Battery with 100W Fast Charging,"6.85 inches, 1256 x 2808 px, 120 Hz Display with Punch Hole",200 MP + 200 MP + 50 MP Triple Rear & 50 MP Front Camera,Android v17,No FM Radio
596,Vivo X200T (12 GB RAM + 512 GB),https://www.smartprix.com/mobiles/vivo-x200t-12-gb-ram-512-gb-ppd16vfklybl,"₹69,999",89,"Dual Sim, 3G, 4G, 5G, VoLTE, Wi-Fi, NFC, IR Blaster","Dimensity 9400 Plus, Octa Core, 3.63 GHz Processor","12 GB RAM, 512 GB inbuilt",6200 mAh Battery with 90W Fast Charging,"6.67 inches, 1260 x 2800 px, 120 Hz Display with Punch Hole",50 MP + 50 MP + 50 MP Triple Rear & 32 MP Front Camera,Memory Card Not Supported,Android v16
597,Xiaomi Redmi 16C 5G,https://www.smartprix.com/mobiles/xiaomi-redmi-16c-5g-ppd1z55mw88s,"₹13,999",54,"Dual Sim, 3G, 4G, 5G, VoLTE, Wi-Fi",Octa Core Processor,"4 GB RAM, 128 GB inbuilt",6500 mAh Battery with 33W Fast Charging,"6.91 inches, 720 x 1600 px, 120 Hz Display with Punch Hole",50 MP + Auxiliary lens Dual Rear & 16 MP Front Camera,"Memory Card Supported, upto 1 TB",Android v16
598,Xiaomi Redmi K100 Pro Max,https://www.smartprix.com/mobiles/xiaomi-redmi-k100-pro-max-ppd1c7jh38mb,"₹64,999",86,"Dual Sim, 3G, 4G, 5G, VoLTE, Vo5G, Wi-Fi, NFC, IR Blaster",Octa Core Processor,"12 GB RAM, 256 GB inbuilt",8000 mAh Battery with 100W Fast Charging,"6.9 inches, 1200 x 2608 px, 165 Hz Display with Punch Hole",50 MP + 50 MP + 50 MP Triple Rear & 50 MP Front Camera,Android v16,No FM Radio
599,Vivo T4 Lite 5G (4GB RAM + 64GB),https://www.smartprix.com/mobiles/vivo-t4-lite-5g-4gb-ram-64gb-ppd1skoryjjf,"₹11,642",52,"Dual Sim, 3G, 4G, 5G, VoLTE, Wi-Fi","Dimensity 6300, Octa Core, 2.4 GHz Processor","4 GB RAM, 64 GB inbuilt",6000 mAh Battery with 15W Fast Charging,"6.74 inches, 720 x 1600 px, 90 Hz Display with Water Drop Notch",50 MP + 2 MP Dual Rear & 5 MP Front Camera,"Memory Card Supported, upto 2 TB",Android v15
600,Oppo A6s Pro,https://www.smartprix.com/mobiles/oppo-a6s-pro-ppd1dj2k645s,"₹28,990",59,"Dual Sim, 3G, 4G, Wi-Fi, NFC","Helio G100 Max, Octa Core, 2.2 GHz Processor","8 GB RAM, 256 GB inbuilt",7000 mAh Battery with 80W Fast Charging,"6.57 inches, 1080 x 2372 px Display",50 MP Dual Rear & 50 MP Front Camera,Memory Card Supported,Android v16
601,Poco F8 Ultra,https://www.smartprix.com/mobiles/poco-f8-ultra-ppd12olzo9dt,"₹64,990",90,"Dual Sim, 3G, 4G, 5G, VoLTE, Wi-Fi, NFC, IR Blaster","Snapdragon 8 Elite Gen 5, Octa Core, 4.6 GHz Processor","12 GB RAM, 256 GB inbuilt",6500 mAh Battery with 100W Fast Charging,"6.9 inches, 1200 x 2608 px, 120 Hz Display with Punch Hole",50 MP + 50 MP + 50 MP Triple Rear & 32 MP Front Camera,Memory Card Not Supported,Android v16
602,Samsung Galaxy S26 Plus (12GB RAM + 512GB),https://www.smartprix.com/mobiles/samsung-galaxy-s26-plus-12gb-ram-512gb-ppd1u81agkar,"₹1,19,999",79,"Dual Sim, 3G, 4G, 5G, VoLTE, Vo5G, Wi-Fi, NFC","Exynos 2600, Deca Core, 3.8 GHz Processor","12 GB RAM, 512 GB inbuilt",4900 mAh Battery with 45W Fast Charging,"6.7 inches, 1440 x 3120 px, 120 Hz Display with Punch Hole",50 MP + 12 MP + 10 MP Triple Rear & 12 MP Front Camera,Android v16,No FM Radio
603,Realme 16T 5G,https://www.smartprix.com/mobiles/realme-16t-5g-ppd18kz6oazl,"₹21,990",64,"Dual Sim, 3G, 4G, 5G, VoLTE, Wi-Fi, IR Blaster","Dimensity, Octa Core Processor","8 GB RAM, 128 GB inbuilt",7500 mAh Battery with 80W Fast Charging,"6.57 inches, 1080 x 2372 px, 120 Hz Display with Punch Hole",50 MP + 2 MP Dual Rear & 50 MP Front Camera,"Memory Card (Hybrid), upto 2 TB",Android v16
604,Apple iPhone 17 Pro Max (512GB),https://www.smartprix.com/mobiles/apple-iphone-17-pro-max-512gb-ppd1onn9vmgq,"₹1,69,900",83,"Dual Sim, 3G, 4G, 5G, VoLTE, Wi-Fi, NFC","Apple A19 Pro, Hexa Core Processor","12 GB RAM, 512 GB inbuilt",4832 mAh Battery with Fast Charging,"6.9 inches, 1320 x 2868 px, 120 Hz Display with Dynamic Island",48 MP + 48 MP + 48 MP Triple Rear & 18 MP Front Camera,Memory Card Not Supported,iOS v26
605,Oppo F31 Pro 5G (8GB RAM + 256GB),https://www.smartprix.com/mobiles/oppo-f31-pro-5g-8gb-ram-256gb-ppd1c5u21hur,"₹29,999",67,"Dual Sim, 3G, 4G, 5G, VoLTE, Wi-Fi","Dimensity 7300 Energy, Octa Core, 2.5 GHz Processor","8 GB RAM, 256 GB inbuilt",7000 mAh Battery with 80W Fast Charging,"6.57 inches, 1080 x 2372 px, 120 Hz Display with Punch Hole",50 MP + 2 MP Dual Rear & 32 MP Front Camera,Android v15,No FM Radio
606,Lava Bold N1 5G,https://www.smartprix.com/mobiles/lava-bold-n1-5g-ppd1jknffpdw,"₹8,998",45,"Dual Sim, 3G, 4G, 5G, VoLTE, Wi-Fi","Unisoc T765, Octa Core, 2.3 GHz Processor","4 GB RAM, 64 GB inbuilt",5000 mAh Battery with 10W Fast Charging,"6.75 inches, 720 x 1600 px Display with Water Drop Notch",13 MP Rear & 5 MP Front Camera,Memory Card Supported,Android v15
607,Realme 15T (8GB RAM + 256GB),https://www.smartprix.com/mobiles/realme-15t-8gb-ram-256gb-ppd17hy7mqm3,"₹24,399",67,"Dual Sim, 3G, 4G, 5G, VoLTE, Wi-Fi, IR Blaster","Dimensity 6400 Max, Octa Core, 2.5 GHz Processor","8 GB RAM, 256 GB inbuilt",7000 mAh Battery with 60W Fast Charging,"6.57 inches, 1080 x 2372 px, 120 Hz Display with Punch Hole",50 MP + 2 MP Dual Rear & 50 MP Front Camera,"Memory Card (Hybrid), upto 2 TB",Android v15
608,Xiaomi Redmi 15 5G (8GB RAM + 128GB),https://www.smartprix.com/mobiles/xiaomi-redmi-15-5g-8gb-ram-128gb-ppd1qtgqv6rh,"₹16,998",62,"Dual Sim, 3G, 4G, 5G, VoLTE, Wi-Fi, IR Blaster","Snapdragon 6s Gen3, Octa Core, 2.3 GHz Processor","8 GB RAM, 128 GB inbuilt",7000 mAh Battery with 33W Fast Charging,"6.9 inches, 1080 x 2340 px, 144 Hz Display with Punch Hole",50 MP Dual Rear & 8 MP Front Camera,"Memory Card (Hybrid), upto 1 TB",Android v15
609,Infinix HOT 70,https://www.smartprix.com/mobiles/infinix-hot-70-ppd1o1fju0d0,"₹12,990",59,"Dual Sim, 3G, 4G, 5G, VoLTE, Wi-Fi","Dimensity 7050, Octa Core, 2.6 GHz Processor","6 GB RAM, 128 GB inbuilt",6000 mAh Battery with 33W Fast Charging,"6.78 inches, 720 x 1600 px, 120 Hz Display with Punch Hole",50 MP + Depth Sensor Dual Rear & 16 MP Front Camera,"Memory Card (Hybrid), upto 2 TB",Android v16
610,Lava Play Ultra 5G,https://www.smartprix.com/mobiles/lava-play-ultra-5g-ppd1spgb0h2t,"₹15,999",64,"Dual Sim, 3G, 4G, 5G, VoLTE, Vo5G, Wi-Fi","Dimensity 7300, Octa Core, 2.5 GHz Processor","6 GB RAM, 128 GB inbuilt",5000 mAh Battery with 33W Fast Charging,"6.67 inches, 1080 x 1920 px, 120 Hz Display with Punch Hole",64 MP + 5 MP Dual Rear & 13 MP Front Camera,"Memory Card (Hybrid), upto 1 TB",Android v15
611,Realme P5 Pro 5G,https://www.smartprix.com/mobiles/realme-p5-pro-5g-ppd1pdxa43mv,"₹34,999",71,"Dual Sim, 3G, 4G, 5G, VoLTE, Wi-Fi",Octa Core Processor,"8 GB RAM, 256 GB inbuilt",10000 mAh Battery with 100W Fast Charging,"6.82 inches, 1264 x 2780 px, 144 Hz Display with Punch Hole",50 MP + 50 MP + 8 MP Triple Rear & 50 MP Front Camera,Android v16,No FM Radio
612,Vivo V60 5G (12GB RAM + 256GB),https://www.smartprix.com/mobiles/vivo-v60-5g-12gb-ram-256gb-ppd1l07h4nlz,"₹40,999",79,"Dual Sim, 3G, 4G, 5G, VoLTE, Wi-Fi, NFC, IR Blaster","Snapdragon 7 Gen4, Octa Core, 2.8 GHz Processor","12 GB RAM, 256 GB inbuilt",6500 mAh Battery with 90W Fast Charging,"6.77 inches, 1080 x 2392 px, 120 Hz Display with Punch Hole",50 MP + 50 MP + 8 MP Triple Rear & 50 MP Front Camera,Memory Card Not Supported,Android v15
613,Vivo Y500 Pro 5G,https://www.smartprix.com/mobiles/vivo-y500-pro-5g-ppd1l4dnapgt,"₹29,990",72,"Dual Sim, 3G, 4G, 5G, VoLTE, Wi-Fi, NFC, IR Blaster","Dimensity 7400, Octa Core, 2.6 GHz Processor","8 GB RAM, 128 GB inbuilt",7000 mAh Battery with 90W Fast Charging,"6.67 inches, 1260 x 2800 px, 120 Hz Display with Punch Hole",200 MP Dual Rear & 32 MP Front Camera,Android v16,No FM Radio
614,Tecno Spark 40 Pro Plus,https://www.smartprix.com/mobiles/tecno-spark-40-pro-plus-ppd1aqrm4aec,"₹17,999",59,"Dual Sim, 3G, 4G, VoLTE, Wi-Fi, NFC, IR Blaster","Helio G200, Octa Core, 2.2 GHz Processor","8 GB RAM, 128 GB inbuilt",5200 mAh Battery with 45W Fast Charging,"6.78 inches, 1220 x 2712 px, 144 Hz Display with Punch Hole",50 MP Rear & 13 MP Front Camera,Memory Card Supported,Android v15
615,Tecno Spark 40,https://www.smartprix.com/mobiles/tecno-spark-40-ppd182mazqri,"₹10,999",50,"Dual Sim, 3G, 4G, VoLTE, Wi-Fi, IR Blaster","Helio G81, Octa Core, 2 GHz Processor","4 GB RAM, 128 GB inbuilt",5200 mAh Battery with 45W Fast Charging,"6.67 inches, 720 x 1600 px, 120 Hz Display with Punch Hole",50 MP Rear & 8 MP Front Camera,Memory Card Supported,Android v15
616,Asus ROG Phone 10 Pro,https://www.smartprix.com/mobiles/asus-rog-phone-10-pro-ppd1vmhwsvdx,"₹1,12,990",84,"Dual Sim, 3G, 4G, 5G, VoLTE, Wi-Fi, NFC","Snapdragon 8 Elite Gen 5, Octa Core, 4.6 GHz Processor","16 GB RAM, 512 GB inbuilt",6000 mAh Battery with 80W Fast Charging,"6.82 inches, 1080 x 2400 px Display with Punch Hole",50 MP + 32 MP + 13 MP Triple Rear & 32 MP Front Camera,Android v15,No FM Radio
617,Infinix Note 50s 5G (8GB RAM + 256GB),https://www.smartprix.com/mobiles/infinix-note-50s-5g-8gb-ram-256gb-ppd1z60p65j7,"₹20,999",64,"Dual Sim, 3G, 4G, 5G, VoLTE, Wi-Fi, IR Blaster","Dimensity 7300 Ultimate, Octa Core, 2.5 GHz Processor","8 GB RAM, 256 GB inbuilt",5500 mAh Battery with 45W Fast Charging,"6.78 inches, 1080 x 2436 px, 144 Hz Display with Punch Hole",64 MP + 2 MP Dual Rear & 13 MP Front Camera,Android v15,Bluetooth
618,Realme Narzo 90 Pro 5G,https://www.smartprix.com/mobiles/realme-narzo-90-pro-5g-ppd1ophsraug,"₹21,990",64,"Dual Sim, 3G, 4G, 5G, VoLTE, Wi-Fi",Octa Core Processor,"8 GB RAM, 128 GB inbuilt",6500 mAh Battery with 100W Fast Charging,"6.78 inches, 1080 x 2392 px, 120 Hz Display with Punch Hole",50 MP + 13 MP + 2 MP Triple Rear & 32 MP Front Camera,Android v16,No FM Radio
619,Realme P3 Pro 5G (8GB RAM +256GB),https://www.smartprix.com/mobiles/realme-p3-pro-5g-8gb-ram-256gb-ppd1v6ypj5zp,"₹21,999",64,"Dual Sim, 3G, 4G, 5G, VoLTE, Wi-Fi","Snapdragon 7s Gen3, Octa Core, 2.5 GHz Processor","8 GB RAM, 256 GB inbuilt",6000 mAh Battery with 80W Fast Charging,"6.83 inches, 1272 x 2800 px, 120 Hz Display with Punch Hole",50 MP + 2 MP Dual Rear & 16 MP Front Camera,Android v15,No FM Radio
620,Tecno Pop 9 5G (8GB RAM + 128GB),https://www.smartprix.com/mobiles/tecno-pop-9-5g-8gb-ram-128gb-ppd14yapya6h,"₹10,999",55,"Dual Sim, 3G, 4G, 5G, VoLTE, Wi-Fi, NFC, IR Blaster","Dimensity 6300, Octa Core, 2.4 GHz Processor","8 GB RAM, 128 GB inbuilt",5000 mAh Battery with 18W Fast Charging,"6.67 inches, 720 x 1612 px, 120 Hz Display with Punch Hole",48 MP Dual Rear & 8 MP Front Camera,"Memory Card Supported, upto 1 TB",Android v14
621,Realme GT 9 Pro,https://www.smartprix.com/mobiles/realme-gt-9-pro-ppd1x9h9gvjz,"₹79,990",88,"Dual Sim, 3G, 4G, 5G, VoLTE, Wi-Fi, NFC, IR Blaster","Snapdragon 8 Elite Gen 6, Octa Core Processor","12 GB RAM, 256 GB inbuilt",7000 mAh Battery with 120W Fast Charging,"6.79 inches, 1440 x 3136 px, 144 Hz Display with Punch Hole",200 MP + 200 MP + 50 MP Triple Rear & 32 MP Front Camera,Memory Card Not Supported,Android v17
622,Poco M8 Pro 5G,https://www.smartprix.com/mobiles/poco-m8-pro-5g-ppd1dnbpfet0,"₹27,990",67,"Dual Sim, 3G, 4G, 5G, VoLTE, Wi-Fi, NFC, IR Blaster","Snapdragon 7s Gen4, Octa Core, 2.7 GHz Processor","8 GB RAM, 256 GB inbuilt",6500 mAh Battery with 100W Fast Charging,"6.83 inches, 1280 x 2772 px, 120 Hz Display with Punch Hole",50 MP + 8 MP Dual Rear & 32 MP Front Camera,Memory Card Not Supported,Android v15
623,Vivo Y29 5G,https://www.smartprix.com/mobiles/vivo-y29-5g-ppd1in2r2863,"₹13,999",53,"Dual Sim, 3G, 4G, 5G, VoLTE, Wi-Fi","Dimensity 6300, Octa Core, 2.4 GHz Processor","4 GB RAM, 128 GB inbuilt",5500 mAh Battery with 44W Fast Charging,"6.68 inches, 720 x 1608 px, 120 Hz Display with Punch Hole",50 MP + 0.08 MP Dual Rear & 8 MP Front Camera,"Memory Card (Hybrid), upto 1 TB",Android v14
624,Vivo Y04,https://www.smartprix.com/mobiles/vivo-y04-ppd1wsh0omrf,"₹8,990",41,"Dual Sim, 3G, 4G, VoLTE, Wi-Fi","Unisoc T7225, Octa Core, 2 GHz Processor","4 GB RAM, 64 GB inbuilt",5000 mAh Battery with 18W Fast Charging,"6.74 inches, 720 x 1600 px, 90 Hz Display with Water Drop Notch",13 MP + 0.08 MP Dual Rear & 5 MP Front Camera,"Memory Card Supported, upto 1 TB",Android v14
625,Xiaomi Redmi Turbo 4,https://www.smartprix.com/mobiles/xiaomi-redmi-turbo-4-ppd1pvcdlo5c,"₹23,990",71,"Dual Sim, 3G, 4G, 5G, VoLTE, Wi-Fi, NFC, IR Blaster","Dimensity 8400 Ultra, Octa Core, 3.25 GHz Processor","12 GB RAM, 256 GB inbuilt",6550 mAh Battery with 90W Fast Charging,"6.67 inches, 1220 x 2712 px, 120 Hz Display with Punch Hole",50 MP + 8 MP Dual Rear & 20 MP Front Camera,Android v15,No FM Radio
626,Vivo V50e 5G,https://www.smartprix.com/mobiles/vivo-v50e-ppd124s8a8y9,"₹23,788",66,"Dual Sim, 3G, 4G, 5G, VoLTE, Wi-Fi","Dimensity 7300, Octa Core, 2.5 GHz Processor","8 GB RAM, 128 GB inbuilt",5600 mAh Battery with 90W Fast Charging,"6.77 inches, 1080 x 2392 px, 120 Hz Display with Punch Hole",50 MP + 8 MP Dual Rear & 50 MP Front Camera,Memory Card Not Supported,Android v15
627,Apple iPhone 16 Plus (256GB),https://www.smartprix.com/mobiles/apple-iphone-16-plus-256gb-ppd18uu0s5b5,"₹80,490",70,"Dual Sim, 3G, 4G, 5G, VoLTE, Wi-Fi, NFC","Bionic A18, Hexa Core, 4.04 GHz Processor",256 GB inbuilt,4674 mAh Battery with Fast Charging,"6.7 inches, 1290 x 2796 px Display with Dynamic Island",48 MP + 12 MP Dual Rear & 12 MP Front Camera,Memory Card Not Supported,iOS v18
628,Vivo T3 Pro (8GB RAM + 256GB),https://www.smartprix.com/mobiles/vivo-t3-pro-8gb-ram-256gb-ppd1ghyjnp7o,"₹23,999",64,"Dual Sim, 3G, 4G, 5G, VoLTE, Wi-Fi","Snapdragon 7 Gen3, Octa Core, 2.63 GHz Processor","8 GB RAM, 256 GB inbuilt",5500 mAh Battery with 80W Fast Charging,"6.77 inches, 1080 x 2392 px, 120 Hz Display with Punch Hole",50 MP + 8 MP Dual Rear & 16 MP Front Camera,Memory Card Not Supported,Android v14
629,Infinix Note 40X 5G (12GB RAM +256GB),https://www.smartprix.com/mobiles/infinix-note-40x-5g-12gb-ram-256gb-ppd1j8s4s0ru,"₹15,999",62,"Dual Sim, 3G, 4G, 5G, VoLTE, Wi-Fi, NFC","Dimensity 6300, Octa Core, 2.4 GHz Processor","12 GB RAM, 256 GB inbuilt",5000 mAh Battery with 18W Fast Charging,"6.78 inches, 1080 x 2406 px, 120 Hz Display with Punch Hole",108 MP + 2 MP Triple Rear & 8 MP Front Camera,"Memory Card Supported, upto 1 TB",Android v14
630,OPPO Reno 12 Pro 5G (12GB RAM + 512GB),https://www.smartprix.com/mobiles/oppo-reno-12-pro-5g-12gb-ram-512gb-ppd1obzq65sl,"₹35,798",75,"Dual Sim, 3G, 4G, 5G, VoLTE, Wi-Fi, NFC, IR Blaster","Dimensity 7300 Energy, Octa Core, 2.5 GHz Processor","12 GB RAM, 512 GB inbuilt",5000 mAh Battery with 80W Fast Charging,"6.7 inches, 1080 x 2412 px, 120 Hz Display with Punch Hole",50 MP + 50 MP + 8 MP Triple Rear & 50 MP Front Camera,Memory Card (Hybrid),Android v14
631,Sony Xperia 1 VII,https://www.smartprix.com/mobiles/sony-xperia-1-vii-ppd1mt3j2ypr,"₹1,40,990",83,"Dual Sim, 3G, 4G, 5G, VoLTE, Wi-Fi, NFC","Snapdragon 8 Elite, Octa Core, 4.32 GHz Processor","12 GB RAM, 256 GB inbuilt",5000 mAh Battery with 30W Fast Charging,"6.5 inches, 1080 x 2340 px, 120 Hz Display",48 MP + 48 MP + 12 MP Triple Rear & 12 MP Front Camera,Memory Card (Hybrid),Android v15
632,Vivo T3 Lite 5G,https://www.smartprix.com/mobiles/vivo-t3-lite-5g-ppd1mbrtnq7k,"₹10,499",54,"Dual Sim, 3G, 4G, 5G, VoLTE, Wi-Fi","Dimensity 6300, Octa Core, 2.4 GHz Processor","4 GB RAM, 128 GB inbuilt",5000 mAh Battery with 15W Fast Charging,"6.56 inches, 720 x 1612 px, 90 Hz Display with Water Drop Notch",50 MP + 2 MP Dual Rear & 8 MP Front Camera,"Memory Card (Hybrid), upto 1 TB",Android v14
633,Samsung Galaxy F55 5G (8GB RAM + 256GB),https://www.smartprix.com/mobiles/samsung-galaxy-f55-5g-8gb-ram-256gb-ppd1gu2lr26t,"₹23,499",66,"Dual Sim, 3G, 4G, 5G, VoLTE, Wi-Fi, NFC","Snapdragon 7 Gen1, Octa Core, 2.4 GHz Processor","8 GB RAM, 256 GB inbuilt",5000 mAh Battery with 45W Fast Charging,"6.7 inches, 1080 x 2400 px, 120 Hz Display with Punch Hole",50 MP + 8 MP + 2 MP Triple Rear & 50 MP Front Camera,"Memory Card (Hybrid), upto 1 TB",Android v14
634,Vivo X200 Ultra,https://www.smartprix.com/mobiles/vivo-x200-ultra-ppd1hiws2y35,"₹76,990",88,"Dual Sim, 3G, 4G, 5G, VoLTE, Wi-Fi, NFC, IR Blaster","Snapdragon 8 Elite, Octa Core, 4.32 GHz Processor","12 GB RAM, 256 GB inbuilt",6000 mAh Battery with 90W Fast Charging,"6.82 inches, 1440 x 3168 px, 120 Hz Display with Punch Hole",200 MP + 50 MP + 50 MP Triple Rear & 50 MP Front Camera,Android v15,No FM Radio
635,Infinix Note 40 Pro 5G,https://www.smartprix.com/mobiles/infinix-note-40-pro-5g-ppd16q3rhm8m,"₹21,999",68,"Dual Sim, 3G, 4G, 5G, VoLTE, Wi-Fi, NFC, IR Blaster","Dimensity 7020, Octa Core, 2.2 GHz Processor","8 GB RAM, 256 GB inbuilt",5000 mAh Battery with 45W Fast Charging,"6.78 inches, 1080 x 2436 px, 120 Hz Display with Punch Hole",108 MP + 2 MP + 2 MP Triple Rear & 32 MP Front Camera,Android v14,Bluetooth
636,Samsung Galaxy F16 5G,https://www.smartprix.com/mobiles/samsung-galaxy-f16-5g-ppd14hjpb30z,"₹12,499",54,"Dual Sim, 3G, 4G, 5G, VoLTE, Wi-Fi, NFC","Dimensity 6300, Octa Core, 2.4 GHz Processor","4 GB RAM, 128 GB inbuilt",5000 mAh Battery with 25W Fast Charging,"6.7 inches, 1080 x 2340 px, 90 Hz Display with Punch Hole",50 MP + 5 MP + 2 MP Triple Rear & 13 MP Front Camera,"Memory Card (Hybrid), upto 1.5 TB",Android v15
637,Nubia Red Magic 10 Pro 5G,https://www.smartprix.com/mobiles/nubia-red-magic-10-pro-5g-ppd15i01065u,"₹59,990",83,"Dual Sim, 3G, 4G, 5G, VoLTE, Wi-Fi, NFC, IR Blaster","Snapdragon 8 Elite, Octa Core, 4.32 GHz Processor","12 GB RAM, 256 GB inbuilt",6500 mAh Battery with 80W Fast Charging,"6.85 inches, 1216 x 2688 px, 144 Hz Display",50 MP + 50 MP + 2 MP Triple Rear & 16 MP Front Camera,Memory Card Not Supported,Android v15
638,Samsung Galaxy S21 FE (Snapdragon),https://www.smartprix.com/mobiles/samsung-galaxy-s21-fe-snapdragon-ppd1iki9ua3v,"₹38,999",66,"Dual Sim, 3G, 4G, 5G, VoLTE, Wi-Fi, NFC","Snapdragon 888, Octa Core, 2.84 GHz Processor","8 GB RAM, 256 GB inbuilt",4500 mAh Battery with 25W Fast Charging,"6.4 inches, 1080 x 2340 px, 120 Hz Display with Punch Hole",12 MP + 12 MP + 8 MP Triple Rear & 32 MP Front Camera,Memory Card Not Supported,Android v13
639,Vivo X100 5G,https://www.smartprix.com/mobiles/vivo-x100-5g-ppd13qlm8sfn,"₹53,990",80,"Dual Sim, 3G, 4G, 5G, VoLTE, Wi-Fi, NFC, IR Blaster","Dimensity 9300, Octa Core, 3.25 GHz Processor","12 GB RAM, 256 GB inbuilt",5000 mAh Battery with 120W Fast Charging,"6.78 inches, 1260 x 2800 px, 120 Hz Display with Punch Hole",64 MP + 50 MP + 50 MP Triple Rear & 32 MP Front Camera,Memory Card Not Supported,Android v14
640,Realme C2s,https://www.smartprix.com/mobiles/realme-c2s-ppd1f4dycqja,"₹3,499",35,"Dual Sim, 3G, 4G, VoLTE, Wi-Fi","Helio  P22 , Octa Core, 2 GHz Processor","3 GB RAM, 32 GB inbuilt",4000 mAh Battery,"6.1 inches, 720 x 1560 px Display with Water Drop Notch",13 MP + 2 MP Dual Rear & 5 MP Front Camera,"Memory Card Supported, upto 128 GB",Android v9.0 (Pie)
641,Realme C100,https://www.smartprix.com/mobiles/realme-c100-ppd1a83ymxw0,"₹15,990",58,"Dual Sim, 3G, 4G, 5G, VoLTE, Wi-Fi",Octa Core Processor,"8 GB RAM, 128 GB inbuilt",7500 mAh Battery with 44W Fast Charging,"6.67 inches, 720 x 1604 px, 144 Hz Display with Punch Hole",50 MP Dual Rear & 16 MP Front Camera,"Memory Card (Hybrid), upto 2 TB",Android v16
642,Samsung Galaxy F70,https://www.smartprix.com/mobiles/samsung-galaxy-f70-ppd1d212vpss,"₹25,999",59,"Dual Sim, 3G, 4G, 5G, VoLTE, Wi-Fi","Exynos, Octa Core Processor","8 GB RAM, 128 GB inbuilt",5000 mAh Battery with 45W Fast Charging,"6.74 inches, 1080 x 2340 px, 120 Hz Display with Punch Hole",50 MP + 8 MP Dual Rear & 16 MP Front Camera,Memory Card Not Supported,Android v16
643,Oppo A6 5G (6GB RAM + 128GB),https://www.smartprix.com/mobiles/oppo-a6-5g-6gb-ram-128gb-ppd1jhmyezoh,"₹19,999",59,"Dual Sim, 3G, 4G, 5G, Wi-Fi, NFC","Dimensity 6300, Octa Core, 2.4 GHz Processor","6 GB RAM, 128 GB inbuilt",7000 mAh Battery with 45W Fast Charging,"6.75 inches, 720 x 1570 px, 120 Hz Display with Punch Hole",50 MP + 2 MP Dual Rear & 8 MP Front Camera,Memory Card Supported,Android v15
644,Realme 16 Pro Plus 5G (12GB+256GB),https://www.smartprix.com/mobiles/realme-16-pro-plus-5g-12gb-256gb-ppd1iags0tej,"₹48,999",83,"Dual Sim, 3G, 4G, 5G, VoLTE, Wi-Fi, NFC, IR Blaster","Snapdragon 7 Gen4, Octa Core, 2.8 GHz Processor","12 GB RAM, 256 GB inbuilt",7000 mAh Battery with 80W Fast Charging,"6.8 inches, 1280 x 2800 px, 144 Hz Display with Punch Hole",200 MP + 50 MP + 8 MP Triple Rear & 50 MP Front Camera,Android v16,No FM Radio
645,Oppo A6 Pro 5G (8GB+256GB),https://www.smartprix.com/mobiles/oppo-a6-pro-5g-8gb-256gb-ppd1ra8zvx34,"₹24,999",63,"Dual Sim, 3G, 4G, 5G, Wi-Fi","Dimensity 6300, Octa Core, 2.4 GHz Processor","8 GB RAM, 256 GB inbuilt",7000 mAh Battery with 80W Fast Charging,"6.75 inches, 720 x 1570 px, 120 Hz Display with Punch Hole",50 MP Dual Rear & 16 MP Front Camera,Memory Card (Hybrid),Android v15
646,Ai+ Nova 2 Ultra,https://www.smartprix.com/mobiles/ai-nova-2-ultra-ppd1hlvx6m0g,"₹14,999",54,"Dual Sim, 3G, 4G, 5G, VoLTE, Wi-Fi",Octa Core Processor,"6 GB RAM, 128 GB inbuilt",6000 mAh Battery with 18W Fast Charging,"6.8 inches, 720 x 1600 px, 120 Hz Display with Punch Hole",50 MP Dual Rear & 16 MP Front Camera,"Memory Card Supported, upto 1 TB",Android v16
647,OPPO A6x 5G (4GB RAM + 128GB),https://www.smartprix.com/mobiles/oppo-a6x-5g-4gb-ram-128gb-ppd1sq0winll,"₹14,499",52,"Dual Sim, 3G, 4G, 5G, VoLTE, Wi-Fi","Dimensity 6300, Octa Core, 2.4 GHz Processor","4 GB RAM, 128 GB inbuilt",6500 mAh Battery with 45W Fast Charging,"6.75 inches, 720 x 1570 px, 120 Hz Display with Punch Hole",13 MP Rear & 5 MP Front Camera,Memory Card (Hybrid),Android v15
648,Vivo X300 (16GB RAM + 512GB),https://www.smartprix.com/mobiles/vivo-x300-16gb-ram-512gb-ppd1pvhkd6hf,"₹85,999",88,"Dual Sim, 3G, 4G, 5G, VoLTE, Wi-Fi, NFC, IR Blaster","Dimensity 9500, Octa Core, 4.21 GHz Processor","16 GB RAM, 512 GB inbuilt",6040 mAh Battery with 90W Fast Charging,"6.31 inches, 1216 x 2640 px, 120 Hz Display with Punch Hole",200 MP + 50 MP + 50 MP Triple Rear & 50 MP Front Camera,Memory Card Not Supported,Android v16
649,Realme 15x 5G (8GB RAM + 256GB),https://www.smartprix.com/mobiles/realme-15x-5g-8gb-ram-256gb-ppd1ilqmbhtm,"₹21,999",63,"Dual Sim, 3G, 4G, 5G, VoLTE, Wi-Fi","Dimensity 6300, Octa Core, 2.4 GHz Processor","8 GB RAM, 256 GB inbuilt",7000 mAh Battery with 60W Fast Charging,"6.81 inches, 720 x 1570 px, 144 Hz Display with Punch Hole",50 MP + 2 MP Dual Rear & 50 MP Front Camera,Memory Card (Hybrid),Android v15
650,Vivo T4R 5G (12GB RAM + 256GB),https://www.smartprix.com/mobiles/vivo-t4r-5g-12gb-ram-256gb-ppd1jku63p66,"₹26,498",67,"Dual Sim, 3G, 4G, 5G, VoLTE, Vo5G, Wi-Fi","Dimensity 7400, Octa Core, 2.6 GHz Processor","12 GB RAM, 256 GB inbuilt",5700 mAh Battery with 44W Fast Charging,"6.77 inches, 1080 x 2392 px, 120 Hz Display with Punch Hole",50 MP + 2 MP Dual Rear & 32 MP Front Camera,Memory Card Not Supported,Android v15
651,Realme 15 Pro 5G (12GB RAM + 256GB),https://www.smartprix.com/mobiles/realme-15-pro-5g-12gb-ram-256gb-ppd1lpdtxp12,"₹35,999",76,"Dual Sim, 3G, 4G, 5G, VoLTE, Wi-Fi","Snapdragon 7 Gen4, Octa Core, 2.8 GHz Processor","12 GB RAM, 256 GB inbuilt",7000 mAh Battery with 80W Fast Charging,"6.8 inches, 1280 x 2800 px, 144 Hz Display with Punch Hole",50 MP + 50 MP Dual Rear & 50 MP Front Camera,Android v15,No FM Radio
652,Vivo Y400 Pro 5G (8GB RAM + 256GB),https://www.smartprix.com/mobiles/vivo-y400-pro-5g-8gb-ram-256gb-ppd1gc44ca4x,"₹27,999",64,"Dual Sim, 3G, 4G, 5G, VoLTE, Wi-Fi, IR Blaster","Dimensity 7300, Octa Core, 2.5 GHz Processor","8 GB RAM, 256 GB inbuilt",5500 mAh Battery with 90W Fast Charging,"6.77 inches, 1080 x 2392 px, 120 Hz Display with Punch Hole",50 MP + 2 MP Dual Rear & 32 MP Front Camera,Android v15,No FM Radio
653,Lava Storm Play 5G (8GB RAM + 256GB),https://www.smartprix.com/mobiles/lava-storm-play-5g-8gb-ram-256gb-ppd1459hlxqq,"₹13,499",57,"Dual Sim, 3G, 4G, 5G, VoLTE, Wi-Fi","Dimensity 7060, Octa Core, 2.6 GHz Processor","8 GB RAM, 256 GB inbuilt",5000 mAh Battery with 18W Fast Charging,"6.75 inches, 720 x 1600 px, 120 Hz Display with Water Drop Notch",50 MP + 2 MP Dual Rear & 8 MP Front Camera,"Memory Card (Hybrid), upto 1 TB",Android v15
654,Realme C71,https://www.smartprix.com/mobiles/realme-c71-ppd1soath78q,"₹8,988",43,"Dual Sim, 3G, 4G, Wi-Fi","Unisoc UMS9230E, Octa Core, 1.8 GHz Processor","4 GB RAM, 64 GB inbuilt",6300 mAh Battery with 15W Fast Charging,"6.75 inches, 720 x 1600 px, 90 Hz Display with Water Drop Notch",13 MP Rear & 5 MP Front Camera,Memory Card Supported,Android v15
655,iQOO Neo 10 (16GB RAM + 512GB),https://www.smartprix.com/mobiles/iqoo-neo-10-16gb-ram-512gb-ppd1ya1vwesy,"₹43,998",83,"Dual Sim, 3G, 4G, 5G, VoLTE, Wi-Fi, NFC, IR Blaster","Snapdragon 8s Gen4, Octa Core, 3.2 GHz Processor","16 GB RAM, 512 GB inbuilt",7000 mAh Battery with 120W Fast Charging,"6.78 inches, 1260 x 2800 px, 144 Hz Display with Punch Hole",50 MP + 8 MP Dual Rear & 32 MP Front Camera,Android v15,No FM Radio
656,Samsung Galaxy A56 5G (8GB RAM + 256GB),https://www.smartprix.com/mobiles/samsung-galaxy-a56-5g-8gb-ram-256gb-ppd1dd1sxxit,"₹42,774",66,"Dual Sim, 3G, 4G, 5G, VoLTE, Wi-Fi, NFC","Exynos 1580, Octa Core, 2.9 GHz Processor","8 GB RAM, 256 GB inbuilt",5000 mAh Battery with 45W Fast Charging,"6.7 inches, 1080 x 2340 px, 120 Hz Display with Punch Hole",50 MP + 12 MP + 5 MP Triple Rear & 12 MP Front Camera,Android v15,No FM Radio
657,Realme P3x 5G (8GB RAM + 128GB),https://www.smartprix.com/mobiles/realme-p3x-5g-8gb-ram-128gb-ppd1pfzx8716,"₹15,280",57,"Dual Sim, 3G, 4G, 5G, VoLTE, Wi-Fi","Dimensity 6400, Octa Core, 2.5 GHz Processor","8 GB RAM, 128 GB inbuilt",6000 mAh Battery with 45W Fast Charging,"6.72 inches, 1080 x 2400 px, 120 Hz Display with Punch Hole",50 MP + 2 MP Dual Rear & 8 MP Front Camera,Memory Card (Hybrid),Android v15
658,Samsung Galaxy A14 4G (6GB RAM + 128 GB),https://www.smartprix.com/mobiles/samsung-galaxy-a14-4g-6gb-ram-128-gb-ppd1ausdcpm5,"₹9,699",46,"Dual Sim, 3G, 4G, VoLTE, Wi-Fi","Exynos 850, Octa Core, 2 GHz Processor","6 GB RAM, 128 GB inbuilt",5000 mAh Battery with 15W Fast Charging,"6.6 inches, 1080 x 2408 px Display with Water Drop Notch",50 MP + 5 MP + 2 MP Triple Rear & 13 MP Front Camera,"Memory Card Supported, upto 1 TB",Android v13
659,Realme 14 Pro Plus (12GB RAM + 256GB),https://www.smartprix.com/mobiles/realme-14-pro-plus-12gb-ram-256gb-ppd120n44nmo,"₹33,495",70,"Dual Sim, 3G, 4G, 5G, VoLTE, Wi-Fi","Snapdragon 7s Gen3, Octa Core, 2.5 GHz Processor","12 GB RAM, 256 GB inbuilt",6000 mAh Battery with 80W Fast Charging,"6.83 inches, 1272 x 2800 px, 120 Hz Display with Punch Hole",50 MP + 50 MP + 8 MP Triple Rear & 32 MP Front Camera,Memory Card Not Supported,Android v15
660,Lava O3 (3GB RAM + 64GB),https://www.smartprix.com/mobiles/lava-o3-3gb-ram-64gb-ppd1pw13pcxm,"₹5,799",37,"Dual Sim, 3G, 4G, VoLTE, Wi-Fi",Octa Core Processor,"3 GB RAM, 64 GB inbuilt",5000 mAh Battery with 10W Fast Charging,"6.75 inches, 1600 x 720 px Display with Water Drop Notch",13 MP Dual Rear & 5 MP Front Camera,"Memory Card (Hybrid), upto 1 TB",Android v14
661,Realme 14x 5G,https://www.smartprix.com/mobiles/realme-14x-ppd1kqud4uex,"₹14,799",55,"Dual Sim, 3G, 4G, 5G, VoLTE, Wi-Fi","Dimensity 6300, Octa Core, 2.4 GHz Processor","6 GB RAM, 128 GB inbuilt",6000 mAh Battery with 45W Fast Charging,"6.67 inches, 720 x 1604 px, 120 Hz Display with Punch Hole",50 MP + 2 MP Dual Rear & 8 MP Front Camera,Memory Card (Hybrid),Android v14
662,Vivo Y19e,https://www.smartprix.com/mobiles/vivo-y19e-ppd1z7i3kxg4,"₹9,999",40,"Dual Sim, 3G, 4G, VoLTE, Wi-Fi","Unisoc T7225, Octa Core, 1.8 GHz Processor","4 GB RAM, 64 GB inbuilt",5500 mAh Battery with 15W Fast Charging,"6.74 inches, 720 x 1600 px Display with Water Drop Notch",13 MP + 0.08 MP Dual Rear & 5 MP Front Camera,Memory Card Supported,Android v14
663,Vivo T3 Ultra (12GB RAM + 256GB),https://www.smartprix.com/mobiles/vivo-t3-ultra-12gb-ram-256gb-ppd1u7024cjb,"₹31,999",70,"Dual Sim, 3G, 4G, 5G, VoLTE, Wi-Fi","Dimensity 9200 Plus, Octa Core, 3.35 GHz Processor","12 GB RAM, 256 GB inbuilt",5500 mAh Battery with 80W Fast Charging,"6.78 inches, 1260 x 2800 px, 120 Hz Display with Punch Hole",50 MP + 8 MP Dual Rear & 50 MP Front Camera,Android v14,No FM Radio
664,Tecno Phantom Ultimate 2 Tri Fold,https://www.smartprix.com/mobiles/tecno-phantom-ultimate-2-tri-fold-ppd1v4u0jecw,"₹1,29,990",86,"Dual Sim, 3G, 4G, 5G, VoLTE, Vo5G, Wi-Fi, NFC, IR Blaster",Octa Core Processor,"12 GB RAM, 256 GB inbuilt",6500 mAh Battery with 100W Fast Charging,"10 inches, 2780 x 3200 px, 120 Hz Display with Punch Hole","Foldable Display, Dual Display",50 MP + 13 MP + 12 MP Triple Rear & 32 MP + 16 MP Dual Front Camera,Android v15
665,Realme 14 Pro 5G,https://www.smartprix.com/mobiles/realme-14-pro-5g-ppd1yx2v429w,"₹22,465",62,"Dual Sim, 3G, 4G, 5G, VoLTE, Wi-Fi","Dimensity 7300 Energy, Octa Core, 2.5 GHz Processor","8 GB RAM, 128 GB inbuilt",6000 mAh Battery with 45W Fast Charging,"6.77 inches, 1080 x 2392 px, 120 Hz Display with Punch Hole",50 MP + 2 MP Dual Rear & 16 MP Front Camera,Android v15,No FM Radio
666,Vivo V40e 5G,https://www.smartprix.com/mobiles/vivo-v40e-5g-ppd1t1tj6e2e,"₹27,499",66,"Dual Sim, 3G, 4G, 5G, VoLTE, Wi-Fi","Dimensity 7300, Octa Core, 2.5 GHz Processor","8 GB RAM, 128 GB inbuilt",5500 mAh Battery with 80W Fast Charging,"6.77 inches, 1080 x 2392 px, 120 Hz Display with Punch Hole",50 MP + 8 MP Dual Rear & 50 MP Front Camera,Android v14,No FM Radio
667,Xiaomi 14 Civi (12GB RAM + 512GB),https://www.smartprix.com/mobiles/xiaomi-14-civi-12gb-ram-512gb-ppd1sq39ixj0,"₹43,999",75,"Dual Sim, 3G, 4G, 5G, VoLTE, Vo5G, Wi-Fi, NFC, IR Blaster","Snapdragon 8s Gen3, Octa Core, 3 GHz Processor","12 GB RAM, 512 GB inbuilt",4700 mAh Battery with 67W Fast Charging,"6.55 inches, 1236 x 2750 px, 120 Hz Display with Punch Hole",50 MP + 50 MP + 12 MP Triple Rear & 32 MP + 32 MP Dual Front Camera,Android v14,No FM Radio
668,Oppo F27 Pro Plus 5G,https://www.smartprix.com/mobiles/oppo-f27-pro-plus-5g-ppd1vfntj616,"₹34,999",64,"Dual Sim, 3G, 4G, 5G, VoLTE, Wi-Fi","Dimensity 7050, Octa Core, 2.6 GHz Processor","8 GB RAM, 256 GB inbuilt",5000 mAh Battery with 67W Fast Charging,"6.7 inches, 1080 x 2412 px, 120 Hz Display with Punch Hole",64 MP + 2 MP Dual Rear & 8 MP Front Camera,Android v14,No FM Radio
669,Vertu Metavertu 2,https://www.smartprix.com/mobiles/vertu-metavertu-2-ppd16wsx9jz5,"₹4,25,999",74,"Dual Sim, 3G, 4G, 5G, VoLTE, Wi-Fi, NFC","Snapdragon 8 Gen2, Octa Core, 3.2 GHz Processor","12 GB RAM, 512 GB inbuilt",5100 mAh Battery with 65W Fast Charging,"6.78 inches, 1260 x 2800 px, 120 Hz Display with Punch Hole",50 MP + 50 MP + 8 MP Triple Rear & 16 MP Front Camera,Memory Card Not Supported,Android v13
670,Google Pixel 8A (8GB RAM + 256GB),https://www.smartprix.com/mobiles/google-pixel-8a-8gb-ram-256gb-ppd1h4k94yih,"₹34,637",64,"Dual Sim, 3G, 4G, 5G, VoLTE, Wi-Fi, NFC","Tensor G3, Nine-Cores, 3 GHz Processor","8 GB RAM, 256 GB inbuilt",4492 mAh Battery with Fast Charging,"6.1 inches, 1080 x 2400 px, 120 Hz Display with Punch Hole",64 MP + 13 MP Dual Rear & 13 MP Front Camera,Memory Card Not Supported,Android v14
671,Vivo V40 Pro,https://www.smartprix.com/mobiles/vivo-v40-pro-ppd13pe1058o,"₹42,999",75,"Dual Sim, 3G, 4G, 5G, VoLTE, Wi-Fi","Dimensity 9200 Plus, Octa Core, 3.35 GHz Processor","8 GB RAM, 256 GB inbuilt",5500 mAh Battery with 80W Fast Charging,"6.78 inches, 1260 x 2800 px, 120 Hz Display with Punch Hole",50 MP + 50 MP + 50 MP Triple Rear & 50 MP Front Camera,Memory Card Not Supported,Android v14
672,Infinix Note 50,https://www.smartprix.com/mobiles/infinix-note-50-ppd1uki2trei,"₹14,990",63,"Dual Sim, 3G, 4G, VoLTE, Wi-Fi, NFC, IR Blaster","Helio G100, Octa Core, 2.2 GHz Processor","8 GB RAM, 256 GB inbuilt",5200 mAh Battery with 45W Fast Charging,"6.78 inches, 1080 x 2436 px, 144 Hz Display with Punch Hole",50 MP + 2 MP Dual Rear & 13 MP Front Camera,"Memory Card Supported, upto 2 TB",Android v15
673,OnePlus 12R (8GB RAM + 256GB),https://www.smartprix.com/mobiles/oneplus-12r-8gb-ram-256gb-ppd15g3drpha,"₹37,449",66,"Dual Sim, 3G, 4G, 5G, VoLTE, Wi-Fi, NFC, IR Blaster","Snapdragon 8 Gen2, Octa Core, 3.2 GHz Processor","8 GB RAM, 256 GB inbuilt",5500 mAh Battery with 100W Fast Charging,"6.78 inches, 1264 x 2780 px, 120 Hz Display with Punch Hole",50 MP + 8 MP + 2 MP Triple Rear & 16 MP Front Camera,Android v14,No FM Radio
674,Xiaomi Redmi 12 5G (8GB RAM + 256GB),https://www.smartprix.com/mobiles/xiaomi-redmi-12-5g-8gb-ram-256gb-ppd10vg1kv10,"₹14,499",54,"Dual Sim, 3G, 4G, 5G, VoLTE, Wi-Fi, IR Blaster","Snapdragon 4 Gen2, Octa Core, 2.2 GHz Processor","8 GB RAM, 256 GB inbuilt",5000 mAh Battery with 18W Fast Charging,"6.79 inches, 1080 x 2460 px, 90 Hz Display with Punch Hole",50 MP + 2 MP Dual Rear & 8 MP Front Camera,"Memory Card (Hybrid), upto 1 TB",Android v13
675,Samsung Galaxy Z Fold 6,https://www.smartprix.com/mobiles/samsung-galaxy-z-fold-6-ppd1saehyfns,"₹1,39,499",88,"Dual Sim, 3G, 4G, 5G, VoLTE, Vo5G, Wi-Fi, NFC","Snapdragon 8 Gen 3, Octa Core, 3.39 GHz Processor","12 GB RAM, 256 GB inbuilt",4400 mAh Battery with 25W Fast Charging,"7.6 inches, 1856 x 2160 px, 120 Hz Display with Punch Hole","Foldable Display, Dual Display",50 MP + 12 MP + 10 MP Triple Rear & 10 MP + 4 MP Dual Front Camera,Android v14
676,Nubia Neo,https://www.smartprix.com/mobiles/nubia-neo-ppd1b91ja5im,"₹15,990",54,"Dual Sim, 3G, 4G, 5G, VoLTE, Wi-Fi, NFC","Unisoc T820, Octa Core, 2.7 GHz Processor","8 GB RAM, 256 GB inbuilt",4500 mAh Battery with 22.5W Fast Charging,"6.6 inches, 1080 x 2408 px, 120 Hz Display with Water Drop Notch",50 MP + 2 MP Dual Rear & 8 MP Front Camera,Memory Card (Hybrid),Android v13
677,Tecno Camon 20 Pro 5G (8GB RAM + 256GB),https://www.smartprix.com/mobiles/tecno-camon-20-pro-5g-8gb-ram-256gb-ppd1ae9f1w77,"₹17,250",61,"Dual Sim, 3G, 4G, 5G, VoLTE, Wi-Fi","Dimensity 8050, Octa Core, 3 GHz Processor","8 GB RAM, 256 GB inbuilt",5000 mAh Battery with 33W Fast Charging,"6.67 inches, 1080 x 2400 px, 120 Hz Display with Punch Hole",64 MP + 2 MP + 2 MP Triple Rear & 32 MP Front Camera,Android v13,Bluetooth
678,Realme GT Neo 6 SE,https://www.smartprix.com/mobiles/realme-gt-neo-6-se-ppd1go6l6fi0,"₹19,990",68,"Dual Sim, 3G, 4G, 5G, VoLTE, Vo5G, Wi-Fi, NFC, IR Blaster","Snapdragon 7+ Gen3, Octa Core, 2.8 GHz Processor","8 GB RAM, 256 GB inbuilt",5500 mAh Battery with 100W Fast Charging,"6.78 inches, 1264 x 2780 px, 120 Hz Display with Punch Hole",50 MP + 8 MP Dual Rear & 32 MP Front Camera,Android v14,No FM Radio
679,iQOO Z9 5G,https://www.smartprix.com/mobiles/iqoo-z9-ppd1nfv4591z,"₹19,499",62,"Dual Sim, 3G, 4G, 5G, VoLTE, Wi-Fi","Dimensity 7200, Octa Core, 2.8 GHz Processor","8 GB RAM, 128 GB inbuilt",5000 mAh Battery with 44W Fast Charging,"6.67 inches, 1080 x 2400 px, 120 Hz Display with Punch Hole",50 MP + 2 MP Dual Rear & 16 MP Front Camera,"Memory Card (Hybrid), upto 1 TB",Android v14
680,Samsung Galaxy Z Flip 4 (8GB RAM + 256GB),https://www.smartprix.com/mobiles/samsung-galaxy-z-flip-4-8gb-ram-256gb-ppd134kn5tid,"₹39,780",72,"Dual Sim, 3G, 4G, 5G, VoLTE, Wi-Fi, NFC","Snapdragon  8+ Gen1, Octa Core, 3.2 GHz Processor","8 GB RAM, 256 GB inbuilt",3700 mAh Battery with 25W Fast Charging,"6.7 inches, 1080 x 2640 px, 120 Hz Display with Punch Hole","Foldable Display, Dual Display",12 MP + 12 MP Dual Rear & 10 MP Front Camera,Memory Card Not Supported
681,OnePlus 11 5G,https://www.smartprix.com/mobiles/oneplus-11-5g-ppd12268zbmr,"₹33,290",71,"Dual Sim, 3G, 4G, 5G, VoLTE, Wi-Fi, NFC","Snapdragon 8 Gen2, Octa Core, 3.2 GHz Processor","8 GB RAM, 128 GB inbuilt",5000 mAh Battery with 100W Fast Charging,"6.7 inches, 1440 x 3216 px, 120 Hz Display with Punch Hole",50 MP + 48 MP + 32 MP Triple Rear & 16 MP Front Camera,Memory Card Not Supported,Android v13
682,Google Pixel 7 5G,https://www.smartprix.com/mobiles/google-pixel-7-5g-ppd1y71srclf,"₹28,499",64,"Dual Sim, 3G, 4G, 5G, VoLTE, Wi-Fi, NFC","Google Tensor G2, Octa Core, 2.85 GHz Processor","8 GB RAM, 128 GB inbuilt",4355 mAh Battery with 30W Fast Charging,"6.3 inches, 1080 x 2400 px, 90 Hz Display with Punch Hole",50 MP + 12 MP Dual Rear & 10.8 MP Front Camera,Android v13,No FM Radio
683,Samsung Galaxy S22 5G,https://www.smartprix.com/mobiles/samsung-galaxy-s22-5g-ppd14x2ep670,"₹44,999",74,"Dual Sim, 3G, 4G, 5G, VoLTE, Vo5G, Wi-Fi, NFC","Snapdragon  8 Gen1, Octa Core, 3 GHz Processor","8 GB RAM, 128 GB inbuilt",3700 mAh Battery with 25W Fast Charging,"6.1 inches, 1080 x 2340 px, 120 Hz Display with Punch Hole",50 MP + 12 MP + 10 MP Triple Rear & 10 MP Front Camera,Android v12,Bluetooth
684,Oppo A6X 4G,https://www.smartprix.com/mobiles/oppo-a6x-4g-ppd1nwfrktkb,"₹10,999",44,"3G, 4G, Wi-Fi","Snapdragon 685, Octa Core, 2.8 GHz Processor","4 GB RAM, 64 GB inbuilt",6500 mAh Battery with Fast Charging,"6.75 inches, 720 x 1570 px, 120 Hz Display with Punch Hole",13 MP Rear & 5 MP Front Camera,Memory Card Supported,Android v15
685,Infinix GT 50 Pro,https://www.smartprix.com/mobiles/infinix-gt-50-pro-ppd1pebu76ir,"₹29,999",70,"Dual Sim, 3G, 4G, 5G, VoLTE, Wi-Fi, NFC, IR Blaster",Octa Core Processor,"8 GB RAM, 256 GB inbuilt",6150 mAh Battery with 45W Fast Charging,"6.78 inches, 1224 x 2720 px, 144 Hz Display with Punch Hole",50 MP + 8 MP + 8 MP Triple Rear & 13 MP Front Camera,Android v16,Bluetooth
686,Honor Magic 8 RSR,https://www.smartprix.com/mobiles/honor-magic-8-rsr-ppd1nvrtb0rc,"₹59,990",89,"Dual Sim, 3G, 4G, 5G, VoLTE, Vo5G, Wi-Fi, NFC, IR Blaster","Snapdragon 8 Elite Gen 5, Octa Core, 4.6 GHz Processor","16 GB RAM, 512 GB inbuilt",7200 mAh Battery with 120W Fast Charging,"6.71 inches, 1256 x 2808 px, 120 Hz Display with Punch Hole",200 MP + 50 MP + 50 MP Triple Rear & 50 MP Front Camera,Android v16,No FM Radio
687,OPPO Reno 15 Pro 5G (12GB RAM + 512GB),https://www.smartprix.com/mobiles/oppo-reno-15-pro-5g-12gb-ram-512gb-ppd19j9l46vc,"₹72,999",88,"Dual Sim, 3G, 4G, 5G, VoLTE, Wi-Fi, NFC, IR Blaster","Dimensity 8450, Octa Core, 3.25 GHz Processor","12 GB RAM, 512 GB inbuilt",6500 mAh Battery with 80W Fast Charging,"6.78 inches, 1272 x 2772 px, 120 Hz Display with Punch Hole",200 MP + 50 MP + 50 MP Triple Rear & 50 MP Front Camera,Memory Card Not Supported,Android v16
688,OPPO Reno 15 5G (12GB RAM + 512GB),https://www.smartprix.com/mobiles/oppo-reno-15-5g-12gb-ram-512gb-ppd129tgtlub,"₹53,999",80,"Dual Sim, 3G, 4G, 5G, VoLTE, Wi-Fi, IR Blaster","Snapdragon 7 Gen4, Octa Core, 2.8 GHz Processor","12 GB RAM, 512 GB inbuilt",6500 mAh Battery with 80W Fast Charging,"6.59 inches, 1256 x 2760 px, 120 Hz Display with Punch Hole",50 MP + 50 MP + 8 MP Triple Rear & 50 MP Front Camera,Memory Card Not Supported,Android v16
689,OPPO Reno 15 5G (12GB RAM + 256GB),https://www.smartprix.com/mobiles/oppo-reno-15-5g-12gb-ram-256gb-ppd18wmguqg1,"₹48,999",79,"Dual Sim, 3G, 4G, 5G, VoLTE, Wi-Fi, IR Blaster","Snapdragon 7 Gen4, Octa Core, 2.8 GHz Processor","12 GB RAM, 256 GB inbuilt",6500 mAh Battery with 80W Fast Charging,"6.59 inches, 1256 x 2760 px, 120 Hz Display with Punch Hole",50 MP + 50 MP + 8 MP Triple Rear & 50 MP Front Camera,Memory Card Not Supported,Android v16
690,Realme P4 Lite 4G (4GB RAM + 128GB),https://www.smartprix.com/mobiles/realme-p4-lite-4g-4gb-ram-128gb-ppd1gfnl7x3i,"₹11,999",41,"Dual Sim, 3G, 4G, Wi-Fi","Unisoc T7250, Octa Core, 1.8 GHz Processor","4 GB RAM, 128 GB inbuilt",6300 mAh Battery with 15W Fast Charging,"6.74 inches, 720 x 1600 px Display",13 MP Rear & 5 MP Front Camera,Memory Card Supported,Android v15
691,iQOO Z11 Turbo Pro,https://www.smartprix.com/mobiles/iqoo-z11-turbo-pro-ppd11hb8a8rq,"₹3,49,990",80,"Dual Sim, 3G, 4G, 5G, VoLTE, Wi-Fi, NFC, IR Blaster",Octa Core Processor,"12 GB RAM, 256 GB inbuilt",7500 mAh Battery with 100W Fast Charging,"6.78 inches, 1260 x 2800 px, 120 Hz Display with Punch Hole",50 MP + 8 MP Dual Rear & 50 MP Front Camera,Android v16,No FM Radio
692,Vivo X300 (12GB RAM + 512GB),https://www.smartprix.com/mobiles/vivo-x300-12gb-ram-512gb-ppd1wmtr9314,"₹81,998",86,"Dual Sim, 3G, 4G, 5G, VoLTE, Wi-Fi, NFC, IR Blaster","Dimensity 9500, Octa Core, 4.21 GHz Processor","12 GB RAM, 512 GB inbuilt",6040 mAh Battery with 90W Fast Charging,"6.31 inches, 1216 x 2640 px, 120 Hz Display with Punch Hole",200 MP + 50 MP + 50 MP Triple Rear & 50 MP Front Camera,Memory Card Not Supported,Android v16
693,Motorola Edge 70 Ultra,https://www.smartprix.com/mobiles/motorola-edge-70-ultra-ppd1ie9xrm0i,"₹89,990",86,"Dual Sim, 3G, 4G, 5G, VoLTE, Vo5G, Wi-Fi, NFC","Snapdragon 8 Gen 5, Octa Core Processor","12 GB RAM, 512 GB inbuilt",7000 mAh Battery with 11200W Fast Charging,"6.7 inches, 1200 x 2780 px, 120 Hz Display with Punch Hole",50 MP Quad Rear & 60 MP Front Camera,Android v15,No FM Radio
694,Realme C85 5G (6GB RAM + 128GB),https://www.smartprix.com/mobiles/realme-c85-5g-6gb-ram-128gb-ppd1w94y86o1,"₹17,999",55,"Dual Sim, 3G, 4G, 5G, Wi-Fi, NFC","Dimensity 6300, Octa Core, 2.4 GHz Processor","6 GB RAM, 128 GB inbuilt",7000 mAh Battery with 45W Fast Charging,"6.8 inches, 720 x 1570 px, 144 Hz Display with Punch Hole",50 MP Rear & 8 MP Front Camera,Memory Card Supported,Android v15
695,Huawei Mate 80 RS Ultimate,https://www.smartprix.com/mobiles/huawei-mate-80-rs-ultimate-ppd1qywocbqh,"₹1,59,990",80,"Dual Sim, 3G, 4G, 5G, Wi-Fi, NFC, IR Blaster",Kirin 9030,"20 GB RAM, 512 GB inbuilt",6000 mAh Battery with 100W Fast Charging,"6.9 inches, 1320 x 2848 px, 120 Hz Display with Punch Hole",50 MP Quad Rear & 13 MP Front Camera,HarmonyOS v6.0,No FM Radio
696,Xiaomi 18 Pro Max,https://www.smartprix.com/mobiles/xiaomi-18-pro-max-ppd11q11wawb,"₹89,990",89,"Dual Sim, 3G, 4G, 5G, VoLTE, Vo5G, Wi-Fi, NFC, IR Blaster","Snapdragon 8 Elite Gen 6, Octa Core Processor","12 GB RAM, 512 GB inbuilt",8000 mAh Battery with 120W Fast Charging,"6.9 inches, 1200 x 2608 px Display with Punch Hole",200 MP + 200 MP + 50 MP Triple Rear & 50 MP Front Camera,Android v17,No FM Radio
697,OPPO Reno 15 Pro Max,https://www.smartprix.com/mobiles/oppo-reno-15-pro-max-ppd1zhk1toj1,"₹59,990",84,"Dual Sim, 3G, 4G, 5G, VoLTE, Wi-Fi, NFC, IR Blaster","Dimensity 8450, Octa Core, 3.25 GHz Processor","12 GB RAM, 256 GB inbuilt",6500 mAh Battery with 80W Fast Charging,"6.78 inches, 1272 x 2772 px, 120 Hz Display with Punch Hole",200 MP + 50 MP + 50 MP Triple Rear & 50 MP Front Camera,Android v16,No FM Radio
698,Realme 15x 5G (8GB RAM + 128GB),https://www.smartprix.com/mobiles/realme-15x-5g-8gb-ram-128gb-ppd107dhvdg7,"₹19,990",62,"Dual Sim, 3G, 4G, 5G, VoLTE, Wi-Fi","Dimensity 6300, Octa Core, 2.4 GHz Processor","8 GB RAM, 128 GB inbuilt",7000 mAh Battery with 60W Fast Charging,"6.81 inches, 720 x 1570 px, 144 Hz Display with Punch Hole",50 MP + 2 MP Dual Rear & 50 MP Front Camera,Memory Card (Hybrid),Android v15
699,Honor X7d 5G,https://www.smartprix.com/mobiles/honor-x7d-5g-ppd18zf771qv,"₹14,999",52,"Dual Sim, 3G, 4G, 5G, Wi-Fi, NFC","Snapdragon 6s Gen3, Octa Core, 2.3 GHz Processor","6 GB RAM, 128 GB inbuilt",6500 mAh Battery with 35W Fast Charging,"6.77 inches, 720 x 1610 px, 120 Hz Display with Punch Hole",50 MP + 2 MP Dual Rear & 5 MP Front Camera,Android v15,No FM Radio
700,iQOO Z10R (8GB RAM + 256GB),https://www.smartprix.com/mobiles/iqoo-z10r-8gb-ram-256gb-ppd1i4uqsirb,"₹24,998",66,"Dual Sim, 3G, 4G, 5G, VoLTE, Vo5G, Wi-Fi","Dimensity 7400, Octa Core, 2.6 GHz Processor","8 GB RAM, 256 GB inbuilt",5700 mAh Battery with 44W Fast Charging,"6.77 inches, 1080 x 2392 px, 120 Hz Display with Punch Hole",50 MP + 2 MP Dual Rear & 32 MP Front Camera,Memory Card Not Supported,Android v15
701,iQOO Z10 Lite 5G (8GB RAM + 256GB),https://www.smartprix.com/mobiles/iqoo-z10-lite-5g-8gb-ram-256gb-ppd15fue938k,"₹15,999",54,"Dual Sim, 3G, 4G, 5G, VoLTE, Wi-Fi","Dimensity 6300, Octa Core, 2.4 GHz Processor","8 GB RAM, 256 GB inbuilt",6000 mAh Battery with 15W Fast Charging,"6.74 inches, 720 x 1600 px, 90 Hz Display",50 MP + 2 MP Dual Rear & 5 MP Front Camera,Android v15,Bluetooth
702,Infinix Smart 10 HD,https://www.smartprix.com/mobiles/infinix-smart-10-hd-ppd1sseqs2rk,"₹4,999",41,"Dual Sim, 3G, 4G, VoLTE, Wi-Fi, IR Blaster","Octa Core, 1.6 GHz Processor","2 GB RAM, 64 GB inbuilt",5000 mAh Battery with 10W Fast Charging,"6.6 inches, 720 x 1612 px, 90 Hz Display with Punch Hole",13 MP Rear & 8 MP Front Camera,Memory Card Supported,Android v14
703,Infinix Hot 60 Pro,https://www.smartprix.com/mobiles/infinix-hot-60-pro-ppd11nfpswnf,"₹13,990",57,"Dual Sim, 3G, 4G, VoLTE, Wi-Fi, NFC, IR Blaster","Helio G200, Octa Core, 2.2 GHz Processor","8 GB RAM, 128 GB inbuilt",5160 mAh Battery with 45W Fast Charging,"6.78 inches, 1224 x 2720 px, 144 Hz Display with Punch Hole",50 MP Rear & 13 MP Front Camera,Memory Card Supported,Android v15
704,Realme C73 (4GB RAM + 128GB),https://www.smartprix.com/mobiles/realme-c73-4gb-ram-128gb-ppd19l430wrr,"₹12,999",53,"Dual Sim, 3G, 4G, 5G, VoLTE, Wi-Fi","Dimensity 6300, Octa Core, 2.4 GHz Processor","4 GB RAM, 128 GB inbuilt",6000 mAh Battery with 15W Fast Charging,"6.67 inches, 720 x 1604 px, 120 Hz Display with Punch Hole",32 MP Dual Rear & 8 MP Front Camera,"Memory Card (Hybrid), upto 2 TB",Android v15
705,Oppo A5x 5G,https://www.smartprix.com/mobiles/oppo-a5x-5g-ppd1jphji4bi,"₹12,399",52,"Dual Sim, 3G, 4G, 5G, VoLTE, Wi-Fi","Dimensity 6300, Octa Core, 2.4 GHz Processor","4 GB RAM, 128 GB inbuilt",6000 mAh Battery with 45W Fast Charging,"6.67 inches, 720 x 1604 px, 120 Hz Display with Punch Hole",32 MP Rear & 5 MP Front Camera,Memory Card (Hybrid),Android v15
706,Realme Neo 7 Turbo,https://www.smartprix.com/mobiles/realme-neo-7-turbo-ppd1zdmvgy01,"₹23,990",75,"Dual Sim, 3G, 4G, 5G, VoLTE, Vo5G, Wi-Fi, NFC, IR Blaster","Dimensity 9400e, Octa Core Processor","12 GB RAM, 256 GB inbuilt",7200 mAh Battery with 100W Fast Charging,"6.8 inches, 1280 x 2800 px, 144 Hz Display with Punch Hole",50 MP + 8 MP Dual Rear & 16 MP Front Camera,Android v15,No FM Radio
707,Vivo S30 Pro Mini,https://www.smartprix.com/mobiles/vivo-s30-pro-mini-ppd1ipjla5wl,"₹40,990",77,"Dual Sim, 3G, 4G, 5G, VoLTE, Vo5G, Wi-Fi, NFC, IR Blaster","Dimensity 9300 Plus, Octa Core, 3.4 GHz Processor","12 GB RAM, 256 GB inbuilt",6500 mAh Battery with 90W Fast Charging,"6.31 inches, 1216 x 2640 px, 120 Hz Display with Punch Hole",50 MP + 50 MP + 8 MP Triple Rear & 50 MP Front Camera,Memory Card Not Supported,Android v15
708,Poco C75 5G (4GB RAM + 128GB),https://www.smartprix.com/mobiles/poco-c75-5g-4gb-ram-128gb-ppd1lh2be39x,"₹11,499",50,"Dual Sim, 3G, 4G, 5G, VoLTE, Wi-Fi","Snapdragon 4s Gen2, Octa Core, 2 GHz Processor","4 GB RAM, 128 GB inbuilt",5160 mAh Battery with 18W Fast Charging,"6.88 inches, 720 x 1650 px, 120 Hz Display with Water Drop Notch",50 MP Dual Rear & 5 MP Front Camera,"Memory Card Supported, upto 1 TB",Android v14
709,Nothing Phone 3a (12GB RAM + 256GB),https://www.smartprix.com/mobiles/nothing-phone-3a-12gb-ram-256gb-ppd11la5w1qr,"₹28,999",68,"Dual Sim, 3G, 4G, 5G, VoLTE, Wi-Fi, NFC","Snapdragon 7s Gen3, Octa Core, 2.5 GHz Processor","12 GB RAM, 256 GB inbuilt",5000 mAh Battery with 50W Fast Charging,"6.77 inches, 1080 x 2392 px, 120 Hz Display with Punch Hole",50 MP + 50 MP + 8 MP Triple Rear & 32 MP Front Camera,Android v15,No FM Radio
710,Poco M7 5G (8GB RAM + 128GB),https://www.smartprix.com/mobiles/poco-m7-5g-8gb-ram-128gb-ppd1dterax97,"₹13,499",53,"Dual Sim, 3G, 4G, 5G, VoLTE, Wi-Fi","Snapdragon 4 Gen2, Octa Core, 2.2 GHz Processor","8 GB RAM, 128 GB inbuilt",5160 mAh Battery with 18W Fast Charging,"6.88 inches, 720 x 1640 px, 120 Hz Display with Water Drop Notch",50 MP Rear & 8 MP Front Camera,"Memory Card Supported, upto 1 TB",Android v14
711,Samsung Galaxy M16 5G (8GB RAM + 128GB),https://www.smartprix.com/mobiles/samsung-galaxy-m16-5g-8gb-ram-128gb-ppd1nl1x3goj,"₹17,499",57,"Dual Sim, 3G, 4G, 5G, VoLTE, Wi-Fi, NFC","Dimensity 6300, Octa Core, 2.4 GHz Processor","8 GB RAM, 128 GB inbuilt",5000 mAh Battery with 25W Fast Charging,"6.7 inches, 1080 x 2340 px, 90 Hz Display with Punch Hole",50 MP + 5 MP + 2 MP Triple Rear & 13 MP Front Camera,"Memory Card (Hybrid), upto 1.5 TB",Android v14
712,Apple iPhone 16e (256GB),https://www.smartprix.com/mobiles/apple-iphone-16e-256gb-ppd1ximsc6yp,"₹61,790",64,"Dual Sim, 3G, 4G, 5G, VoLTE, Wi-Fi, NFC","Bionic A18, Hexa Core, 4.04 GHz Processor","8 GB RAM, 256 GB inbuilt",4005 mAh Battery with Fast Charging,"6.1 inches, 1170 x 2532 px Display with Small Notch",48 MP Rear & 12 MP Front Camera,Memory Card Not Supported,iOS v18
713,Honor 400 Lite,https://www.smartprix.com/mobiles/honor-400-lite-ppd161ucowxu,"₹34,990",63,"Dual Sim, 3G, 4G, 5G, VoLTE, Wi-Fi, NFC","Dimensity 7025 Ultra, Octa Core, 2.5 GHz Processor","8 GB RAM, 256 GB inbuilt",5230 mAh Battery with 35W Fast Charging,"6.7 inches, 1080 x 2412 px, 120 Hz Display with Small Notch",108 MP + 5 MP Dual Rear & 16 MP Front Camera,Android v15,No FM Radio
714,Honor 400 Pro,https://www.smartprix.com/mobiles/honor-400-pro-ppd13ivi3mtc,"₹64,990",81,"Dual Sim, 3G, 4G, 5G, VoLTE, Wi-Fi, NFC, IR Blaster","Snapdragon 8 Gen3, Octa Core, 3.3 GHz Processor","12 GB RAM, 256 GB inbuilt",6000 mAh Battery with 100W Fast Charging,"6.7 inches, 1280 x 2800 px, 120 Hz Display with Punch Hole",200 MP + 50 MP + 12 MP Triple Rear & 50 MP + 2 MP Dual Front Camera,Android v15,No FM Radio
715,Samsung Galaxy S25 Edge,https://www.smartprix.com/mobiles/samsung-galaxy-s25-edge-ppd1zfdnebky,"₹89,999",81,"Dual Sim, 3G, 4G, 5G, VoLTE, Vo5G, Wi-Fi, NFC","Snapdragon 8Elite, Octa Core, 4.47 GHz Processor","12 GB RAM, 256 GB inbuilt",3900 mAh Battery with 25W Fast Charging,"6.7 inches, 1440 x 3120 px, 120 Hz Display with Punch Hole",200 MP + 12 MP Dual Rear & 12 MP Front Camera,Android v15,No FM Radio
716,Motorola Moto G65 5G,https://www.smartprix.com/mobiles/motorola-moto-g65-5g-ppd1wld9itjj,"₹16,990",62,"Dual Sim, 3G, 4G, 5G, VoLTE, Vo5G, Wi-Fi","Dimensity 7300, Octa Core, 2.5 GHz Processor","8 GB RAM, 128 GB inbuilt",6000 mAh Battery with 45W Fast Charging,"6.67 inches, 1080 x 2400 px, 120 Hz Display with Punch Hole",50 MP + 8 MP Dual Rear & 32 MP Front Camera,"Memory Card (Hybrid), upto 1 TB",Android v15
717,OnePlus 13 (16GB RAM+ 512GB),https://www.smartprix.com/mobiles/oneplus-13-16gb-ram-512gb-ppd1p1klqhof,"₹67,999",90,"Dual Sim, 3G, 4G, 5G, VoLTE, Vo5G, Wi-Fi, NFC, IR Blaster","Snapdragon 8 Elite, Octa Core, 4.32 GHz Processor","16 GB RAM, 512 GB inbuilt",6000 mAh Battery with 100W Fast Charging,"6.82 inches, 1440 x 3168 px, 120 Hz Display with Punch Hole",50 MP + 50 MP + 50 MP Triple Rear & 32 MP Front Camera,Memory Card Not Supported,Android v15
718,Xiaomi Redmi Note 14 Pro Plus (12GB RAM + 512GB),https://www.smartprix.com/mobiles/xiaomi-redmi-note-14-pro-plus-12gb-ram-512gb-ppd1k5dc50f9,"₹30,999",72,"Dual Sim, 3G, 4G, 5G, VoLTE, Wi-Fi, IR Blaster","Snapdragon 7s Gen3, Octa Core, 2.5 GHz Processor","12 GB RAM, 512 GB inbuilt",6200 mAh Battery with 90W Fast Charging,"6.67 inches, 1220 x 2712 px, 120 Hz Display with Punch Hole",50 MP + 50 MP + 8 MP Triple Rear & 20 MP Front Camera,Memory Card Not Supported,Android v14
719,itel S25 Ultra,https://www.smartprix.com/mobiles/itel-s25-ultra-ppd1qejkcv7a,"₹17,990",57,"Dual Sim, 3G, 4G, VoLTE, Wi-Fi, NFC, IR Blaster","Unisoc T620, Octa Core, 2.2 GHz Processor","8 GB RAM, 128 GB inbuilt",5000 mAh Battery with 18W Fast Charging,"6.78 inches, 1080 x 2436 px, 120 Hz Display with Punch Hole",50 MP + Macro Dual Rear & 32 MP Front Camera,Android v14,No FM Radio
720,Oppo A5 Pro 5G,https://www.smartprix.com/mobiles/oppo-a5-pro-ppd1klrobrjb,"₹17,810",58,"Dual Sim, 3G, 4G, 5G, VoLTE, Wi-Fi","Dimensity 6300, Octa Core, 2.4 GHz Processor","8 GB RAM, 128 GB inbuilt",5800 mAh Battery with 45W Fast Charging,"6.67 inches, 720 x 1604 px, 120 Hz Display with Punch Hole",50 MP + 2 MP Dual Rear & 8 MP Front Camera,Android v15,No FM Radio
721,Samsung Galaxy M55s 5G (8GB RAM + 256GB),https://www.smartprix.com/mobiles/samsung-galaxy-m55s-5g-8gb-ram-256gb-ppd1mzhtmsh0,"₹21,975",63,"Dual Sim, 3G, 4G, 5G, VoLTE, Wi-Fi, NFC","Snapdragon 7 Gen1, Octa Core, 2.4 GHz Processor","8 GB RAM, 256 GB inbuilt",5000 mAh Battery with 45W Fast Charging,"6.7 inches, 1080 x 2400 px, 120 Hz Display with Punch Hole",50 MP + 8 MP + 2 MP Triple Rear & 50 MP Front Camera,"Memory Card (Hybrid), upto 1 TB",Android v14
722,Motorola Moto G77 5G,https://www.smartprix.com/mobiles/motorola-moto-g77-5g-ppd10jbi0ub5,"₹29,990",67,"Dual Sim, 3G, 4G, 5G, VoLTE, Wi-Fi, NFC","Dimensity 6400, Octa Core, 2.5 GHz Processor","8 GB RAM, 128 GB inbuilt",5200 mAh Battery with 30W Fast Charging,"6.78 inches, 1272 x 2772 px, 120 Hz Display with Punch Hole",108 MP + 8 MP Dual Rear & 32 MP Front Camera,Memory Card (Hybrid),Android v16
723,Vivo Y19s,https://www.smartprix.com/mobiles/vivo-y19s-ppd16er9z86f,"₹8,990",48,"Dual Sim, 3G, 4G, VoLTE, Wi-Fi","Unisoc T612, Octa Core, 1.8 GHz Processor","6 GB RAM, 128 GB inbuilt",5500 mAh Battery with 15W Fast Charging,"6.68 inches, 720 x 1608 px, 90 Hz Display with Water Drop Notch",50 MP Dual Rear & 5 MP Front Camera,Memory Card Supported,Android v14
724,Infinix Note 40 Pro Plus Racing Edition,https://www.smartprix.com/mobiles/infinix-note-40-pro-plus-racing-edition-ppd1fbfmkbs8,"₹24,999",72,"Dual Sim, 3G, 4G, 5G, VoLTE, Wi-Fi, NFC, IR Blaster","Dimensity 7020, Octa Core, 2.2 GHz Processor","12 GB RAM, 256 GB inbuilt",4600 mAh Battery with 100W Fast Charging,"6.78 inches, 1080 x 2436 px, 120 Hz Display with Punch Hole",108 MP + 2 MP + 2 MP Triple Rear & 32 MP Front Camera,Memory Card Not Supported,Android v14
725,iQOO Z9s Pro 5G,https://www.smartprix.com/mobiles/iqoo-z9s-pro-5g-ppd1ixqc4bna,"₹24,999",64,"Dual Sim, 3G, 4G, 5G, VoLTE, Wi-Fi","Snapdragon 7 Gen3, Octa Core, 2.63 GHz Processor","8 GB RAM, 128 GB inbuilt",5500 mAh Battery with 80W Fast Charging,"6.77 inches, 1080 x 2392 px, 120 Hz Display with Punch Hole",50 MP + 8 MP Dual Rear & 16 MP Front Camera,Memory Card Not Supported,Android v14
726,Samsung Galaxy F56 5G,https://www.smartprix.com/mobiles/samsung-galaxy-f56-5g-ppd19p7lpg8t,"₹25,670",64,"Dual Sim, 3G, 4G, 5G, VoLTE, Wi-Fi","Exynos 1480, Octa Core, 2.7 GHz Processor","8 GB RAM, 128 GB inbuilt",5000 mAh Battery with 45W Fast Charging,"6.74 inches, 1080 x 2340 px, 120 Hz Display with Punch Hole",50 MP + 8 MP + 2 MP Triple Rear & 12 MP Front Camera,Memory Card Not Supported,Android v15
727,Realme P2 Pro 5G,https://www.smartprix.com/mobiles/realme-p2-pro-5g-ppd1r9drsn0f,"₹17,999",63,"Dual Sim, 3G, 4G, 5G, VoLTE, Wi-Fi","Snapdragon 7s Gen 2, Octa Core, 2.4 GHz Processor","8 GB RAM, 128 GB inbuilt",5200 mAh Battery with 80W Fast Charging,"6.7 inches, 1080 x 2412 px, 120 Hz Display with Punch Hole",50 MP + 8 MP Dual Rear & 32 MP Front Camera,Android v14,No FM Radio
728,Xiaomi Redmi K90,https://www.smartprix.com/mobiles/xiaomi-redmi-k90-ppd14q9t52lr,"₹35,990",76,"Dual Sim, 3G, 4G, 5G, VoLTE, Wi-Fi, NFC, IR Blaster","Snapdragon 8 Elite, Octa Core, 4.32 GHz Processor","12 GB RAM, 256 GB inbuilt",7100 mAh Battery with 100W Fast Charging,"6.59 inches, 1156 x 2510 px, 120 Hz Display with Punch Hole",50 MP + 50 MP + 8 MP Triple Rear & 20 MP Front Camera,Android v16,No FM Radio
729,Vivo T3 5G (8GB RAM + 256GB),https://www.smartprix.com/mobiles/vivo-t3-5g-8gb-ram-256gb-ppd189li6a0l,"₹19,499",62,"Dual Sim, 3G, 4G, 5G, VoLTE, Wi-Fi","Dimensity 7200, Octa Core, 2.8 GHz Processor","8 GB RAM, 256 GB inbuilt",5000 mAh Battery with 44W Fast Charging,"6.67 inches, 1080 x 2400 px, 120 Hz Display with Punch Hole",50 MP + 2 MP Triple Rear & 16 MP Front Camera,"Memory Card (Hybrid), upto 1 TB",Android v14
730,Poco X6 Neo (12GB RAM + 256GB),https://www.smartprix.com/mobiles/poco-x6-neo-12gb-ram-256gb-ppd1w5siku8e,"₹17,999",66,"Dual Sim, 3G, 4G, 5G, VoLTE, Wi-Fi, IR Blaster","Dimensity 6080, Octa Core, 2.4 GHz Processor","12 GB RAM, 256 GB inbuilt",5000 mAh Battery with 33W Fast Charging,"6.67 inches, 1080 x 2400 px, 120 Hz Display with Punch Hole",108 MP + 2 MP Dual Rear & 16 MP Front Camera,"Memory Card (Hybrid), upto 1 TB",Android v13
731,Nubia Neo 2,https://www.smartprix.com/mobiles/nubia-neo-2-ppd1omgxsfck,"₹18,990",58,"Dual Sim, 3G, 4G, 5G, VoLTE, Wi-Fi, NFC","Unisoc T820, Octa Core, 2.7 GHz Processor","8 GB RAM, 256 GB inbuilt",6000 mAh Battery with 33W Fast Charging,"6.72 inches, 1080 x 2400 px, 120 Hz Display with Punch Hole",50 MP + 2 MP Dual Rear & 16 MP Front Camera,Android v13,No FM Radio
732,Oppo F25 Pro 5G,https://www.smartprix.com/mobiles/oppo-f25-pro-5g-ppd166dl3w8z,"₹21,999",66,"Dual Sim, 3G, 4G, 5G, VoLTE, Wi-Fi","Dimensity 7050, Octa Core, 2.6 GHz Processor","8 GB RAM, 128 GB inbuilt",5000 mAh Battery with 67W Fast Charging,"6.7 inches, 1080 x 2412 px, 120 Hz Display with Punch Hole",64 MP + 8 MP + 2 MP Triple Rear & 32 MP Front Camera,"Memory Card (Hybrid), upto 2 TB",Android v14
733,Realme 13 Pro Plus 5G,https://www.smartprix.com/mobiles/realme-13-pro-plus-5g-ppd1t24hwyo8,"₹27,998",67,"Dual Sim, 3G, 4G, 5G, VoLTE, Wi-Fi","Snapdragon 7s Gen2, Octa Core, 2.4 GHz Processor","8 GB RAM, 256 GB inbuilt",5200 mAh Battery with 80W Fast Charging,"6.7 inches, 1080 x 2412 px, 120 Hz Display with Punch Hole",50 MP + 50 MP + 8 MP Triple Rear & 32 MP Front Camera,Memory Card Not Supported,Android v14
734,Vivo X Fold 3 Pro,https://www.smartprix.com/mobiles/vivo-x-fold-3-pro-ppd1ao3tjn9g,"₹1,29,999",95,"Dual Sim, 3G, 4G, 5G, VoLTE, Wi-Fi, NFC, IR Blaster","Snapdragon 8 Gen3, Octa Core, 3.3 GHz Processor","16 GB RAM, 512 GB inbuilt",5700 mAh Battery with 100W Fast Charging,"8.03 inches, 2200 x 2480 px, 120 Hz Display with Punch Hole","Foldable Display, Dual Display",64 MP + 50 MP + 50 MP Triple Rear & 32 MP + 32 MP Dual Front Camera,Memory Card Not Supported
735,Nubia Z60 Ultra,https://www.smartprix.com/mobiles/nubia-z60-ultra-ppd1wvsncnif,"₹52,990",76,"Dual Sim, 3G, 4G, 5G, VoLTE, Wi-Fi, NFC, IR Blaster","Snapdragon 8 Gen3, Octa Core, 3.3 GHz Processor","8 GB RAM, 256 GB inbuilt",6000 mAh Battery with 80W Fast Charging,"6.8 inches, 1116 x 2480 px, 120 Hz Display",64 MP + 50 MP + 50 MP Triple Rear & 16 MP Front Camera,Android v14,No FM Radio
736,Motorola Edge 40 Neo,https://www.smartprix.com/mobiles/motorola-edge-40-neo-ppd13yt489op,"₹19,990",63,"Dual Sim, 3G, 4G, 5G, VoLTE, Wi-Fi, NFC","Dimensity 7030, Octa Core, 2.5 GHz Processor","8 GB RAM, 128 GB inbuilt",5000 mAh Battery with 68W Fast Charging,"6.55 inches, 1080 x 2400 px, 144 Hz Display with Punch Hole",50 MP + 13 MP Dual Rear & 32 MP Front Camera,Memory Card Not Supported,Android v13
737,Xiaomi Redmi 12 4G (6GB RAM + 128GB),https://www.smartprix.com/mobiles/xiaomi-redmi-12-4g-6gb-ram-128gb-ppd11e5ge96w,"₹9,999",50,"Dual Sim, 3G, 4G, VoLTE, Wi-Fi, IR Blaster","Helio G88, Octa Core, 2 GHz Processor","6 GB RAM, 128 GB inbuilt",5000 mAh Battery with 18W Fast Charging,"6.79 inches, 1080 x 2460 px, 90 Hz Display with Punch Hole",50 MP + 8 MP + 2 MP Triple Rear & 8 MP Front Camera,"Memory Card (Hybrid), upto 1 TB",Android v13
738,Poco F6 5G,https://www.smartprix.com/mobiles/poco-f6-ppd1i9at4dga,"₹29,999",71,"Dual Sim, 3G, 4G, 5G, VoLTE, Wi-Fi, NFC, IR Blaster","Snapdragon 8s Gen3, Octa Core, 3 GHz Processor","8 GB RAM, 256 GB inbuilt",5000 mAh Battery with 90W Fast Charging,"6.67 inches, 1220 x 2712 px, 120 Hz Display with Punch Hole",50 MP + 8 MP Dual Rear & 20 MP Front Camera,Memory Card Not Supported,Android v14
739,Motorola Edge 50 Pro 5G,https://www.smartprix.com/mobiles/motorola-edge-50-pro-ppd1jpg2bcji,"₹25,999",74,"Dual Sim, 3G, 4G, 5G, VoLTE, Vo5G, Wi-Fi, NFC","Snapdragon 7 Gen3, Octa Core, 2.63 GHz Processor","8 GB RAM, 256 GB inbuilt",4500 mAh Battery with 68W Fast Charging,"6.7 inches, 1220 x 2712 px, 144 Hz Display with Punch Hole",50 MP + 13 MP + 10 MP Triple Rear & 50 MP Front Camera,Android v14,No FM Radio
740,Samsung Galaxy F54,https://www.smartprix.com/mobiles/samsung-galaxy-f54-ppd1n8r3iy4m,"₹35,999",68,"Dual Sim, 3G, 4G, 5G, VoLTE, Wi-Fi, NFC","Exynos 1380, Octa Core, 2.4 GHz Processor","8 GB RAM, 256 GB inbuilt",6000 mAh Battery with 25W Fast Charging,"6.7 inches, 1080 x 2408 px, 120 Hz Display with Punch Hole",108 MP + 8 MP + 2 MP Triple Rear & 32 MP Front Camera,"Memory Card (Hybrid), upto 1 TB",Android v13
741,Vivo V30 5G,https://www.smartprix.com/mobiles/vivo-v30-ppd13n6nauwh,"₹28,999",68,"Dual Sim, 3G, 4G, 5G, VoLTE, Wi-Fi","Snapdragon 7 Gen3, Octa Core, 2.63 GHz Processor","8 GB RAM, 128 GB inbuilt",5000 mAh Battery with 80W Fast Charging,"6.78 inches, 1260 x 2800 px, 120 Hz Display with Punch Hole",50 MP + 50 MP Dual Rear & 50 MP Front Camera,Android v14,No FM Radio
742,Samsung Galaxy S23 FE 5G,https://www.smartprix.com/mobiles/samsung-galaxy-s23-fe-5g-ppd15cnh89yk,"₹79,999",72,"Dual Sim, 3G, 4G, 5G, VoLTE, Vo5G, Wi-Fi, NFC","Exynos 2200, Octa Core, 2.8 GHz Processor","8 GB RAM, 128 GB inbuilt",4500 mAh Battery with 25W Fast Charging,"6.4 inches, 1080 x 2340 px, 120 Hz Display with Punch Hole",50 MP + 12 MP + 8 MP Triple Rear & 10 MP Front Camera,Memory Card Not Supported,Android v13
743,Xiaomi Redmi Note 12 Pro 5G,https://www.smartprix.com/mobiles/xiaomi-redmi-note-12-pro-5g-ppd1t918j5hy,"₹17,799",62,"Dual Sim, 3G, 4G, 5G, VoLTE, Wi-Fi, IR Blaster","Dimensity 1080, Octa Core, 2.6 GHz Processor","6 GB RAM, 128 GB inbuilt",5000 mAh Battery with 67W Fast Charging,"6.67 inches, 1080 x 2400 px, 120 Hz Display with Punch Hole",50 MP + 8 MP + 2 MP Triple Rear & 16 MP Front Camera,Android v12,No FM Radio
744,OnePlus Nord 3 5G,https://www.smartprix.com/mobiles/oneplus-nord-3-5g-ppd1mxnblktf,"₹26,999",67,"Dual Sim, 3G, 4G, 5G, VoLTE, Wi-Fi, NFC, IR Blaster","Dimensity 9000, Octa Core, 3.05 GHz Processor","8 GB RAM, 128 GB inbuilt",5000 mAh Battery with 80W Fast Charging,"6.74 inches, 1240 x 2772 px, 120 Hz Display with Punch Hole",50 MP + 8 MP + 2 MP Triple Rear & 16 MP Front Camera,Android v13,No FM Radio
745,Motorola Moto G60,https://www.smartprix.com/mobiles/motorola-moto-g60-ppd1xik5c50k,"₹14,000",58,"Dual Sim, 3G, 4G, VoLTE, Wi-Fi, NFC","Snapdragon  732G, Octa Core, 2.3 GHz Processor","6 GB RAM, 128 GB inbuilt",6000 mAh Battery with 20W Fast Charging,"6.78 inches, 1080 x 2460 px, 120 Hz Display with Punch Hole",108 MP + 8 MP + 2 MP Triple Rear & 32 MP Front Camera,"Memory Card (Hybrid), upto 1 TB",Android v11
746,OnePlus 8 Pro,https://www.smartprix.com/mobiles/oneplus-8-pro-ppd1hf5ibr4j,"₹29,998",68,"Dual Sim, 3G, 4G, 5G, VoLTE, Wi-Fi, NFC","Snapdragon 865, Octa Core, 2.84 GHz Processor","8 GB RAM, 128 GB inbuilt",4510 mAh Battery with Fast Charging,"6.78 inches, 1440 x 3168 px, 120 Hz Display with Punch Hole",48 MP Quad Rear & 16 MP Front Camera,Memory Card Not Supported,Android v10.0
747,Docoss X1,https://www.smartprix.com/mobiles/docoss-x1-p1101ud9mibg,₹888,19,"Dual Sim, 3G, Wi-Fi","Quad Core, 1.2 GHz Processor","1 GB RAM, 4 GB inbuilt",1300 mAh Battery,"4 inches, 480 x 854 px Display",2 MP Rear & 0.3 MP Front Camera,"Memory Card Supported, upto 32 GB",Android v4.4 (KitKat)
748,OPPO Reno 16 5G,https://www.smartprix.com/mobiles/oppo-reno-16-5g-ppd1d57nde5z,"₹47,999",77,"Dual Sim, 3G, 4G, 5G, VoLTE, Wi-Fi, IR Blaster",Octa Core Processor,"8 GB RAM, 256 GB inbuilt",7000 mAh Battery with 100W Fast Charging,"6.67 inches, 1256 x 2760 px, 120 Hz Display with Punch Hole",200 MP + 50 MP + 8 MP Triple Rear & 50 MP Front Camera,Memory Card Not Supported,Android v17
749,Oppo A6 5G (6GB RAM + 256GB),https://www.smartprix.com/mobiles/oppo-a6-5g-6gb-ram-256gb-ppd1rgi1ekgq,"₹21,999",59,"Dual Sim, 3G, 4G, 5G, Wi-Fi, NFC","Dimensity 6300, Octa Core, 2.4 GHz Processor","6 GB RAM, 256 GB inbuilt",7000 mAh Battery with 45W Fast Charging,"6.75 inches, 720 x 1570 px, 120 Hz Display with Punch Hole",50 MP + 2 MP Dual Rear & 8 MP Front Camera,Memory Card Supported,Android v15
750,Realme 15 Lite 5G (8GBRAM + 256GB),https://www.smartprix.com/mobiles/realme-15-lite-5g-8gbram-256gb-ppd1hwqrx904,"₹19,099",61,"Dual Sim, 3G, 4G, 5G, VoLTE, Wi-Fi","Dimensity 7300 Energy, Octa Core, 2.5 GHz Processor","8 GB RAM, 256 GB inbuilt",5000 mAh Battery with 80W Fast Charging,"6.67 inches, 1080 x 2400 px, 120 Hz Display with Punch Hole",50 MP Dual Rear & 16 MP Front Camera,Memory Card (Hybrid),Android v15
751,Poco M8 5G (8GB RAM + 128GB),https://www.smartprix.com/mobiles/poco-m8-5g-8gb-ram-128gb-ppd1ky5uq8c5,"₹17,975",62,"Dual Sim, 3G, 4G, 5G, VoLTE, Wi-Fi, IR Blaster","Snapdragon 6 Gen3, Octa Core Processor","8 GB RAM, 128 GB inbuilt",5520 mAh Battery with 45W Fast Charging,"6.77 inches, 1080 x 2392 px, 120 Hz Display with Punch Hole",50 MP + 2 MP Dual Rear & 20 MP Front Camera,"Memory Card (Hybrid), upto 1 TB",Android v15
752,Realme 16 Pro Plus 5G (8GB+256GB),https://www.smartprix.com/mobiles/realme-16-pro-plus-5g-8gb-256gb-ppd1gw3ltir2,"₹45,999",81,"Dual Sim, 3G, 4G, 5G, VoLTE, Wi-Fi, NFC, IR Blaster","Snapdragon 7 Gen4, Octa Core, 2.8 GHz Processor","8 GB RAM, 256 GB inbuilt",7000 mAh Battery with 80W Fast Charging,"6.8 inches, 1280 x 2800 px, 144 Hz Display with Punch Hole",200 MP + 50 MP + 8 MP Triple Rear & 50 MP Front Camera,Android v16,No FM Radio
753,POCO C85 5G (8GB RAM + 128GB),https://www.smartprix.com/mobiles/poco-c85-5g-8gb-ram-128gb-ppd155ij8hbn,"₹13,878",58,"Dual Sim, 3G, 4G, 5G, VoLTE, Wi-Fi, NFC","Dimensity 6300, Octa Core, 2.4 GHz Processor","8 GB RAM, 128 GB inbuilt",6000 mAh Battery with 33W Fast Charging,"6.9 inches, 720 x 1600 px, 120 Hz Display with Punch Hole",50 MP Dual Rear & 8 MP Front Camera,"Memory Card (Hybrid), upto 1 TB",Android v15
754,OnePlus Ace 6T,https://www.smartprix.com/mobiles/oneplus-ace-6t-ppd1rn42h1x1,"₹34,990",75,"Dual Sim, 3G, 4G, 5G, VoLTE, Vo5G, Wi-Fi, NFC, IR Blaster","Snapdragon 8 Gen5, Octa Core, 3.84 GHz Processor","12 GB RAM, 256 GB inbuilt",8300 mAh Battery with 100W Fast Charging,"6.83 inches, 1272 x 2800 px, 165 Hz Display with Punch Hole",50 MP + 8 MP Dual Rear & 16 MP Front Camera,Memory Card Not Supported,Android v16
755,Oppo Find N6,https://www.smartprix.com/mobiles/oppo-find-n6-ppd1zd1h6zu2,"₹1,69,990",94,"Dual Sim, 3G, 4G, 5G, VoLTE, Wi-Fi, NFC, IR Blaster","Snapdragon 8 Elite Gen 5, Octa Core, 4.6 GHz Processor","12 GB RAM, 256 GB inbuilt",6000 mAh Battery with 100W Fast Charging,"8.12 inches, 2248 x 2480 px, 120 Hz Display with Punch Hole","Foldable Display, Dual Display",200 MP + 50 MP + 50 MP Triple Rear & 8 MP + 8 MP Dual Front Camera,Memory Card Not Supported
756,Peace Mini 6,https://www.smartprix.com/mobiles/peace-mini-6-ppd1u8i10pp9,"₹4,999",21,"Dual Sim, 3G, 4G, VoLTE, Wi-Fi","Helio, Single Core, 1.3 MHz Processor","3 GB RAM, 32 GB inbuilt",2000 mAh Battery,"3.75 inches, 412 x 960 px Display",8 MP Rear Camera,Android v12.0,No FM Radio
757,Poco M8 Plus 5G,https://www.smartprix.com/mobiles/poco-m8-plus-5g-ppd1w57p2g2g,"₹13,999",57,"Dual Sim, 3G, 4G, 5G, VoLTE, Wi-Fi, IR Blaster","Snapdragon 6s Gen4, Octa Core Processor","6 GB RAM, 128 GB inbuilt",7500 mAh Battery with 44W Fast Charging,"6.92 inches, 1080 x 2340 px, 144 Hz Display with Punch Hole",50 MP + 2 MP Dual Rear & 16 MP Front Camera,"Memory Card (Hybrid), upto 2 TB",Android v16
758,Realme P4 Lite 4G,https://www.smartprix.com/mobiles/realme-p4-lite-4g-ppd1kv76la0d,"₹9,999",41,"Dual Sim, 3G, 4G, Wi-Fi","Unisoc T7250, Octa Core, 1.8 GHz Processor","4 GB RAM, 64 GB inbuilt",6300 mAh Battery with 15W Fast Charging,"6.74 inches, 720 x 1600 px Display",13 MP Rear & 5 MP Front Camera,Memory Card Supported,Android v15
759,Samsung Galaxy M18 5G,https://www.smartprix.com/mobiles/samsung-galaxy-m18-5g-ppd10sgzo4dl,"₹19,990",55,"Dual Sim, 3G, 4G, 5G, VoLTE, Wi-Fi, NFC",Octa Core Processor,"8 GB RAM, 128 GB inbuilt",5500 mAh Battery with 25W Fast Charging,"6.74 inches, 1080 x 2340 px, 90 Hz Display with Water Drop Notch",50 MP + 8 MP + 2 MP Triple Rear & 16 MP Front Camera,"Memory Card (Hybrid), upto 2 TB",Android v16
760,Motorola Moto X70 Air,https://www.smartprix.com/mobiles/motorola-moto-x70-air-ppd16084n9d7,"₹29,990",76,"Dual Sim, 3G, 4G, 5G, VoLTE, Vo5G, Wi-Fi, NFC","Snapdragon 7 Gen4, Octa Core, 2.8 GHz Processor","12 GB RAM, 256 GB inbuilt",4800 mAh Battery with 68W Fast Charging,"6.7 inches, 1220 x 2712 px, 120 Hz Display with Punch Hole",50 MP + 50 MP Dual Rear & 50 MP Front Camera,"Memory Card (Hybrid), upto 1 TB",Android v16
761,Apple iPhone 17 Pro (512GB),https://www.smartprix.com/mobiles/apple-iphone-17-pro-512gb-ppd1lq7inazq,"₹1,54,900",74,"Dual Sim, 3G, 4G, 5G, VoLTE, Wi-Fi, NFC","Apple A19 Pro, Hexa Core Processor","12 GB RAM, 512 GB inbuilt",3988 mAh Battery with Fast Charging,"6.3 inches, 1206 x 2622 px, 120 Hz Display with Dynamic Island",48 MP + 48 MP + 48 MP Triple Rear & 18 MP Front Camera,Memory Card Not Supported,iOS v26
762,itel Super 26 Ultra,https://www.smartprix.com/mobiles/itel-super-26-ultra-ppd1rm4hx1rq,"₹9,999",49,"Dual Sim, 3G, 4G, Wi-Fi, NFC, IR Blaster","Unisoc T7300, Octa Core, 2.2 GHz Processor","8 GB RAM, 128 GB inbuilt",6000 mAh Battery with 18W Fast Charging,"6.8 inches, 1080 x 2436 px, 144 Hz Display with Punch Hole",50 MP + Macro Dual Rear & Main Front Camera,Android v15,No FM Radio
763,Oppo F31 Pro 5G (12GB RAM + 256GB),https://www.smartprix.com/mobiles/oppo-f31-pro-5g-12gb-ram-256gb-ppd1b86fxd2h,"₹31,999",68,"Dual Sim, 3G, 4G, 5G, VoLTE, Wi-Fi","Dimensity 7300 Energy, Octa Core, 2.5 GHz Processor","12 GB RAM, 256 GB inbuilt",7000 mAh Battery with 80W Fast Charging,"6.57 inches, 1080 x 2372 px, 120 Hz Display with Punch Hole",50 MP + 2 MP Dual Rear & 32 MP Front Camera,Android v15,No FM Radio
764,Infinix Note 60x,https://www.smartprix.com/mobiles/infinix-note-60x-ppd1su398jie,"₹12,990",57,"Dual Sim, 3G, 4G, 5G, VoLTE, Wi-Fi, IR Blaster","Dimensity 7400, Octa Core Processor","6 GB RAM, 128 GB inbuilt",6000 mAh Battery with 45W Fast Charging,"6.67 inches, 720 x 1600 px, 120 Hz Display with Punch Hole",50 MP Dual Rear & 16 MP Front Camera,Memory Card (Hybrid),Android v16
765,Tecno Spark Slim,https://www.smartprix.com/mobiles/tecno-spark-slim-ppd1cqd16h9v,"₹19,999",55,"Dual Sim, 3G, 4G, VoLTE, Wi-Fi, NFC, IR Blaster","Helio G200, Octa Core, 2.2 GHz Processor","8 GB RAM, 128 GB inbuilt",5160 mAh Battery with 45W Fast Charging,"6.78 inches, 1224 x 2720 px, 144 Hz Display with Punch Hole",50 MP Rear & 13 MP Front Camera,Android v15,No FM Radio
766,HMD Fuse,https://www.smartprix.com/mobiles/hmd-fuse-ppd1xpk27l7w,"₹8,990",58,"Dual Sim, 3G, 4G, 5G, VoLTE, Wi-Fi, NFC","Snapdragon 4 Gen2, Octa Core, 2.2 GHz Processor","6 GB RAM, 128 GB inbuilt",5000 mAh Battery with 33W Fast Charging,"6.56 inches, 720 x 1612 px, 90 Hz Display with Punch Hole",108 MP + 2 MP Dual Rear & 50 MP Front Camera,"Memory Card (Hybrid), upto 1 TB",Android v14
767,Nubia Z80 Ultra,https://www.smartprix.com/mobiles/nubia-z80-ultra-ppd1g3auz4gf,"₹61,990",84,"Dual Sim, 3G, 4G, 5G, VoLTE, Wi-Fi, NFC, IR Blaster","Snapdragon 8 Elite Gen 5, Octa Core, 4.6 GHz Processor","12 GB RAM, 512 GB inbuilt",7200 mAh Battery with 90W Fast Charging,"6.85 inches, 1216 x 2688 px, 144 Hz Display",64 MP + 50 MP + 50 MP Triple Rear & 16 MP Front Camera,Android v16,No FM Radio
768,Samsung Galaxy Z Fold 7 (16GB RAM + 1TB),https://www.smartprix.com/mobiles/samsung-galaxy-z-fold-7-16gb-ram-1tb-ppd17t6dg1as,"₹2,16,999",94,"Dual Sim, 3G, 4G, 5G, VoLTE, Vo5G, Wi-Fi, NFC","Snapdragon 8 Elite for Galaxy, Octa Core, 4.47 GHz Processor","16 GB RAM, 1 TB inbuilt",4400 mAh Battery with 25W Fast Charging,"8 inches, 1968 x 2184 px, 120 Hz Display with Punch Hole","Foldable Display, Dual Display",200 MP + 12 MP + 10 MP Triple Rear & 10 MP + 10 MP Dual Front Camera,Android v16
769,Samsung Galaxy M36 5G (8GB RAM + 256GB),https://www.smartprix.com/mobiles/samsung-galaxy-m36-5g-8gb-ram-256gb-ppd1rviv9euc,"₹22,999",61,"Dual Sim, 3G, 4G, 5G, VoLTE, Wi-Fi","Exynos 1380, Octa Core, 2.4 GHz Processor","8 GB RAM, 256 GB inbuilt",5000 mAh Battery with 25W Fast Charging,"6.7 inches, 1080 x 2340 px, 120 Hz Display with Punch Hole",50 MP + 8 MP + 2 MP Triple Rear & 13 MP Front Camera,Memory Card (Hybrid),Android v15
770,Samsung Galaxy S26 Edge,https://www.smartprix.com/mobiles/samsung-galaxy-s26-edge-ppd1z4brt15p,"₹1,19,999",76,"Dual Sim, 3G, 4G, 5G, VoLTE, Vo5G, Wi-Fi, NFC",Octa Core Processor,"12 GB RAM, 256 GB inbuilt",4000 mAh Battery with 25W Fast Charging,"6.7 inches, 1440 x 3120 px, 120 Hz Display with Punch Hole",200 MP + 18 MP Dual Rear & 20 MP Front Camera,Android v15,No FM Radio
771,OPPO Reno 14 Pro 5G (12GB RAM + 512GB),https://www.smartprix.com/mobiles/oppo-reno-14-pro-5g-12gb-ram-512gb-ppd126xxceb8,"₹56,499",88,"Dual Sim, 3G, 4G, 5G, VoLTE, Wi-Fi, NFC, IR Blaster","Dimensity 8450, Octa Core, 3.25 GHz Processor","12 GB RAM, 512 GB inbuilt",6200 mAh Battery with 80W Fast Charging,"6.83 inches, 1272 x 2800 px, 120 Hz Display with Punch Hole",50 MP + 50 MP + 50 MP Triple Rear & 50 MP Front Camera,Android v15,No FM Radio
772,Infinix Smart 10,https://www.smartprix.com/mobiles/infinix-smart-10-ppd1thlpphop,"₹8,499",43,"Dual Sim, 3G, 4G, VoLTE, Wi-Fi","Unisoc T7250, Octa Core, 1.8 GHz Processor","4 GB RAM, 64 GB inbuilt",5000 mAh Battery with 15W Fast Charging,"6.67 inches, 720 x 1600 px, 120 Hz Display with Punch Hole",8 MP Rear & 8 MP Front Camera,Memory Card Supported,Android v15
773,Realme Neo 7 Turbo (16GB RAM + 256GB),https://www.smartprix.com/mobiles/realme-neo-7-turbo-16gb-ram-256gb-ppd1llolwr37,"₹26,990",76,"Dual Sim, 3G, 4G, 5G, VoLTE, Vo5G, Wi-Fi, NFC, IR Blaster","Dimensity 9400e, Octa Core Processor","16 GB RAM, 256 GB inbuilt",7200 mAh Battery with 100W Fast Charging,"6.8 inches, 1280 x 2800 px, 144 Hz Display with Punch Hole",50 MP + 8 MP Dual Rear & 16 MP Front Camera,Android v15,No FM Radio
774,Samsung Galaxy F57 5G,https://www.smartprix.com/mobiles/samsung-galaxy-f57-5g-ppd1dziu6ngs,"₹29,990",61,"Dual Sim, 3G, 4G, 5G, VoLTE, Wi-Fi, NFC",Octa Core Processor,"8 GB RAM, 128 GB inbuilt",5000 mAh Battery with 65W Fast Charging,"6.74 inches, 1080 x 2400 px, 120 Hz Display with Punch Hole",50 MP + Ultra Wide + Macro Triple Rear & 50 MP Front Camera,Android v15,No FM Radio
775,Samsung Galaxy F56 5G (8GB RAM + 256GB),https://www.smartprix.com/mobiles/samsung-galaxy-f56-5g-8gb-ram-256gb-ppd1xwvblzxl,"₹27,598",66,"Dual Sim, 3G, 4G, 5G, VoLTE, Wi-Fi","Exynos 1480, Octa Core, 2.7 GHz Processor","8 GB RAM, 256 GB inbuilt",5000 mAh Battery with 45W Fast Charging,"6.74 inches, 1080 x 2340 px, 120 Hz Display with Punch Hole",50 MP + 8 MP + 2 MP Triple Rear & 12 MP Front Camera,Memory Card Not Supported,Android v15
776,Vivo Y19 5G (6GB RAM + 128GB),https://www.smartprix.com/mobiles/vivo-y19-5g-6gb-ram-128gb-ppd1bd8ss08j,"₹12,999",49,"Dual Sim, 3G, 4G, 5G, VoLTE, Wi-Fi","Dimensity 6300, Octa Core, 2.4 GHz Processor","6 GB RAM, 128 GB inbuilt",5500 mAh Battery with 15W Fast Charging,"6.74 inches, 720 x 1600 px, 90 Hz Display with Water Drop Notch",13 MP + 0.08 MP Dual Rear & 5 MP Front Camera,"Memory Card Supported, upto 2 TB",Android v15
777,Xiaomi Redmi A5 4G (4GB RAM + 128GB),https://www.smartprix.com/mobiles/xiaomi-redmi-a5-4g-4gb-ram-128gb-ppd1m29hohjm,"₹8,999",46,"Dual Sim, 3G, 4G, VoLTE, Wi-Fi","Unisoc T7250, Octa Core, 1.8 GHz Processor","4 GB RAM, 128 GB inbuilt",5200 mAh Battery with 15W Fast Charging,"6.88 inches, 720 x 1650 px, 120 Hz Display with Water Drop Notch",32 MP Rear & 8 MP Front Camera,"Memory Card Supported, upto 2 TB",Android v15
778,iQOO Z10 5G (12GB RAM + 256GB),https://www.smartprix.com/mobiles/iqoo-z10-5g-12gb-ram-256gb-ppd1edsmuv1j,"₹28,998",70,"Dual Sim, 3G, 4G, 5G, VoLTE, Wi-Fi, IR Blaster","Snapdragon 7s Gen3, Octa Core, 2.5 GHz Processor","12 GB RAM, 256 GB inbuilt",7300 mAh Battery with 90W Fast Charging,"6.77 inches, 1080 x 2392 px, 120 Hz Display with Punch Hole",50 MP + 2 MP Dual Rear & 32 MP Front Camera,Memory Card Not Supported,Android v15
779,Infinix Note 50X 5G (8GB RAM + 128 GB),https://www.smartprix.com/mobiles/infinix-note-50x-5g-8gb-ram-128-gb-ppd1a58e52z2,"₹14,999",57,"Dual Sim, 3G, 4G, 5G, VoLTE, Wi-Fi, IR Blaster","Dimensity 7300 Ultimate, Octa Core, 2.5 GHz Processor","8 GB RAM, 128 GB inbuilt",5500 mAh Battery with 45W Fast Charging,"6.67 inches, 720 x 1600 px, 120 Hz Display with Punch Hole",50 MP Dual Rear & 8 MP Front Camera,Memory Card (Hybrid),Android v15
780,Vivo Y29s 5G,https://www.smartprix.com/mobiles/vivo-y29s-5g-ppd1hc2031er,"₹15,990",53,"Dual Sim, 3G, 4G, 5G, VoLTE, Wi-Fi","Dimensity 6300, Octa Core, 2.4 GHz Processor","8 GB RAM, 256 GB inbuilt",5500 mAh Battery with 15W Fast Charging,"6.74 inches, 720 x 1600 px, 90 Hz Display with Punch Hole",50 MP + 0.08 MP Dual Rear & 5 MP Front Camera,"Memory Card Supported, upto 2 TB",Android v15
781,Xiaomi 15T Pro,https://www.smartprix.com/mobiles/xiaomi-15t-pro-ppd1hpn778pa,"₹82,990",81,"Dual Sim, 3G, 4G, 5G, VoLTE, Wi-Fi, NFC, IR Blaster","Dimensity 9400 Plus, Octa Core, 3.63 GHz Processor","12 GB RAM, 256 GB inbuilt",5500 mAh Battery with 90W Fast Charging,"6.83 inches, 1220 x 2712 px, 144 Hz Display with Punch Hole",50 MP + 50 MP + 12 MP Triple Rear & 32 MP Front Camera,Memory Card Not Supported,Android v16
782,Samsung Galaxy A36 5G (12GB RAM + 256GB),https://www.smartprix.com/mobiles/samsung-galaxy-a36-5g-12gb-ram-256gb-ppd198jdokmh,"₹38,499",66,"Dual Sim, 3G, 4G, 5G, VoLTE, Wi-Fi, NFC","Snapdragon 6 Gen3, Octa Core, 2.4 GHz Processor","12 GB RAM, 256 GB inbuilt",5000 mAh Battery with 45W Fast Charging,"6.7 inches, 1080 x 2340 px, 120 Hz Display with Punch Hole",50 MP + 8 MP + 5 MP Triple Rear & 12 MP Front Camera,Android v15,No FM Radio
783,Samsung Galaxy F06 5G (6GB RAM + 128GB),https://www.smartprix.com/mobiles/samsung-galaxy-f06-5g-6gb-ram-128gb-ppd183pmu1qy,"₹11,999",49,"Dual Sim, 3G, 4G, 5G, VoLTE, Wi-Fi","Dimensity 6300, Octa Core, 2.4 GHz Processor","6 GB RAM, 128 GB inbuilt",5000 mAh Battery with 25W Fast Charging,"6.7 inches, 720 x 1600 px Display with Water Drop Notch",50 MP + 2 MP Dual Rear & 8 MP Front Camera,"Memory Card (Hybrid), upto 1 TB",Android v15
784,Samsung Galaxy S25 (12GB RAM + 512GB),https://www.smartprix.com/mobiles/samsung-galaxy-s25-12gb-ram-512gb-ppd1ycos6ic5,"₹86,999",80,"Dual Sim, 3G, 4G, 5G, VoLTE, Vo5G, Wi-Fi, NFC","Snapdragon 8Elite, Octa Core, 4.47 GHz Processor","12 GB RAM, 512 GB inbuilt",4000 mAh Battery with 25W Fast Charging,"6.2 inches, 1080 x 2340 px, 120 Hz Display with Punch Hole",50 MP + 12 MP + 10 MP Triple Rear & 12 MP Front Camera,Android v15,No FM Radio
785,Samsung Galaxy S25 Ultra (12GB RAM + 1TB),https://www.smartprix.com/mobiles/samsung-galaxy-s25-ultra-16gb-ram-1tb-ppd1fr93hm0p,"₹1,65,999",90,"Dual Sim, 3G, 4G, 5G, VoLTE, Vo5G, Wi-Fi, NFC","Snapdragon 8 Elite for Galaxy, Octa Core, 4.47 GHz Processor","12 GB RAM, 1 TB inbuilt",5000 mAh Battery with 45W Fast Charging,"6.9 inches, 1440 x 3120 px, 120 Hz Display with Punch Hole",200 MP Quad Rear & 12 MP Front Camera,Memory Card Not Supported,Android v15
786,Oppo A5 (2025),https://www.smartprix.com/mobiles/oppo-a5-2025-ppd1q3wwzjke,"₹16,399",57,"Dual Sim, 3G, 4G, 5G, VoLTE, Wi-Fi, NFC","Dimensity 6300, Octa Core, 2.4 GHz Processor","6 GB RAM, 128 GB inbuilt",6000 mAh Battery with 45W Fast Charging,"6.67 inches, 720 x 1604 px, 120 Hz Display with Punch Hole",50 MP + 2 MP Dual Rear & 8 MP Front Camera,"Memory Card (Hybrid), upto 2 TB",Android v15
787,OPPO Reno 13 5G (8GB+256GB),https://www.smartprix.com/mobiles/oppo-reno-13-5g-8gb-256gb-ppd1b1p0898u,"₹37,998",72,"Dual Sim, 3G, 4G, 5G, VoLTE, Wi-Fi, NFC, IR Blaster","Dimensity 8350, Octa Core, 3.35 GHz Processor","8 GB RAM, 256 GB inbuilt",5600 mAh Battery with 80W Fast Charging,"6.59 inches, 1256 x 2760 px, 120 Hz Display with Punch Hole",50 MP + 8 MP + 2 MP Triple Rear & 50 MP Front Camera,Android v15,No FM Radio
788,Xiaomi Redmi Note 14 Pro Plus (8GB RAM + 256GB),https://www.smartprix.com/mobiles/xiaomi-redmi-note-14-pro-plus-8gb-ram-256gb-ppd10ekdfbbz,"₹26,400",70,"Dual Sim, 3G, 4G, 5G, VoLTE, Wi-Fi, IR Blaster","Snapdragon 7s Gen3, Octa Core, 2.5 GHz Processor","8 GB RAM, 256 GB inbuilt",6200 mAh Battery with 90W Fast Charging,"6.67 inches, 1220 x 2712 px, 120 Hz Display with Punch Hole",50 MP + 50 MP + 8 MP Triple Rear & 20 MP Front Camera,Memory Card Not Supported,Android v14
789,Motorola Moto G87,https://www.smartprix.com/mobiles/motorola-moto-g87-ppd1fbhkeifv,"₹20,990",61,"Dual Sim, 3G, 4G, 5G, VoLTE, Wi-Fi","Snapdragon 7 Gen2, Octa Core Processor","8 GB RAM, 256 GB inbuilt",5100 mAh Battery with 44W Fast Charging,"6.74 inches, 1080 x 2400 px, 120 Hz Display with Punch Hole",50 MP + 13 MP Dual Rear & 32 MP Front Camera,Memory Card Not Supported,Android v15
790,Xiaomi Redmi A5 5G,https://www.smartprix.com/mobiles/xiaomi-redmi-a5-5g-ppd1cr0dnvmi,"₹9,990",52,"Dual Sim, 3G, 4G, 5G, VoLTE, Wi-Fi, NFC","Snapdragon 4 Gen3, Octa Core Processor","4 GB RAM, 128 GB inbuilt",5500 mAh Battery with 33W Fast Charging,"6.78 inches, 1080 x 2400 px, 120 Hz Display with Water Drop Notch",50 MP + 8 MP + 2 MP Triple Rear & 8 MP Front Camera,"Memory Card Supported, upto 1 TB",Android v14
791,Google Pixel 11,https://www.smartprix.com/mobiles/google-pixel-11-ppd113y2z1aq,"₹79,990",75,"Dual Sim, 3G, 4G, 5G, VoLTE, Vo5G, Wi-Fi, NFC",Google Tensor 6,"8 GB RAM, 256 GB inbuilt",5500 mAh Battery with 65W Fast Charging,"6.6 inches, 1080 x 2400 px, 120 Hz Display with Punch Hole",50 MP + 50 MP Dual Rear & 50 MP Front Camera,Android v15,No FM Radio
792,Motorola Razr 60 5G,https://www.smartprix.com/mobiles/motorola-razr-60-ppd11nucn7m6,"₹49,999",81,"Dual Sim, 3G, 4G, 5G, VoLTE, Wi-Fi, NFC","Dimensity 7400X, Octa Core, 2.6 GHz Processor","8 GB RAM, 256 GB inbuilt",4500 mAh Battery with 30W Fast Charging,"6.9 inches, 1080 x 2640 px, 120 Hz Display with Punch Hole","Foldable Display, Dual Display",50 MP + 13 MP Dual Rear & 32 MP Front Camera,Memory Card Not Supported
793,Tecno Pop 9 5G,https://www.smartprix.com/mobiles/tecno-pop-9-5g-ppd1iyq4e1cs,"₹9,490",53,"Dual Sim, 3G, 4G, 5G, VoLTE, Wi-Fi, NFC, IR Blaster","Dimensity 6300, Octa Core, 2.4 GHz Processor","4 GB RAM, 64 GB inbuilt",5000 mAh Battery with 18W Fast Charging,"6.67 inches, 720 x 1612 px, 120 Hz Display with Punch Hole",48 MP Dual Rear & 8 MP Front Camera,"Memory Card Supported, upto 1 TB",Android v14
794,Asus ROG Phone 9 Pro,https://www.smartprix.com/mobiles/asus-rog-phone-9-pro-ppd1z4xou579,"₹1,01,990",84,"Dual Sim, 3G, 4G, 5G, VoLTE, Wi-Fi, NFC","Snapdragon 8 Elite, Octa Core, 4.32 GHz Processor","16 GB RAM, 512 GB inbuilt",5800 mAh Battery with 65W Fast Charging,"6.78 inches, 1080 x 2400 px, 185 Hz Display with Punch Hole",50 MP + 32 MP + 13 MP Triple Rear & 32 MP Front Camera,Android v15,No FM Radio
795,Vivo Y39 5G,https://www.smartprix.com/mobiles/vivo-y39-ppd1w0hqvptw,"₹16,899",55,"Dual Sim, 3G, 4G, 5G, VoLTE, Wi-Fi","Snapdragon 4 Gen2, Octa Core, 2.2 GHz Processor","8 GB RAM, 128 GB inbuilt",6500 mAh Battery with 44W Fast Charging,"6.68 inches, 720 x 1608 px, 120 Hz Display with Punch Hole",50 MP + 2 MP Dual Rear & 8 MP Front Camera,Memory Card Not Supported,Android v15
796,Realme Narzo 70 Turbo 5G,https://www.smartprix.com/mobiles/realme-narzo-70-turbo-5g-ppd18zdmkshg,"₹16,999",59,"Dual Sim, 3G, 4G, 5G, VoLTE, Wi-Fi","Dimensity 7300 Energy, Octa Core, 2.5 GHz Processor","6 GB RAM, 128 GB inbuilt",5000 mAh Battery with 45W Fast Charging,"6.67 inches, 1080 x 2400 px, 120 Hz Display with Punch Hole",50 MP + 2 MP Dual Rear & 16 MP Front Camera,"Memory Card (Hybrid), upto 1 TB",Android v14
797,Huawei Mate 80 Pro,https://www.smartprix.com/mobiles/huawei-mate-80-pro-ppd1rtqt5b4y,"₹75,990",81,"Dual Sim, 3G, 4G, 5G, VoLTE, Vo5G, Wi-Fi, NFC, IR Blaster","Kirin 9030, Octa Core Processor","12 GB RAM, 256 GB inbuilt",5750 mAh Battery with 100W Fast Charging,"6.75 inches, 1280 x 2832 px, 144 Hz Display with Punch Hole",50 MP + 48 MP + 40 MP Triple Rear & 13 MP Front Camera,"Memory Card (Hybrid), upto 256 GB",Hongmeng OS v6.0
798,Vivo V50 Pro 5G,https://www.smartprix.com/mobiles/vivo-v50-pro-5g-ppd1i9wd332i,"₹54,990",77,"Dual Sim, 3G, 4G, 5G, VoLTE, Wi-Fi","Dimensity 9300, Octa Core, 3.25 GHz Processor","8 GB RAM, 256 GB inbuilt",5700 mAh Battery with 100W Fast Charging,"6.8 inches, 1260 x 2800 px, 144 Hz Display with Punch Hole",50 MP Quad Rear & 50 MP Front Camera,Memory Card Not Supported,Android v15
799,Realme 14 5G,https://www.smartprix.com/mobiles/realme-14-ppd1ryqy8zpa,"₹21,990",61,"Dual Sim, 3G, 4G, 5G, VoLTE, Wi-Fi","Snapdragon 6 Gen4, Octa Core, 2.3 GHz Processor","12 GB RAM, 256 GB inbuilt",6000 mAh Battery with 45W Fast Charging,"6.67 inches, 1080 x 2400 px, 120 Hz Display with Punch Hole",50 MP Rear & 16 MP Front Camera,Android v15,No FM Radio
800,Infinix Zero 40 5G,https://www.smartprix.com/mobiles/infinix-zero-40-5g-ppd13owbxrj6,"₹27,999",75,"Dual Sim, 3G, 4G, 5G, VoLTE, Wi-Fi, NFC, IR Blaster","Dimensity 8200 Ultimate, Octa Core, 3.1 GHz Processor","12 GB RAM, 256 GB inbuilt",5000 mAh Battery with 45W Fast Charging,"6.78 inches, 1080 x 2400 px, 144 Hz Display with Punch Hole",108 MP + 50 MP + 2 MP Triple Rear & 50 MP Front Camera,Android v14,Bluetooth
801,Nothing Phone 2a Plus,https://www.smartprix.com/mobiles/nothing-phone-2a-plus-ppd1s4drfnv1,"₹21,423",67,"Dual Sim, 3G, 4G, 5G, VoLTE, Wi-Fi, NFC","Dimensity 7350 Pro 5G, Octa Core, 3 GHz Processor","8 GB RAM, 256 GB inbuilt",5000 mAh Battery with 50W Fast Charging,"6.7 inches, 1084 x 2412 px, 120 Hz Display with Punch Hole",50 MP + 50 MP Dual Rear & 50 MP Front Camera,Android v14,No FM Radio
802,Realme C61 (6GB RAM + 128GB),https://www.smartprix.com/mobiles/realme-c61-6gb-ram-128gb-ppd1wzcwix73,"₹8,199",46,"Dual Sim, 3G, 4G, VoLTE, Wi-Fi","Unisoc T612, Octa Core, 1.8 GHz Processor","6 GB RAM, 128 GB inbuilt",5000 mAh Battery with 18W Fast Charging,"6.74 inches, 720 x 1600 px, 90 Hz Display with Water Drop Notch",32 MP Rear & 5 MP Front Camera,"Memory Card Supported, upto 2 TB",Android v14
803,Vivo Y300 5G,https://www.smartprix.com/mobiles/vivo-y300-5g-ppd17eq38iic,"₹20,999",61,"Dual Sim, 3G, 4G, 5G, VoLTE, Wi-Fi","Snapdragon 4 Gen2, Octa Core, 2.2 GHz Processor","8 GB RAM, 128 GB inbuilt",5000 mAh Battery with 80W Fast Charging,"6.67 inches, 1080 x 2400 px, 120 Hz Display with Punch Hole",50 MP + 2 MP Dual Rear & 32 MP Front Camera,"Memory Card (Hybrid), upto 2 TB",Android v14
804,Realme Narzo N63,https://www.smartprix.com/mobiles/realme-narzo-n63-ppd1gef1codk,"₹7,999",50,"Dual Sim, 3G, 4G, VoLTE, Wi-Fi, NFC","Unisoc T612, Octa Core, 1.8 GHz Processor","4 GB RAM, 64 GB inbuilt",5000 mAh Battery with 45W Fast Charging,"6.75 inches, 720 x 1600 px, 90 Hz Display with Water Drop Notch",50 MP Dual Rear & 8 MP Front Camera,"Memory Card Supported, upto 1 TB",Android v14
805,Realme C61,https://www.smartprix.com/mobiles/realme-c61-ppd1ggkw491z,"₹7,249",45,"Dual Sim, 3G, 4G, VoLTE, Wi-Fi","Unisoc T612, Octa Core, 1.8 GHz Processor","4 GB RAM, 64 GB inbuilt",5000 mAh Battery with 18W Fast Charging,"6.74 inches, 720 x 1600 px, 90 Hz Display with Water Drop Notch",32 MP Rear & 5 MP Front Camera,"Memory Card Supported, upto 2 TB",Android v14
806,Tecno Camon 30 5G (12GB RAM + 512GB),https://www.smartprix.com/mobiles/tecno-camon-30-5g-12gb-ram-512gb-ppd1hqoxpssa,"₹25,499",66,"Dual Sim, 3G, 4G, 5G, VoLTE, Wi-Fi, IR Blaster","Dimensit 7020, Octa Core, 2.2 GHz Processor","12 GB RAM, 512 GB inbuilt",5000 mAh Battery with 70W Fast Charging,"6.78 inches, 1080 x 2436 px, 120 Hz Display with Punch Hole",50 MP + 2 MP + 0.08 MP Triple Rear & 50 MP Front Camera,"Memory Card Supported, upto 1 TB",Android v14
807,Vertu Ironflip,https://www.smartprix.com/mobiles/vertu-ironflip-ppd1afd66gbu,"₹4,89,990",74,"Dual Sim, 3G, 4G, 5G, Wi-Fi, NFC","Snapdragon 8 Gen2, Octa Core, 3.2 GHz Processor","12 GB RAM, 256 GB inbuilt",4310 mAh Battery with 65W Fast Charging,"6.7 inches, 2790 x 1188 px, 120 Hz Display with Punch Hole",Dual Display,50 MP + 2 MP Dual Rear & 16 MP Front Camera,Android v13
808,OPPO Reno 13 Pro 5G,https://www.smartprix.com/mobiles/oppo-reno-13-pro-5g-ppd17l87o065,"₹45,998",79,"Dual Sim, 3G, 4G, 5G, VoLTE, Wi-Fi, NFC, IR Blaster","Dimensity 8350, Octa Core, 3.35 GHz Processor","12 GB RAM, 256 GB inbuilt",5800 mAh Battery with 80W Fast Charging,"6.83 inches, 1272 x 2800 px, 120 Hz Display with Punch Hole",50 MP + 50 MP + 8 MP Triple Rear & 50 MP Front Camera,Android v15,No FM Radio
809,Realme GT 6T,https://www.smartprix.com/mobiles/realme-gt-6t-ppd1hcy9z9jk,"₹27,990",68,"Dual Sim, 3G, 4G, 5G, VoLTE, Vo5G, Wi-Fi, NFC, IR Blaster","Snapdragon 7+ Gen3, Octa Core, 2.8 GHz Processor","8 GB RAM, 128 GB inbuilt",5500 mAh Battery with 120W Fast Charging,"6.78 inches, 1264 x 2780 px, 120 Hz Display with Punch Hole",50 MP + 8 MP Dual Rear & 32 MP Front Camera,Memory Card Not Supported,Android v14
810,OnePlus Nord CE 5 Lite 5G,https://www.smartprix.com/mobiles/oneplus-nord-ce-5-lite-5g-ppd1gb2apu8h,"₹22,990",62,"Dual Sim, 3G, 4G, 5G, VoLTE, Wi-Fi","Snapdragon 7 Gen2, Octa Core Processor","8 GB RAM, 256 GB inbuilt",5000 mAh Battery with 80W Fast Charging,"6.78 inches, 1080 x 2400 px, 120 Hz Display with Punch Hole",50 MP + 13 MP + 2 MP Triple Rear & 32 MP Front Camera,"Memory Card (Hybrid), upto 1 TB",Android v15
811,Huawei Pura 80 Ultra,https://www.smartprix.com/mobiles/huawei-pura-80-ultra-ppd1iclzav7a,"₹1,18,990",83,"Dual Sim, 3G, 4G, 5G, VoLTE, Wi-Fi, NFC, IR Blaster","Kirin 9020, Octa Core, 2.5 GHz Processor","16 GB RAM, 512 GB inbuilt",5700 mAh Battery with 100W Fast Charging,"6.8 inches, 1276 x 2848 px, 120 Hz Display with Punch Hole",50 MP + 50 MP + 40 MP Triple Rear & 13 MP Front Camera,HarmonyOS v5.1,No FM Radio
812,Vivo T3x 5G (8GB RAM + 128GB),https://www.smartprix.com/mobiles/vivo-t3x-5g-8gb-ram-128gb-ppd1rp7xlk8m,"₹15,499",57,"Dual Sim, 3G, 4G, 5G, VoLTE, Wi-Fi","Snapdragon 6 Gen1, Octa Core, 2.2 GHz Processor","8 GB RAM, 128 GB inbuilt",6000 mAh Battery with 44W Fast Charging,"6.72 inches, 1080 x 2408 px, 120 Hz Display with Punch Hole",50 MP + 2 MP Dual Rear & 8 MP Front Camera,"Memory Card (Hybrid), upto 1 TB",Android v14
813,Realme P1 Pro 5G (8GB RAM + 256GB),https://www.smartprix.com/mobiles/realme-p1-pro-5g-8gb-ram-256gb-ppd1dniwxa1v,"₹16,999",59,"Dual Sim, 3G, 4G, 5G, VoLTE, Wi-Fi","Snapdragon 6 Gen1, Octa Core, 2.2 GHz Processor","8 GB RAM, 256 GB inbuilt",5000 mAh Battery with 45W Fast Charging,"6.7 inches, 1080 x 2400 px, 120 Hz Display with Punch Hole",50 MP + 8 MP Dual Rear & 16 MP Front Camera,Android v14,No FM Radio
814,Motorola Moto G56 5G,https://www.smartprix.com/mobiles/motorola-moto-g56-5g-ppd112283166,"₹15,990",61,"Dual Sim, 3G, 4G, 5G, VoLTE, Wi-Fi","Dimensity 7060, Octa Core, 2.6 GHz Processor","8 GB RAM, 256 GB inbuilt",5200 mAh Battery with 30W Fast Charging,"6.72 inches, 1080 x 2400 px, 120 Hz Display with Punch Hole",50 MP + 8 MP Dual Rear & 32 MP Front Camera,"Memory Card (Hybrid), upto 1 TB",Android v15
815,Realme 12X 5G (8GB RAM +128GB),https://www.smartprix.com/mobiles/realme-12x-5g-8gb-ram-128gb-ppd1ti7w1irg,"₹13,499",55,"Dual Sim, 3G, 4G, 5G, VoLTE, Wi-Fi","Dimensity 6100 Plus, Octa Core, 2.2 GHz Processor","8 GB RAM, 128 GB inbuilt",5000 mAh Battery with 45W Fast Charging,"6.72 inches, 1080 x 2400 px, 120 Hz Display with Punch Hole",50 MP + 2 MP Dual Rear & 8 MP Front Camera,"Memory Card Supported, upto 2 TB",Android v14
816,Samsung Galaxy F15 5G (6GB RAM + 128GB),https://www.smartprix.com/mobiles/samsung-galaxy-f15-5g-6gb-ram-128gb-ppd1zlgkeo46,"₹14,999",54,"Dual Sim, 3G, 4G, 5G, VoLTE, Wi-Fi","Dimensity 6100 Plus, Octa Core, 2.2 GHz Processor","6 GB RAM, 128 GB inbuilt",6000 mAh Battery with 25W Fast Charging,"6.45 inches, 1080 x 2340 px, 90 Hz Display with Water Drop Notch",50 MP + 5 MP + 2 MP Triple Rear & 13 MP Front Camera,"Memory Card (Hybrid), upto 1 TB",Android v14
817,Realme 12 Pro Plus 5G (8GB RAM + 256GB),https://www.smartprix.com/mobiles/realme-12-pro-plus-5g-8gb-ram-256gb-ppd1ew3sz58o,"₹22,999",64,"Dual Sim, 3G, 4G, 5G, VoLTE, Wi-Fi","Snapdragon 7s Gen2, Octa Core, 2.4 GHz Processor","8 GB RAM, 256 GB inbuilt",5000 mAh Battery with 67W Fast Charging,"6.7 inches, 1080 x 2412 px, 120 Hz Display with Punch Hole",64 MP + 50 MP + 8 MP Triple Rear & 32 MP Front Camera,Memory Card Not Supported,Android v14
818,Poco M6 5G (6GB RAM + 128GB),https://www.smartprix.com/mobiles/poco-m6-5g-6gb-ram-128gb-ppd1sucpsmb8,"₹11,499",52,"Dual Sim, 3G, 4G, 5G, VoLTE, Wi-Fi, IR Blaster","Dimensity 6100 Plus, Octa Core, 2.2 GHz Processor","6 GB RAM, 128 GB inbuilt",5000 mAh Battery with 18W Fast Charging,"6.74 inches, 720 x 1650 px, 90 Hz Display with Punch Hole",50 MP Dual Rear & 5 MP Front Camera,"Memory Card Supported, upto 1 TB",Android v13
819,Xiaomi Redmi 13C 5G (8GB RAM + 256GB),https://www.smartprix.com/mobiles/xiaomi-redmi-13c-5g-8gb-ram-256gb-ppd1a2mu8p8r,"₹14,499",53,"Dual Sim, 3G, 4G, 5G, VoLTE, Wi-Fi","Dimensity 6100 Plus, Octa Core, 2.2 GHz Processor","8 GB RAM, 256 GB inbuilt",5000 mAh Battery with 18W Fast Charging,"6.74 inches, 720 x 1600 px, 90 Hz Display with Water Drop Notch",50 MP + Depth Sensor Dual Rear & 5 MP Front Camera,"Memory Card Supported, upto 1 TB",Android v13
820,OPPO Reno 12 5G,https://www.smartprix.com/mobiles/oppo-reno-12-ppd1elple3sk,"₹26,930",66,"Dual Sim, 3G, 4G, 5G, VoLTE, Wi-Fi, IR Blaster","Dimensity 7300, Octa Core, 2.5 GHz Processor","8 GB RAM, 256 GB inbuilt",5000 mAh Battery with 80W Fast Charging,"6.7 inches, 1080 x 2412 px, 120 Hz Display with Punch Hole",50 MP + 8 MP + 2 MP Triple Rear & 32 MP Front Camera,Memory Card (Hybrid),Android v14
821,Tecno Phantom V Fold 2,https://www.smartprix.com/mobiles/tecno-phantom-v2-fold-ppd1wviokxij,"₹99,999",88,"Dual Sim, 3G, 4G, 5G, VoLTE, Wi-Fi, NFC","Dimensity 9000 Plus, Octa Core, 3.2 GHz Processor","12 GB RAM, 512 GB inbuilt",5750 mAh Battery with 70W Fast Charging,"7.85 inches, 2000 x 2296 px, 120 Hz Display","Foldable Display, Dual Display",50 MP + 50 MP + 50 MP Triple Rear & 32 MP + 32 MP Dual Front Camera,Android v14
822,Motorola Moto G24 5G,https://www.smartprix.com/mobiles/motorola-moto-g24-5g-ppd1pteml5ff,"₹11,999",57,"Dual Sim, 3G, 4G, 5G, VoLTE, Wi-Fi","Dimensity 1080, Octa Core, 2.6 GHz Processor","8 GB RAM, 128 GB inbuilt",6000 mAh Battery with 18W Fast Charging,"6.58 inches, 1080 x 2400 px, 120 Hz Display with Punch Hole",50 MP + 2 MP Dual Rear & 8 MP Front Camera,"Memory Card (Hybrid), upto 1 TB",Android v14
823,Samsung Galaxy A15 5G,https://www.smartprix.com/mobiles/samsung-galaxy-a15-5g-ppd104i76pui,"₹21,499",57,"Dual Sim, 3G, 4G, 5G, VoLTE, Wi-Fi","Dimensity 6100 Plus, Octa Core, 2.2 GHz Processor","8 GB RAM, 128 GB inbuilt",5000 mAh Battery with 25W Fast Charging,"6.5 inches, 1080 x 2340 px, 90 Hz Display with Water Drop Notch",50 MP + 5 MP + 2 MP Triple Rear & 13 MP Front Camera,"Memory Card (Hybrid), upto 1 TB",Android v14
824,Vivo T2 Pro 5G (8GB RAM + 256GB),https://www.smartprix.com/mobiles/vivo-t2-pro-5g-8gb-ram-256gb-ppd1x92q46x6,"₹23,999",58,"Dual Sim, 3G, 4G, 5G, VoLTE, Wi-Fi","Dimensity 7200, Octa Core, 2.8 GHz Processor","8 GB RAM, 256 GB inbuilt",4600 mAh Battery with 66W Fast Charging,"6.78 inches, 1080 x 2400 px, 120 Hz Display with Punch Hole",64 MP + 2 MP Dual Rear & 16 MP Front Camera,Android v13,No FM Radio
825,Realme 12X,https://www.smartprix.com/mobiles/realme-12x-ppd1893hz2vs,"₹11,999",54,"Dual Sim, 3G, 4G, 5G, VoLTE, Wi-Fi","Dimensity 6100 Plus, Octa Core, 2.2 GHz Processor","4 GB RAM, 128 GB inbuilt",5000 mAh Battery with 45W Fast Charging,"6.72 inches, 1080 x 2400 px, 120 Hz Display with Punch Hole",50 MP + 2 MP Dual Rear & 8 MP Front Camera,"Memory Card Supported, upto 2 TB",Android v14
826,iQOO Neo 7 Pro,https://www.smartprix.com/mobiles/iqoo-neo-7-pro-ppd1k0kjqq3y,"₹29,999",63,"Dual Sim, 3G, 4G, 5G, VoLTE, Wi-Fi, IR Blaster","Snapdragon 8+ Gen1, Octa Core, 3.2 GHz Processor","8 GB RAM, 128 GB inbuilt",5000 mAh Battery with 120W Fast Charging,"6.78 inches, 1080 x 2400 px, 120 Hz Display with Punch Hole",50 MP + 8 MP + 2 MP Triple Rear & 16 MP Front Camera,Android v13,No FM Radio
827,Vivo V29e,https://www.smartprix.com/mobiles/vivo-v29e-ppd1nfwjbla0,"₹26,999",64,"Dual Sim, 3G, 4G, 5G, VoLTE, Wi-Fi, NFC","Snapdragon 695, Octa Core, 2.2 GHz Processor","8 GB RAM, 128 GB inbuilt",5000 mAh Battery with 44W Fast Charging,"6.78 inches, 1080 x 2400 px, 120 Hz Display with Punch Hole",64 MP + 8 MP Dual Rear & 50 MP Front Camera,Memory Card (Hybrid),Android v13
828,OnePlus 12R,https://www.smartprix.com/mobiles/oneplus-12r-ppd1uql9mkzv,"₹36,990",67,"Dual Sim, 3G, 4G, 5G, VoLTE, Wi-Fi, NFC, IR Blaster","Snapdragon 8 Gen2, Octa Core, 3.2 GHz Processor","8 GB RAM, 128 GB inbuilt",5500 mAh Battery with 100W Fast Charging,"6.78 inches, 1264 x 2780 px, 120 Hz Display with Punch Hole",50 MP + 8 MP + 2 MP Triple Rear & 16 MP Front Camera,Android v14,No FM Radio
829,Samsung Galaxy A34 5G (8GB RAM + 128GB),https://www.smartprix.com/mobiles/samsung-galaxy-a34-5g-8gb-ram-128gb-ppd1quyhmprr,"₹22,999",63,"Dual Sim, 3G, 4G, 5G, VoLTE, Wi-Fi, NFC","Dimensity 1080, Octa Core, 2.6 GHz Processor","8 GB RAM, 128 GB inbuilt",5000 mAh Battery with 25W Fast Charging,"6.6 inches, 1080 x 2340 px, 120 Hz Display with Water Drop Notch",48 MP + 8 MP + 5 MP Triple Rear & 13 MP Front Camera,"Memory Card (Hybrid), upto 1 TB",Android v13
830,iQOO 12 5G,https://www.smartprix.com/mobiles/iqoo-12-ppd1eeyh5uru,"₹54,999",76,"Dual Sim, 3G, 4G, 5G, VoLTE, Wi-Fi, NFC, IR Blaster","Snapdragon 8 Gen3, Octa Core, 3.3 GHz Processor","12 GB RAM, 256 GB inbuilt",5000 mAh Battery with 120W Fast Charging,"6.78 inches, 1260 x 2800 px, 144 Hz Display with Punch Hole",64 MP + 50 MP + 50 MP Triple Rear & 16 MP Front Camera,Android v14,No FM Radio
831,Realme 10 Pro Plus (8GB RAM + 128GB),https://www.smartprix.com/mobiles/realme-10-pro-plus-8gb-ram-128gb-ppd1fsls95a4,"₹18,499",62,"Dual Sim, 3G, 4G, 5G, VoLTE, Wi-Fi","Dimensity 1080, Octa Core, 2.6 GHz Processor","8 GB RAM, 128 GB inbuilt",5000 mAh Battery with 67W Fast Charging,"6.7 inches, 1080 x 2412 px, 120 Hz Display with Punch Hole",108 MP + 8 MP + 2 MP Triple Rear & 16 MP Front Camera,Memory Card Not Supported,Android v13
832,Samsung Galaxy A54 5G,https://www.smartprix.com/mobiles/samsung-galaxy-a54-5g-ppd11iyr3lfa,"₹28,499",68,"Dual Sim, 3G, 4G, 5G, VoLTE, Wi-Fi, NFC","Exynos 1380, Octa Core, 2.4 GHz Processor","8 GB RAM, 128 GB inbuilt",5000 mAh Battery with 25W Fast Charging,"6.4 inches, 1080 x 2340 px, 120 Hz Display with Punch Hole",50 MP + 12 MP + 5 MP Triple Rear & 32 MP Front Camera,"Memory Card (Hybrid), upto 1 TB",Android v13
833,OPPO F21 Pro 4G,https://www.smartprix.com/mobiles/oppo-f21-pro-4g-ppd1ewwvs8lm,"₹17,999",55,"Dual Sim, 3G, 4G, VoLTE, Wi-Fi","Snapdragon  680, Octa Core, 2.4 GHz Processor","8 GB RAM, 128 GB inbuilt",4500 mAh Battery with 33W Fast Charging,"6.5 inches, 1080 x 2400 px, 90 Hz Display with Punch Hole",64 MP + 2 MP + 2 MP Triple Rear & 32 MP Front Camera,"Memory Card Supported, upto 256 GB",Android v12
834,Motorola Edge 30 5G,https://www.smartprix.com/mobiles/motorola-edge-30-5g-ppd164y4xpra,"₹15,990",63,"Dual Sim, 3G, 4G, 5G, VoLTE, Wi-Fi, NFC","Snapdragon 778G+, Octa Core, 2.5 GHz Processor","6 GB RAM, 128 GB inbuilt",4020 mAh Battery with 33W Fast Charging,"6.5 inches, 1080 x 2400 px, 144 Hz Display with Punch Hole",50 MP + 50 MP + 2 MP Triple Rear & 32 MP Front Camera,Android v12,No FM Radio
835,Samsung Galaxy Z Fold 4,https://www.smartprix.com/mobiles/samsung-galaxy-z-fold-4-5g-ppd1g96fhmu3,"₹1,54,081",84,"Dual Sim, 3G, 4G, 5G, VoLTE, Wi-Fi, NFC","Snapdragon  8+ Gen1, Octa Core, 3.2 GHz Processor","12 GB RAM, 256 GB inbuilt",4400 mAh Battery with 25W Fast Charging,"7.6 inches, 1812 x 2176 px, 120 Hz Display with Punch Hole","Foldable Display, Dual Display",50 MP + 12 MP + 10 MP Triple Rear & 10 MP + 4 MP Dual Front Camera,Android v12
836,Oppo K14 Turbo,https://www.smartprix.com/mobiles/oppo-k14-turbo-ppd1y2dr31r8,"₹30,990",71,"Dual Sim, 3G, 4G, 5G, VoLTE, Wi-Fi, IR Blaster","Dimensity 9500s, Octa Core Processor","8 GB RAM, 128 GB inbuilt",7500 mAh Battery with 80W Fast Charging,"6.59 inches, 1280 x 2800 px, 120 Hz Display with Punch Hole",50 MP + 2 MP Dual Rear & 32 MP Front Camera,Memory Card Not Supported,Android v16
837,Lava Bold N2,https://www.smartprix.com/mobiles/lava-bold-n2-5g-ppd144uya538,"₹9,990",44,"Dual Sim, 3G, 4G, 5G, VoLTE, Wi-Fi","UNISOC 9863a, Octa Core Processor","4 GB RAM, 64 GB inbuilt",5000 mAh Battery with 10W Fast Charging,"6.75 inches, 720 x 1600 px, 90 Hz Display with Water Drop Notch",13 MP Dual Rear & 5 MP Front Camera,"Memory Card Supported, upto 256 GB",Android 15 Go
838,Oppo Find X10 Pro 5G,https://www.smartprix.com/mobiles/oppo-find-x10-pro-5g-ppd1iapki043,"₹1,19,990",92,"Dual Sim, 3G, 4G, 5G, VoLTE, Wi-Fi, NFC, IR Blaster","Dimensity 9600, Octa Core Processor","16 GB RAM, 512 GB inbuilt",8500 mAh Battery with 100W Fast Charging,"6.82 inches, 1272 x 2772 px, 120 Hz Display with Punch Hole",200 MP + 200 MP + 50 MP Triple Rear & 50 MP Front Camera,Memory Card Not Supported,Android v17
839,Ai+ Nova 2 Pro,https://www.smartprix.com/mobiles/ai-nova-2-pro-ppd1alttjux4,"₹12,999",53,"Dual Sim, 3G, 4G, 5G, VoLTE, Wi-Fi",Octa Core Processor,"6 GB RAM, 128 GB inbuilt",6000 mAh Battery with 18W Fast Charging,"6.8 inches, 720 x 1600 px, 120 Hz Display with Punch Hole",50 MP Dual Rear & 8 MP Front Camera,"Memory Card Supported, upto 1 TB",Android v16
840,Huawei Nova 15 Ultra,https://www.smartprix.com/mobiles/huawei-nova-15-ultra-ppd17d6r597r,"₹54,990",76,"Dual Sim, 3G, 4G, 5G, VoLTE, Wi-Fi, NFC, IR Blaster","Kirin 9010S, Octa Core Processor",256 GB inbuilt,6500 mAh Battery with 50W Fast Charging,"6.84 inches, 1320 x 2856 px, 120 Hz Display with Punch Hole",50 MP + 50 MP + 50 MP Triple Rear & 50 MP Front Camera,HarmonyOS v6.0,No FM Radio
841,Lava Agni 5,https://www.smartprix.com/mobiles/lava-agni-5-ppd1uo3hfzbx,"₹27,999",71,"Dual Sim, 3G, 4G, 5G, VoLTE, Vo5G, Wi-Fi",Octa Core Processor,"8 GB RAM, 256 GB inbuilt",7000 mAh Battery with 80W Fast Charging,"6.78 inches, 1220 x 2712 px, 144 Hz Display with Punch Hole",50 MP + 50 MP + 8 MP Triple Rear & 50 MP Front Camera,Memory Card Not Supported,Android v16
842,Vivo X Fold 6,https://www.smartprix.com/mobiles/vivo-x-fold-6-ppd1f1cpweav,"₹1,59,999",94,"Dual Sim, 3G, 4G, 5G, VoLTE, Wi-Fi, NFC, IR Blaster","Snapdragon 8 Gen 5, Octa Core Processor","16 GB RAM, 512 GB inbuilt",6500 mAh Battery with 100W Fast Charging,"8.03 inches, 2200 x 2480 px, 120 Hz Display with Punch Hole","Foldable Display, Dual Display",200 MP + 50 MP + 50 MP Triple Rear & 32 MP + 32 MP Dual Front Camera,Android v16
843,Realme P4 Lite 5G,https://www.smartprix.com/mobiles/realme-p4-lite-5g-ppd1u3wmqsvk,"₹11,999",46,"Dual Sim, 3G, 4G, 5G, VoLTE, Wi-Fi, IR Blaster",Octa Core Processor,"4 GB RAM, 64 GB inbuilt",6300 mAh Battery with Fast Charging,"6.74 inches, 720 x 1600 px, 90 Hz Display with Punch Hole",13 MP Rear & 5 MP Front Camera,Memory Card (Hybrid),Android v16
844,Vivo Y19s 5G (4GB RAM + 128GB),https://www.smartprix.com/mobiles/vivo-y19s-5g-4gb-ram-128gb-ppd1arivuyq4,"₹13,499",50,"Dual Sim, 3G, 4G, 5G, VoLTE, Wi-Fi","Dimensity 6300, Octa Core, 2.4 GHz Processor","4 GB RAM, 128 GB inbuilt",6000 mAh Battery with 15W Fast Charging,"6.74 inches, 720 x 1600 px, 90 Hz Display with Water Drop Notch",13 MP + 0.08 MP Dual Rear & 5 MP Front Camera,Memory Card Supported,Android v15
845,HTC Wildfire E5 Life,https://www.smartprix.com/mobiles/htc-wildfire-e5-life-ppd1olskqqnk,"₹2,999",26,"Dual Sim, 3G, 4G, Wi-Fi","Unisoc SC9832E, Quad Core, 1.3 GHz Processor","3 GB RAM, 32 GB inbuilt",3000 mAh Battery,"5.5 inches, 540 x 960 px Display",5 MP Rear & 2 MP Front Camera,Android v14,No FM Radio
846,HMD Touch 4G,https://www.smartprix.com/mobiles/hmd-touch-4g-ppd10ke5ri8g,"₹4,099",18,"Dual Sim, 3G, 4G, Wi-Fi",Unisoc T127,"128 MB RAM, 64 MB inbuilt",1950 mAh Battery,"3.2 inches, 240 x 320 px Display",2 MP Rear & 0.3 MP Front Camera,"Memory Card Supported, upto 128 MB",RTOS Touch
847,Google Pixel 11 Pro,https://www.smartprix.com/mobiles/google-pixel-11-pro-ppd1o06zld9t,"₹1,11,999",80,"Dual Sim, 3G, 4G, 5G, VoLTE, Vo5G, Wi-Fi, NFC",Tensor G6,"16 GB RAM, 256 GB inbuilt",5000 mAh Battery with 35W Fast Charging,"6.31 inches, 1280 x 2856 px, 144 Hz Display with Punch Hole",50 MP + 50 MP + 50 MP Triple Rear & 48 MP Front Camera,Android v17,No FM Radio
848,Oppo K15 Turbo,https://www.smartprix.com/mobiles/oppo-k15-turbo-ppd1mrgrtihx,"₹29,990",64,"Dual Sim, 3G, 4G, 5G, VoLTE, Wi-Fi, IR Blaster","Helio 9500s, Octa Core Processor","8 GB RAM, 128 GB inbuilt",7500 mAh Battery with 80W Fast Charging,"6.8 inches, 1280 x 2800 px, 120 Hz Display with Punch Hole",50 MP + 2 MP Dual Rear & 16 MP Front Camera,Memory Card Not Supported,Android v16
849,Lava Bold N1 5G (4GB RAM + 128GB),https://www.smartprix.com/mobiles/lava-bold-n1-5g-4gb-ram-128gb-ppd18xaths3k,"₹8,999",46,"Dual Sim, 3G, 4G, 5G, VoLTE, Wi-Fi","Unisoc T765, Octa Core, 2.3 GHz Processor","4 GB RAM, 128 GB inbuilt",5000 mAh Battery with 10W Fast Charging,"6.75 inches, 720 x 1600 px Display with Water Drop Notch",13 MP Rear & 5 MP Front Camera,Memory Card Supported,Android v15
850,HMD Vibe 5G,https://www.smartprix.com/mobiles/hmd-vibe-5g-ppd1orj9jdqa,"₹9,999",48,"Dual Sim, 3G, 4G, 5G, VoLTE, Wi-Fi","Unisoc T760, Octa Core Processor","4 GB RAM, 128 GB inbuilt",5000 mAh Battery with 18W Fast Charging,"6.67 inches, 720 x 1604 px, 90 Hz Display with Punch Hole",50 MP + 2 MP Dual Rear & 8 MP Front Camera,Android v15,Bluetooth
851,Infinix GT 30 5G (8GB RAM+ 256GB),https://www.smartprix.com/mobiles/infinix-gt-30-5g-8gb-ram-256gb-ppd19o4xpcqb,"₹20,999",66,"Dual Sim, 3G, 4G, 5G, VoLTE, Wi-Fi, IR Blaster","Dimensity 7400, Octa Core, 2.6 GHz Processor","8 GB RAM, 256 GB inbuilt",5500 mAh Battery with 45W Fast Charging,"6.78 inches, 1224 x 2720 px, 144 Hz Display with Punch Hole",64 MP + 8 MP Dual Rear & 13 MP Front Camera,Android v15,Bluetooth
852,Realme Narzo 80 Lite 4G,https://www.smartprix.com/mobiles/realme-narzo-80-lite-4g-ppd14of78yx7,"₹8,498",45,"Dual Sim, 3G, 4G, VoLTE, Wi-Fi","Unisoc T7250, Octa Core, 1.8 GHz Processor","4 GB RAM, 128 GB inbuilt",6300 mAh Battery with 15W Fast Charging,"6.74 inches, 720 x 1600 px, 90 Hz Display with Punch Hole",13 MP Rear & 5 MP Front Camera,Memory Card (Hybrid),Android v15
853,Realme C71 (6GB RAM + 128GB),https://www.smartprix.com/mobiles/realme-c71-6gb-ram-128gb-ppd1yjrd3ois,"₹9,699",44,"Dual Sim, 3G, 4G, Wi-Fi","Unisoc UMS9230E, Octa Core, 1.8 GHz Processor","6 GB RAM, 128 GB inbuilt",6300 mAh Battery with 15W Fast Charging,"6.75 inches, 720 x 1600 px, 90 Hz Display with Water Drop Notch",13 MP Rear & 5 MP Front Camera,Memory Card Supported,Android v15
854,Vivo X100 Pro (16GB RAM + 512GB),https://www.smartprix.com/mobiles/vivo-x100-pro-16gb-ram-512gb-ppd1p14l5yc6,"₹58,999",84,"Dual Sim, 3G, 4G, 5G, VoLTE, Wi-Fi, NFC, IR Blaster","Dimensity 9300, Octa Core, 3.25 GHz Processor","16 GB RAM, 512 GB inbuilt",5400 mAh Battery with 100W Fast Charging,"6.78 inches, 1260 x 2800 px, 120 Hz Display with Punch Hole",50 MP + 50 MP + 50 MP Triple Rear & 32 MP Front Camera,Memory Card Not Supported,Android v14
855,Vivo T4 Ultra (12GB RAM+ 256GB),https://www.smartprix.com/mobiles/vivo-t4-ultra-12gb-ram-256gb-ppd1ujqps3z5,"₹37,999",75,"Dual Sim, 3G, 4G, 5G, VoLTE, Wi-Fi, NFC","Dimensity 9300 Plus, Octa Core, 3.25 GHz Processor","12 GB RAM, 256 GB inbuilt",5500 mAh Battery with 90W Fast Charging,"6.67 inches, 1260 x 2800 px, 120 Hz Display with Punch Hole",50 MP + 50 MP + 8 MP Triple Rear & 32 MP Front Camera,Memory Card Not Supported,Android v15
856,Vivo Y04s,https://www.smartprix.com/mobiles/vivo-y04s-ppd1hqe7xraa,"₹7,999",39,"Dual Sim, 3G, 4G, VoLTE, Wi-Fi","4 GB RAM, 64 GB inbuilt",5100 mAh Battery with 18W Fast Charging,"6.67 inches, 720 x 1600 px, 90 Hz Display with Water Drop Notch",13 MP + 2 MP Dual Rear & 5 MP Front Camera,"Memory Card Supported, upto 1 TB",Android v15,Bluetooth
857,Alcatel V3 Pro,https://www.smartprix.com/mobiles/alcatel-v3-pro-ppd1jwzpgeh6,"₹12,999",59,"Dual Sim, 3G, 4G, 5G, VoLTE, Wi-Fi, NFC","Dimensity 6300, Octa Core, 2.4 GHz Processor","8 GB RAM, 256 GB inbuilt",5200 mAh Battery with 18W Fast Charging,"6.67 inches, 720 x 1600 px, 120 Hz Display with Punch Hole",50 MP + 5 MP Dual Rear & 8 MP Front Camera,"Memory Card (Hybrid), upto 2 TB",Android v15
858,Vivo Y29t 5G,https://www.smartprix.com/mobiles/vivo-y29t-5g-ppd13q0fw7yx,"₹12,999",49,"Dual Sim, 3G, 4G, 5G, VoLTE, Wi-Fi",Octa Core Processor,"6 GB RAM, 128 GB inbuilt",5500 mAh Battery with 45W Fast Charging,"6.68 inches, 720 x 1608 px, 120 Hz Display with Punch Hole",50 MP Dual Rear & 8 MP Front Camera,Android v15,Bluetooth
859,Realme GT 7 Dream Edition,https://www.smartprix.com/mobiles/realme-gt-7-dream-edition-ppd1raqtxmse,"₹49,999",89,"Dual Sim, 3G, 4G, 5G, VoLTE, Vo5G, Wi-Fi, NFC, IR Blaster","Dimensity 9400e, Octa Core, 3.4 GHz Processor","16 GB RAM, 512 GB inbuilt",7000 mAh Battery with 120W Fast Charging,"6.78 inches, 1264 x 2780 px, 120 Hz Display with Punch Hole",50 MP + 50 MP + 8 MP Triple Rear & 32 MP Front Camera,Memory Card Not Supported,Android v15
860,itel City 100,https://www.smartprix.com/mobiles/itel-city-100-ppd1zxuw90pp,"₹7,599",41,"Dual Sim, 3G, 4G, VoLTE, Wi-Fi, IR Blaster","Unisoc T7250, Octa Core, 1.8 GHz Processor","4 GB RAM, 128 GB inbuilt",5200 mAh Battery with 18W Fast Charging,"6.75 inches, 720 x 1600 px Display",13 MP Rear & 8 MP Front Camera,Memory Card Supported,Android v14
861,Realme C75 5G (6GB RAM + 128GB),https://www.smartprix.com/mobiles/realme-c75-5g-6gb-ram-128gb-ppd1ouftr2tb,"₹13,999",53,"Dual Sim, 3G, 4G, 5G, VoLTE, Wi-Fi","Dimensity 6300, Octa Core, 2.4 GHz Processor","6 GB RAM, 128 GB inbuilt",6000 mAh Battery with 45W Fast Charging,"6.67 inches, 720 x 1604 px, 120 Hz Display with Punch Hole",32 MP Rear & 8 MP Front Camera,Memory Card (Hybrid),Android v15
862,Realme 14T 5G (8GB RAM + 256GB),https://www.smartprix.com/mobiles/realme-14t-5g-8gb-ram-256gb-ppd1bu2xs9td,"₹19,999",62,"Dual Sim, 3G, 4G, 5G, VoLTE, Wi-Fi","Dimensity 6300, Octa Core, 2.4 GHz Processor","8 GB RAM, 256 GB inbuilt",6000 mAh Battery with 45W Fast Charging,"6.67 inches, 1080 x 2400 px, 120 Hz Display with Punch Hole",50 MP + 2 MP Dual Rear & 16 MP Front Camera,"Memory Card (Hybrid), upto 2 TB",Android v15
863,Lava Bold 5G,https://www.smartprix.com/mobiles/lava-bold-5g-ppd1uzumsi7e,"₹13,990",59,"Dual Sim, 3G, 4G, 5G, VoLTE, Vo5G, Wi-Fi","Dimensity 6300, Octa Core, 2.4 GHz Processor","4 GB RAM, 128 GB inbuilt",5000 mAh Battery with 33W Fast Charging,"6.67 inches, 1080 x 2400 px, 120 Hz Display with Punch Hole",64 MP + 2 MP Dual Rear & 16 MP Front Camera,Memory Card (Hybrid),Android v14
864,Samsung Galaxy A26 (8GB RAM + 256GB),https://www.smartprix.com/mobiles/samsung-galaxy-a26-8gb-ram-256gb-ppd1d6ejrlf9,"₹27,999",66,"Dual Sim, 3G, 4G, 5G, VoLTE, Wi-Fi, NFC","Exynos 1380, Octa Core, 2.4 GHz Processor","8 GB RAM, 256 GB inbuilt",5000 mAh Battery with 25W Fast Charging,"6.7 inches, 1080 x 2340 px, 120 Hz Display with Water Drop Notch",50 MP + 8 MP + 2 MP Triple Rear & 13 MP Front Camera,"Memory Card (Hybrid), upto 2 TB",Android v15
865,itel Power 70,https://www.smartprix.com/mobiles/itel-power-70-ppd15h04hhni,"₹7,299",43,"Dual Sim, 3G, 4G, VoLTE, Wi-Fi","Helio G50, Octa Core, 2.2 GHz Processor","4 GB RAM, 128 GB inbuilt",6000 mAh Battery with 18W Fast Charging,"6.67 inches, 720 x 1600 px, 120 Hz Display with Punch Hole",13 MP Rear & 8 MP Front Camera,Memory Card Supported,Android v14
866,iQOO Neo11 Pro,https://www.smartprix.com/mobiles/iqoo-neo11-pro-ppd1l3lxd1az,"₹44,990",76,"Dual Sim, 3G, 4G, 5G, VoLTE, Wi-Fi, NFC, IR Blaster","Dimensity 9400 Plus, Octa Core Processor","12 GB RAM, 256 GB inbuilt",6500 mAh Battery with 150W Fast Charging,"6.82 inches, 1260 x 2800 px, 144 Hz Display with Punch Hole",50 MP + 50 MP + 50 MP Triple Rear & 32 MP Front Camera,Android v16,No FM Radio
867,Realme P3 Pro 5G (12GB RAM +256GB),https://www.smartprix.com/mobiles/realme-p3-pro-5g-12gb-ram-256gb-ppd1cezud5lu,"₹23,999",66,"Dual Sim, 3G, 4G, 5G, VoLTE, Wi-Fi","Snapdragon 7s Gen3, Octa Core, 2.5 GHz Processor","12 GB RAM, 256 GB inbuilt",6000 mAh Battery with 80W Fast Charging,"6.83 inches, 1272 x 2800 px, 120 Hz Display with Punch Hole",50 MP + 2 MP Dual Rear & 16 MP Front Camera,Android v15,No FM Radio
868,Honor 400,https://www.smartprix.com/mobiles/honor-400-ppd1pex5wx49,"₹47,990",75,"Dual Sim, 3G, 4G, 5G, VoLTE, Wi-Fi, NFC, IR Blaster","Snapdragon 7 Gen3, Octa Core, 2.63 GHz Processor","12 GB RAM, 256 GB inbuilt",6000 mAh Battery with 80W Fast Charging,"6.55 inches, 1264 x 2736 px, 120 Hz Display with Punch Hole",200 MP + 12 MP Dual Rear & 50 MP Front Camera,Android v15,No FM Radio
869,Oneplus 14R,https://www.smartprix.com/mobiles/oneplus-14r-ppd1uzaothob,"₹49,990",83,"Dual Sim, 3G, 4G, 5G, VoLTE, Vo5G, Wi-Fi, NFC, IR Blaster","Snapdragon 8 Elite, Octa Core, 4.32 GHz Processor","12 GB RAM, 256 GB inbuilt",6700 mAh Battery with 80W Fast Charging,"6.78 inches, 1264 x 2780 px, 120 Hz Display with Punch Hole",50 MP + 50 MP + 50 MP Triple Rear & 32 MP Front Camera,Memory Card Not Supported,Android v16
870,Poco F8,https://www.smartprix.com/mobiles/poco-f8-ppd15dp9j6v3,"₹37,990",76,"Dual Sim, 3G, 4G, 5G, VoLTE, Wi-Fi, NFC, IR Blaster","Snapdragon 8s Elite, Octa Core Processor","12 GB RAM, 256 GB inbuilt",7700 mAh Battery with 100W Fast Charging,"6.78 inches, 1220 x 2712 px, 144 Hz Display with Punch Hole",50 MP + 50 MP + 8 MP Triple Rear & 32 MP Front Camera,Memory Card Not Supported,Android v16
871,Infinix Smart 9 HD,https://www.smartprix.com/mobiles/infinix-smart-9-hd-ppd1a29orxmu,"₹6,699",43,"Dual Sim, 3G, 4G, VoLTE, Wi-Fi, IR Blaster","Helio G50, Octa Core, 2.2 GHz Processor","3 GB RAM, 64 GB inbuilt",5000 mAh Battery with 10W Fast Charging,"6.7 inches, 720 x 1600 px, 90 Hz Display with Punch Hole",13 MP Rear & 8 MP Front Camera,"Memory Card Supported, upto 1 TB",Android v14
872,Xiaomi Redmi Note 14 (8GB RAM + 128GB),https://www.smartprix.com/mobiles/xiaomi-redmi-note-14-8gb-ram-128gb-ppd1uo3po2al,"₹16,999",62,"Dual Sim, 3G, 4G, 5G, VoLTE, Wi-Fi, IR Blaster","Dimensity 7025 Ultra, Octa Core, 2.5 GHz Processor","8 GB RAM, 128 GB inbuilt",5110 mAh Battery with 45W Fast Charging,"6.67 inches, 1080 x 2400 px, 120 Hz Display with Punch Hole",50 MP + 8 MP + 2 MP Triple Rear & 20 MP Front Camera,"Memory Card (Hybrid), upto 1 TB",Android v14
873,Realme C75,https://www.smartprix.com/mobiles/realme-c75-ppd10zyrtldb,"₹9,990",52,"Dual Sim, 3G, 4G, VoLTE, Wi-Fi, NFC","Helio G92 Max, Octa Core, 2 GHz Processor","8 GB RAM, 128 GB inbuilt",6000 mAh Battery with 45W Fast Charging,"6.72 inches, 1080 x 2400 px Display with Punch Hole",50 MP Dual Rear & 8 MP Front Camera,Memory Card Supported,Android v14
874,Samsung Galaxy A16 5G (6GB RAM + 128GB),https://www.smartprix.com/mobiles/samsung-galaxy-a16-5g-6gb-ram-128gb-ppd19qsrgtzo,"₹15,999",55,"Dual Sim, 3G, 4G, 5G, VoLTE, Wi-Fi, NFC","Dimensity 6300, Octa Core, 2.4 GHz Processor","6 GB RAM, 128 GB inbuilt",5000 mAh Battery with 25W Fast Charging,"6.7 inches, 1080 x 2340 px, 90 Hz Display with Water Drop Notch",50 MP + 5 MP + 2 MP Triple Rear & 13 MP Front Camera,"Memory Card (Hybrid), upto 1.5 TB",Android v14
875,Xiaomi 16,https://www.smartprix.com/mobiles/xiaomi-16-ppd1cywoif3p,"₹69,990",89,"Dual Sim, 3G, 4G, 5G, VoLTE, Vo5G, Wi-Fi, NFC, IR Blaster","Snapdragon 8 Elite Gen 5, Octa Core, 4.6 GHz Processor","12 GB RAM, 256 GB inbuilt",7000 mAh Battery with 100W Fast Charging,"6.3 inches, 1200 x 2670 px, 144 Hz Display with Punch Hole",50 MP + 50 MP + 50 MP Triple Rear & 50 MP Front Camera,Android v15,No FM Radio
876,Oneplus 14,https://www.smartprix.com/mobiles/oneplus-14-ppd1x5kacs42,"₹69,990",85,"Dual Sim, 3G, 4G, 5G, VoLTE, Vo5G, Wi-Fi, NFC, IR Blaster",Octa Core Processor,"12 GB RAM, 256 GB inbuilt",6500 mAh Battery with 120W Fast Charging,"6.82 inches, 1440 x 3168 px, 144 Hz Display with Punch Hole",50 MP Quad Rear & 50 MP Front Camera,Memory Card Not Supported,Android v15
877,Realme 14 Pro Lite 5G,https://www.smartprix.com/mobiles/realme-14-pro-lite-5g-ppd1hxt69zb0,"₹21,999",63,"Dual Sim, 3G, 4G, 5G, VoLTE, Wi-Fi","Snapdragon 7s Gen 2, Octa Core, 2.4 GHz Processor","8 GB RAM, 128 GB inbuilt",5200 mAh Battery with 45W Fast Charging,"6.7 inches, 1080 x 2412 px, 120 Hz Display with Punch Hole",50 MP + 8 MP + 2 MP Triple Rear & 32 MP Front Camera,Android v14,No FM Radio
878,Samsung Galaxy A16 5G (8GB RAM + 256GB),https://www.smartprix.com/mobiles/samsung-galaxy-a16-5g-8gb-ram-256gb-ppd1c3s7czya,"₹24,499",57,"Dual Sim, 3G, 4G, 5G, VoLTE, Wi-Fi, NFC","Dimensity 6300, Octa Core, 2.4 GHz Processor","8 GB RAM, 256 GB inbuilt",5000 mAh Battery with 25W Fast Charging,"6.7 inches, 1080 x 2340 px, 90 Hz Display with Water Drop Notch",50 MP + 5 MP + 2 MP Triple Rear & 13 MP Front Camera,"Memory Card (Hybrid), upto 1.5 TB",Android v14
879,Tecno Spark 30C 5G (4GB RAM + 64GB),https://www.smartprix.com/mobiles/tecno-spark-30c-5g-4gb-ram-64gb-ppd1ohmoo5cs,"₹9,999",52,"Dual Sim, 3G, 4G, 5G, VoLTE, Wi-Fi, NFC, IR Blaster","Dimensity 6300, Octa Core, 2.4 GHz Processor","4 GB RAM, 64 GB inbuilt",5000 mAh Battery with 18W Fast Charging,"6.67 inches, 720 x 1600 px, 120 Hz Display with Punch Hole",48 MP Dual Rear & 8 MP Front Camera,"Memory Card Supported, upto 1 TB",Android v14
880,Infinix Hot 50 Pro Plus,https://www.smartprix.com/mobiles/infinix-hot-50-pro-plus-ppd1856fyadf,"₹17,990",55,"Dual Sim, 3G, 4G, Wi-Fi, NFC","Helio G100, Octa Core, 2.2 GHz Processor","8 GB RAM, 128 GB inbuilt",5000 mAh Battery with 33W Fast Charging,"6.78 inches, 1080 x 2436 px, 120 Hz Display",50 MP + 2 MP Triple Rear & 13 MP Front Camera,Memory Card Supported,Android v14
881,Lava Agni 3 5G (8GB RAM + 256GB),https://www.smartprix.com/mobiles/lava-agni-3-5g-8gb-ram-256gb-ppd136lf1ns1,"₹20,999",68,"Dual Sim, 3G, 4G, 5G, VoLTE, Vo5G, Wi-Fi","Dimensity 7300X, Octa Core, 2.5 GHz Processor","8 GB RAM, 256 GB inbuilt",5000 mAh Battery with 66W Fast Charging,"6.78 inches, 1200 x 2652 px, 120 Hz Display with Punch Hole",Dual Display,50 MP + 8 MP + 8 MP Triple Rear & 16 MP Front Camera,Memory Card Not Supported
882,Vivo X200 Pro Mini,https://www.smartprix.com/mobiles/vivo-x200-pro-mini-ppd17qsm1ksq,"₹55,990",84,"Dual Sim, 3G, 4G, 5G, VoLTE, Wi-Fi, NFC, IR Blaster","Dimensity 9400, Octa Core, 3.63 GHz Processor","12 GB RAM, 256 GB inbuilt",5700 mAh Battery with 90W Fast Charging,"6.31 inches, 1216 x 2640 px, 120 Hz Display with Punch Hole",50 MP + 50 MP + 50 MP Triple Rear & 32 MP Front Camera,Memory Card Not Supported,Android v15
883,Motorola Moto G75 5G,https://www.smartprix.com/mobiles/motorola-moto-g75-ppd1ebjkmafp,"₹32,990",66,"Dual Sim, 3G, 4G, 5G, VoLTE, Wi-Fi, NFC","Snapdragon 6 Gen3, Octa Core, 2.4 GHz Processor","8 GB RAM, 256 GB inbuilt",5000 mAh Battery with 30W Fast Charging,"6.78 inches, 1080 x 2388 px, 120 Hz Display with Punch Hole",50 MP + 8 MP Dual Rear & 16 MP Front Camera,Memory Card (Hybrid),Android v14
884,Nubia Red Magic 9 Pro Plus (24GB RAM + 1TB),https://www.smartprix.com/mobiles/nubia-red-magic-9-pro-plus-24gb-ram-1tb-ppd1oxu25ish,"₹80,990",81,"Dual Sim, 3G, 4G, 5G, VoLTE, Wi-Fi, NFC","Snapdragon 8 Gen3, Octa Core, 3.3 GHz Processor","24 GB RAM, 1 TB inbuilt",5500 mAh Battery with 165W Fast Charging,"6.8 inches, 1116 x 2480 px, 120 Hz Display",50 MP + 50 MP + 2 MP Triple Rear & 16 MP Front Camera,Android v14,No FM Radio
885,Apple iPhone 16 Pro (512GB),https://www.smartprix.com/mobiles/apple-iphone-16-pro-512gb-ppd1u0bmpou2,"₹1,39,900",76,"Dual Sim, 3G, 4G, 5G, VoLTE, Wi-Fi, NFC","Bionic A18 Pro, Hexa Core, 4.05 GHz Processor","8 GB RAM, 512 GB inbuilt",3582 mAh Battery with Fast Charging,"6.3 inches, 1206 x 2622 px, 120 Hz Display with Dynamic Island",48 MP + 48 MP + 12 MP Triple Rear & 12 MP Front Camera,Memory Card Not Supported,iOS v18
886,Apple iPhone 16 (512GB),https://www.smartprix.com/mobiles/apple-iphone-16-512gb-ppd1b5ub9vby,"₹94,900",71,"Dual Sim, 3G, 4G, 5G, VoLTE, Wi-Fi, NFC","Bionic A18, Hexa Core, 4.04 GHz Processor","8 GB RAM, 512 GB inbuilt",3561 mAh Battery with Fast Charging,"6.1 inches, 1179 x 2556 px Display with Dynamic Island Display",48 MP + 12 MP Dual Rear & 12 MP Front Camera,Memory Card Not Supported,iOS v18
887,Huawei Mate XT Ultimate,https://www.smartprix.com/mobiles/huawei-mate-xt-tri-fold-ppd1lewbpzx8,"₹2,35,990",83,"Dual Sim, 3G, 4G, 5G, VoLTE, Vo5G, Wi-Fi, NFC, IR Blaster",Octa Core Processor,"16 GB RAM, 256 GB inbuilt",5600 mAh Battery with 66W Fast Charging,"10.2 inches, 2232 x 3184 px, 120 Hz Display with Punch Hole","Foldable Display, Dual Display",50 MP + 12 MP + 12 MP Triple Rear & 8 MP Front Camera,HarmonyOS v4.2
888,Infinix Note 40 Pro Racing Edition,https://www.smartprix.com/mobiles/infinix-note-40-pro-racing-edition-ppd1pt9n9hx4,"₹21,999",70,"Dual Sim, 3G, 4G, 5G, VoLTE, Wi-Fi, NFC, IR Blaster","Dimensity 7020, Octa Core, 2.2 GHz Processor","8 GB RAM, 256 GB inbuilt",5000 mAh Battery with 45W Fast Charging,"6.78 inches, 1080 x 2436 px, 120 Hz Display with Punch Hole",108 MP + 2 MP + 2 MP Triple Rear & 32 MP Front Camera,Android v14,Bluetooth
889,OnePlus Ace 5,https://www.smartprix.com/mobiles/oneplus-ace-5-ppd1p2o3ve4i,"₹26,990",75,"Dual Sim, 3G, 4G, 5G, VoLTE, Vo5G, Wi-Fi, NFC, IR Blaster","Snapdragon 8 Gen3, Octa Core, 3.3 GHz Processor","12 GB RAM, 256 GB inbuilt",6415 mAh Battery with 80W Fast Charging,"6.78 inches, 1264 x 2780 px, 120 Hz Display with Punch Hole",50 MP + 8 MP + 2 MP Triple Rear & 16 MP Front Camera,Memory Card Not Supported,Android v15
890,Samsung Galaxy M35 5G (8GB RAM + 128GB),https://www.smartprix.com/mobiles/samsung-galaxy-m35-5g-8gb-ram-128gb-ppd1z49xm56y,"₹20,499",61,"Dual Sim, 3G, 4G, 5G, VoLTE, Wi-Fi, NFC","Exynos 1380, Octa Core, 2.4 GHz Processor","8 GB RAM, 128 GB inbuilt",6000 mAh Battery with 25W Fast Charging,"6.6 inches, 1080 x 2340 px, 120 Hz Display with Punch Hole",50 MP + 8 MP + 2 MP Triple Rear & 13 MP Front Camera,"Memory Card (Hybrid), upto 1 TB",Android v14
891,HMD Crest Max,https://www.smartprix.com/mobiles/hmd-crest-max-ppd1r7h4c601,"₹14,700",59,"Dual Sim, 3G, 4G, 5G, VoLTE, Wi-Fi","Unisoc T760, Octa Core, 2.2 GHz Processor","8 GB RAM, 256 GB inbuilt",5000 mAh Battery with 33W Fast Charging,"6.67 inches, 1080 x 2400 px, 120 Hz Display with Punch Hole",64 MP + 5 MP + 2 MP Triple Rear & 50 MP Front Camera,"Memory Card (Hybrid), upto 256 GB",Android v14
892,CMF Phone (2),https://www.smartprix.com/mobiles/cmf-phone-2-ppd1dg5sbnox,"₹19,999",61,"Dual Sim, 3G, 4G, 5G, VoLTE, Wi-Fi","Dimensity 7400, Octa Core Processor","6 GB RAM, 128 GB inbuilt",5000 mAh Battery with 33W Fast Charging,"6.3 inches, 1080 x 2400 px, 120 Hz Display with Punch Hole",50 MP + 50 MP Dual Rear & 32 MP Front Camera,"Memory Card (Hybrid), upto 1.02 TB",Android v15
893,CMF Phone 1 (8GB RAM + 128GB),https://www.smartprix.com/mobiles/cmf-phone-1-8gb-ram-128gb-ppd1fot992d3,"₹17,999",58,"Dual Sim, 3G, 4G, 5G, VoLTE, Wi-Fi","Dimensity 7300, Octa Core, 2.5 GHz Processor","8 GB RAM, 128 GB inbuilt",5000 mAh Battery with 33W Fast Charging,"6.67 inches, 1080 x 2400 px, 120 Hz Display with Punch Hole",50 MP + 2 MP Dual Rear & 16 MP Front Camera,"Memory Card (Hybrid), upto 2 TB",Android v14
894,OPPO A3x 5G,https://www.smartprix.com/mobiles/oppo-a3x-ppd1p8frqx5z,"₹15,999",48,"Dual Sim, 3G, 4G, 5G, VoLTE, Wi-Fi","Dimensity 6300, Octa Core, 2.4 GHz Processor","4 GB RAM, 128 GB inbuilt",5100 mAh Battery with 45W Fast Charging,"6.67 inches, 720 x 1604 px, 120 Hz Display with Punch Hole",8 MP Rear & 5 MP Front Camera,Memory Card (Hybrid),Android v14
895,Samsung Galaxy Z Flip 7 5G,https://www.smartprix.com/mobiles/samsung-galaxy-z-flip-7-ppd1m1sy6edn,"₹1,09,999",88,"Dual Sim, 3G, 4G, 5G, VoLTE, Vo5G, Wi-Fi, NFC","Exynos 2500, Deca Core, 3.3 GHz Processor","12 GB RAM, 256 GB inbuilt",4300 mAh Battery with 25W Fast Charging,"6.9 inches, 1080 x 2520 px, 120 Hz Display with Punch Hole","Foldable Display, Dual Display",50 MP + 12 MP Dual Rear & 10 MP Front Camera,Memory Card Not Supported
896,Light Phone 3,https://www.smartprix.com/mobiles/light-phone-3-ppd1pfz2gzid,"₹32,990",48,"Dual Sim, 3G, 4G, 5G, Wi-Fi, NFC","Snapdragon 4 Gen2, Octa Core, 2.2 GHz Processor","6 GB RAM, 128 GB inbuilt",1800 mAh Battery,"3.92 inches, 1240 x 1080 px Display",50 MP Rear & 8 MP Front Camera,Light OS,No FM Radio
897,Realme GT 6 5G (12GB RAM + 256GB),https://www.smartprix.com/mobiles/realme-gt-6-5g-12gb-ram-256gb-ppd11k0jpwna,"₹46,490",79,"Dual Sim, 3G, 4G, 5G, VoLTE, Vo5G, Wi-Fi, NFC, IR Blaster","Snapdragon 8s Gen3, Octa Core, 3 GHz Processor","12 GB RAM, 256 GB inbuilt",5500 mAh Battery with 120W Fast Charging,"6.78 inches, 1264 x 2780 px, 120 Hz Display with Punch Hole",50 MP + 50 MP + 8 MP Triple Rear & 32 MP Front Camera,Memory Card Not Supported,Android v14
898,Oppo Find X8 5G,https://www.smartprix.com/mobiles/oppo-find-x8-5g-ppd12zikuqby,"₹60,899",81,"Dual Sim, 3G, 4G, 5G, VoLTE, Wi-Fi, NFC, IR Blaster","Dimensity 9400, Octa Core, 3.63 GHz Processor","12 GB RAM, 256 GB inbuilt",5630 mAh Battery with 80W Fast Charging,"6.59 inches, 1256 x 2760 px, 120 Hz Display with Punch Hole",50 MP + 50 MP + 50 MP Triple Rear & 32 MP Front Camera,Android v15,No FM Radio
899,Vivo Y58 5G,https://www.smartprix.com/mobiles/vivo-y58-5g-ppd1k8eo9bfh,"₹17,499",59,"Dual Sim, 3G, 4G, 5G, VoLTE, Wi-Fi","Snapdragon 4 Gen2, Octa Core, 2.2 GHz Processor","8 GB RAM, 128 GB inbuilt",6000 mAh Battery with 44W Fast Charging,"6.72 inches, 1080 x 2408 px, 120 Hz Display with Punch Hole",50 MP + 2 MP Dual Rear & 8 MP Front Camera,"Memory Card (Hybrid), upto 1 TB",Android v14
900,Google Pixel 9 Pro XL,https://www.smartprix.com/mobiles/google-pixel-9-pro-xl-ppd1iqso3l7y,"₹1,24,999",80,"Dual Sim, 3G, 4G, 5G, VoLTE, Vo5G, Wi-Fi, NFC","Tensor G4, Octa Core, 3.1 GHz Processor","16 GB RAM, 256 GB inbuilt",5060 mAh Battery with 37W Fast Charging,"6.8 inches, 1344 x 2992 px, 120 Hz Display with Punch Hole",50 MP + 48 MP + 48 MP Triple Rear & 42 MP Front Camera,Android v14,No FM Radio
901,Vivo V30 5G (12GB RAM + 256GB),https://www.smartprix.com/mobiles/vivo-v30-5g-12gb-ram-256gb-ppd15xlmtfy7,"₹28,999",70,"Dual Sim, 3G, 4G, 5G, VoLTE, Wi-Fi","Snapdragon 7 Gen3, Octa Core, 2.63 GHz Processor","12 GB RAM, 256 GB inbuilt",5000 mAh Battery with 80W Fast Charging,"6.78 inches, 1260 x 2800 px, 120 Hz Display with Punch Hole",50 MP + 50 MP Dual Rear & 50 MP Front Camera,Android v14,No FM Radio
902,Vivo V30e 5G,https://www.smartprix.com/mobiles/vivo-v30e-ppd1m8y13f7f,"₹25,999",64,"Dual Sim, 3G, 4G, 5G, VoLTE, Wi-Fi, NFC","Snapdragon 6 Gen1, Octa Core, 2.2 GHz Processor","8 GB RAM, 128 GB inbuilt",5500 mAh Battery with 44W Fast Charging,"6.78 inches, 1080 x 2400 px, 120 Hz Display with Punch Hole",50 MP + 8 MP Dual Rear & 50 MP Front Camera,Memory Card (Hybrid),Android v14
903,Vivo Y03,https://www.smartprix.com/mobiles/vivo-y03-ppd1vrgwc7j0,"₹6,990",40,"Dual Sim, 3G, 4G, VoLTE, Wi-Fi","Helio G85, Octa Core, 2 GHz Processor","4 GB RAM, 64 GB inbuilt",5000 mAh Battery with 15W Fast Charging,"6.56 inches, 720 x 1612 px, 90 Hz Display with Water Drop Notch",13 MP + 0.08 MP Dual Rear & 5 MP Front Camera,"Memory Card Supported, upto 1 TB",Android v14
904,Samsung Galaxy F55 5G,https://www.smartprix.com/mobiles/samsung-galaxy-f55-5g-ppd1uaidnnwr,"₹21,998",64,"Dual Sim, 3G, 4G, 5G, VoLTE, Wi-Fi, NFC","Snapdragon 7 Gen1, Octa Core, 2.4 GHz Processor","8 GB RAM, 128 GB inbuilt",5000 mAh Battery with 45W Fast Charging,"6.7 inches, 1080 x 2400 px, 120 Hz Display with Punch Hole",50 MP + 8 MP + 2 MP Triple Rear & 50 MP Front Camera,"Memory Card (Hybrid), upto 1 TB",Android v14
905,Xiaomi Redmi Note 13 Pro 5G (8GB RAM + 256GB),https://www.smartprix.com/mobiles/xiaomi-redmi-note-13-pro-5g-8gb-ram-256gb-ppd19ox7gse6,"₹30,999",67,"Dual Sim, 3G, 4G, 5G, VoLTE, Wi-Fi, IR Blaster","Snapdragon 7s Gen 2, Octa Core, 2.4 GHz Processor","8 GB RAM, 256 GB inbuilt",5100 mAh Battery with 67W Fast Charging,"6.67 inches, 1220 x 2712 px, 120 Hz Display with Punch Hole",200 MP + 8 MP + 2 MP Triple Rear & 16 MP Front Camera,Android v13,No FM Radio
906,Realme C65 5G,https://www.smartprix.com/mobiles/realme-c65-5g-ppd10azqk4ko,"₹10,499",53,"Dual Sim, 3G, 4G, 5G, VoLTE, Wi-Fi","Dimensity 6300, Octa Core, 2.4 GHz Processor","4 GB RAM, 64 GB inbuilt",5000 mAh Battery with 15W Fast Charging,"6.67 inches, 720 x 1604 px, 120 Hz Display with Punch Hole",50 MP Rear & 8 MP Front Camera,"Memory Card (Hybrid), upto 2 TB",Android v14
907,Motorola Edge 40 Neo (12GB RAM + 256GB),https://www.smartprix.com/mobiles/motorola-edge-40-neo-12gb-ram-256gb-ppd19vzts4ua,"₹22,990",66,"Dual Sim, 3G, 4G, 5G, VoLTE, Wi-Fi, NFC","Dimensity 7030, Octa Core, 2.5 GHz Processor","12 GB RAM, 256 GB inbuilt",5000 mAh Battery with 68W Fast Charging,"6.55 inches, 1080 x 2400 px, 144 Hz Display with Punch Hole",50 MP + 13 MP Dual Rear & 32 MP Front Camera,Android v13,No FM Radio
908,iQOO Z9x,https://www.smartprix.com/mobiles/iqoo-z9x-ppd1173nbq54,"₹17,990",58,"Dual Sim, 3G, 4G, 5G, VoLTE, Wi-Fi","Snapdragon 6 Gen1, Octa Core, 2.2 GHz Processor","4 GB RAM, 128 GB inbuilt",6000 mAh Battery with 44W Fast Charging,"6.72 inches, 1080 x 2408 px, 120 Hz Display with Punch Hole",50 MP + 2 MP Dual Rear & 8 MP Front Camera,"Memory Card (Hybrid), upto 1 TB",Android v14
909,Xiaomi Redmi 12 5G,https://www.smartprix.com/mobiles/xiaomi-redmi-12-5g-ppd1jp20x0qb,"₹11,999",53,"Dual Sim, 3G, 4G, 5G, VoLTE, Wi-Fi, IR Blaster","Snapdragon 4 Gen2, Octa Core, 2.2 GHz Processor","4 GB RAM, 128 GB inbuilt",5000 mAh Battery with 18W Fast Charging,"6.79 inches, 1080 x 2460 px, 90 Hz Display with Punch Hole",50 MP + 2 MP Dual Rear & 8 MP Front Camera,"Memory Card (Hybrid), upto 1 TB",Android v13
910,Infinix Note 30 5G (8GB RAM + 256GB),https://www.smartprix.com/mobiles/infinix-note-30-5g-8gb-ram-256gb-ppd11i3gziiz,"₹15,999",62,"Dual Sim, 3G, 4G, 5G, VoLTE, Wi-Fi, NFC","Dimensity 6080, Octa Core, 2.4 GHz Processor","8 GB RAM, 256 GB inbuilt",5000 mAh Battery with 45W Fast Charging,"6.78 inches, 1080 x 2460 px, 120 Hz Display with Punch Hole",108 MP + 2 MP Triple Rear & 16 MP Front Camera,"Memory Card Supported, upto 2 TB",Android v13
911,Vivo T3x 5G,https://www.smartprix.com/mobiles/vivo-t3x-5g-ppd16m90nezl,"₹17,499",55,"Dual Sim, 3G, 4G, 5G, VoLTE, Wi-Fi","Snapdragon 6 Gen1, Octa Core, 2.2 GHz Processor","4 GB RAM, 128 GB inbuilt",6000 mAh Battery with 44W Fast Charging,"6.72 inches, 1080 x 2408 px, 120 Hz Display with Punch Hole",50 MP + 2 MP Dual Rear & 8 MP Front Camera,"Memory Card (Hybrid), upto 1 TB",Android v14
912,Samsung Galaxy F15 5G,https://www.smartprix.com/mobiles/samsung-galaxy-f15-ppd1qh4x283r,"₹13,499",53,"Dual Sim, 3G, 4G, 5G, VoLTE, Wi-Fi","Dimensity 6100 Plus, Octa Core, 2.2 GHz Processor","4 GB RAM, 128 GB inbuilt",6000 mAh Battery with 25W Fast Charging,"6.45 inches, 1080 x 2340 px, 90 Hz Display with Water Drop Notch",50 MP + 5 MP + 2 MP Triple Rear & 13 MP Front Camera,"Memory Card (Hybrid), upto 1 TB",Android v14
913,Vivo T2x 5G (6GB RAM + 128GB),https://www.smartprix.com/mobiles/vivo-t2x-5g-6gb-ram-128gb-ppd1vumkzdli,"₹12,999",50,"Dual Sim, 3G, 4G, 5G, VoLTE, Wi-Fi","Dimensity 6020, Octa Core, 2.2 GHz Processor","6 GB RAM, 128 GB inbuilt",5000 mAh Battery with 18W Fast Charging,"6.58 inches, 1080 x 2408 px Display with Water Drop Notch",50 MP + 2 MP Dual Rear & 8 MP Front Camera,"Memory Card (Hybrid), upto 1 TB",Android v13
914,Poco X5 Pro (8GB RAM + 256GB),https://www.smartprix.com/mobiles/poco-x5-pro-8gb-ram-256gb-ppd1rxzjdjnu,"₹19,349",64,"Dual Sim, 3G, 4G, 5G, VoLTE, Wi-Fi, IR Blaster","Snapdragon 778G, Octa Core, 2.4 GHz Processor","8 GB RAM, 256 GB inbuilt",5000 mAh Battery with 67W Fast Charging,"6.67 inches, 1080 x 2400 px, 120 Hz Display with Punch Hole",108 MP + 8 MP + 2 MP Triple Rear & 16 MP Front Camera,Memory Card Not Supported,Android v12
915,Xiaomi Redmi Note 12 (6GB RAM + 128GB),https://www.smartprix.com/mobiles/xiaomi-redmi-note-12-6gb-ram-128gb-ppd1ki6gespb,"₹12,239",58,"Dual Sim, 3G, 4G, 5G, VoLTE, Wi-Fi, IR Blaster","Snapdragon 4 Gen 1, Octa Core, 2 GHz Processor","6 GB RAM, 128 GB inbuilt",5000 mAh Battery with 33W Fast Charging,"6.67 inches, 1080 x 2400 px, 120 Hz Display with Punch Hole",48 MP + 8 MP + 2 MP Triple Rear & 13 MP Front Camera,"Memory Card (Hybrid), upto 1 TB",Android v12
916,Realme GT Neo 3T (8GB RAM + 128GB),https://www.smartprix.com/mobiles/realme-gt-neo-3t-8gb-ram-128gb-ppd16fdibrdr,"₹22,900",63,"Dual Sim, 3G, 4G, 5G, VoLTE, Wi-Fi","Snapdragon 870, Octa Core, 3.2 GHz Processor","8 GB RAM, 128 GB inbuilt",5000 mAh Battery with 80W Fast Charging,"6.62 inches, 1080 x 2400 px, 120 Hz Display with Punch Hole",64 MP + 8 MP + 2 MP Triple Rear & 16 MP Front Camera,Android v12,No FM Radio
917,Vivo V29,https://www.smartprix.com/mobiles/vivo-v29-ppd1dvirm2ah,"₹32,999",64,"Dual Sim, 3G, 4G, 5G, VoLTE, Wi-Fi","Snapdragon 778G, Octa Core, 2.4 GHz Processor","8 GB RAM, 128 GB inbuilt",4600 mAh Battery with 80W Fast Charging,"6.78 inches, 1260 x 2800 px, 120 Hz Display with Punch Hole",50 MP + 8 MP + 2 MP Triple Rear & 50 MP Front Camera,Android v13,No FM Radio
918,Vivo X90 Pro 5G,https://www.smartprix.com/mobiles/vivo-x90-pro-5g-ppd1vgpvr0wb,"₹49,999",80,"Dual Sim, 3G, 4G, 5G, VoLTE, Wi-Fi, NFC, IR Blaster","Dimensity 9200, Octa Core, 3.05 GHz Processor","12 GB RAM, 256 GB inbuilt",4870 mAh Battery with 120W Fast Charging,"6.78 inches, 1260 x 2800 px, 120 Hz Display with Punch Hole",50 MP + 50 MP + 12 MP Triple Rear & 32 MP Front Camera,Memory Card Not Supported,Android v13
919,Realme 9 4G,https://www.smartprix.com/mobiles/realme-9-ppd1ajvqtm8m,"₹14,980",59,"Dual Sim, 3G, 4G, VoLTE, Wi-Fi","Snapdragon 680, Octa Core, 2.4 GHz Processor","6 GB RAM, 128 GB inbuilt",5000 mAh Battery with 33W Fast Charging,"6.4 inches, 1080 x 2400 px, 90 Hz Display with Punch Hole",108 MP + 8 MP + 2 MP Triple Rear & 16 MP Front Camera,"Memory Card Supported, upto 256 GB",Android v12
920,OnePlus 8T,https://www.smartprix.com/mobiles/oneplus-8t-ppd1stt3eagu,"₹23,999",63,"Dual Sim, 3G, 4G, 5G, VoLTE, Wi-Fi, NFC","Snapdragon 865, Octa Core, 2.84 GHz Processor","8 GB RAM, 128 GB inbuilt",4500 mAh Battery with 65W Fast Charging,"6.55 inches, 1080 x 2400 px, 120 Hz Display with Punch Hole",48 MP Quad Rear & 16 MP Front Camera,Memory Card Not Supported,Android v11
921,Apple iPhone 9,https://www.smartprix.com/mobiles/apple-iphone-9-ppd1rakr0y5i,"₹29,990",40,"Single Sim, 3G, 4G, VoLTE, Wi-Fi, NFC","A13 Bionic, Hexa Core, 2.65 GHz Processor","3 GB RAM, 64 GB inbuilt",2050 mAh Battery with Fast Charging,"4.7 inches, 750 x 1334 px Display with Large Notch",12 MP Rear & 7 MP Front Camera,Memory Card Not Supported,iOS v13.0
922,Infinix Note Edge 5G (8GB RAM + 128GB),https://www.smartprix.com/mobiles/infinix-note-edge-5g-8gb-ram-128gb-ppd164oq8iyp,"₹23,999",66,"Dual Sim, 3G, 4G, 5G, VoLTE, Wi-Fi, NFC, IR Blaster","Dimensity 7100, Octa Core, 2.4 GHz Processor","8 GB RAM, 128 GB inbuilt",6500 mAh Battery with 45W Fast Charging,"6.78 inches, 1208 x 2644 px, 120 Hz Display with Punch Hole",50 MP Dual Rear & 13 MP Front Camera,Android v16,Bluetooth
923,itel Zeno 20 Max (4GB RAM + 128GB),https://www.smartprix.com/mobiles/itel-zeno-20-max-4gb-ram-128gb-ppd12oh1t4hj,"₹6,999",39,"Dual Sim, 3G, 4G, VoLTE, Wi-Fi","UNISOC T7100, Octa Core Processor","4 GB RAM, 128 GB inbuilt",5000 mAh Battery with 15W Fast Charging,"6.6 inches, 720 x 1612 px, 90 Hz Display with Water Drop Notch",13 MP Dual Rear & 5 MP Front Camera,Memory Card Supported,Android v14
924,TCL K70 SE,https://www.smartprix.com/mobiles/tcl-k70-se-ppd1opfe7gee,"₹9,999",35,"Dual Sim, 3G, 4G, VoLTE, Wi-Fi","Helio G50, Octa Core, 2.2 GHz Processor","4 GB RAM, 64 GB inbuilt",3000 mAh Battery,"6.56 inches, 1210 x 540 px, 90 Hz Display with Water Drop Notch",5 MP Rear & 2 MP Front Camera,"Memory Card Supported, upto 1 TB",Android v16
925,Oppo Find X10 Pro Max 5G,https://www.smartprix.com/mobiles/oppo-find-x10-pro-max-5g-ppd1vb22k6wq,"₹1,29,990",94,"Dual Sim, 3G, 4G, 5G, VoLTE, Wi-Fi, NFC, IR Blaster","Dimensity 9600, Octa Core Processor","16 GB RAM, 512 GB inbuilt",8000 mAh Battery with 800W Fast Charging,"6.9 inches, 1272 x 2772 px, 120 Hz Display with Punch Hole",200 MP + 200 MP + 50 MP Triple Rear & 50 MP Front Camera,Memory Card Not Supported,Android v17
926,BlackZone ionix Pro,https://www.smartprix.com/mobiles/blackzone-ionix-pro-ppd1ewxk1snc,"₹8,999",40,"Dual Sim, 3G, 4G, VoLTE, Wi-Fi","Snapdragon, Octa Core, 2.8 GHz Processor","6 GB RAM, 128 GB inbuilt",5000 mAh Battery with Fast Charging,"6.3 inches, 1560 x 720 px Display with Large Notch",12 MP + 5 MP Dual Rear & 20 MP Front Camera,Android v14,Bluetooth
927,Mixx Eluga X1,https://www.smartprix.com/mobiles/mixx-eluga-x1-ppd1zwaiv7jn,"₹1,833",18,"Dual Sim, 3G, 4G, Wi-Fi","Single Core, 4 MHz Processor","1 GB RAM, 16 GB inbuilt",3000 mAh Battery,"2.8 inches, 1080 x 1080 px Display",4 MP Rear Camera,Android v11.1,No FM Radio
928,Motorola Moto X70 Air Pro,https://www.smartprix.com/mobiles/motorola-moto-x70-air-pro-ppd1d2n4vysg,"₹39,990",77,"Dual Sim, 3G, 4G, 5G, VoLTE, Vo5G, Wi-Fi, NFC",Octa Core Processor,"12 GB RAM, 256 GB inbuilt",5100 mAh Battery with 90W Fast Charging,"6.7 inches, 1220 x 2712 px, 120 Hz Display with Punch Hole",50 MP + 50 MP + 50 MP Triple Rear & 50 MP Front Camera,"Memory Card (Hybrid), upto 1 TB",Android v16
929,Xiaomi Redmi Turbo 5 Pro,https://www.smartprix.com/mobiles/xiaomi-redmi-turbo-5-pro-ppd1urem2oa7,"₹34,990",74,"Dual Sim, 3G, 4G, 5G, VoLTE, Wi-Fi, NFC, IR Blaster","Dimensity 9500e, Octa Core Processor","12 GB RAM, 256 GB inbuilt",9000 mAh Battery with 100W Fast Charging,"6.7 inches, 1220 x 2712 px, 120 Hz Display with Punch Hole",50 MP + 50 MP Dual Rear & 32 MP Front Camera,Android v16,No FM Radio
930,Ai+ Nova Flip,https://www.smartprix.com/mobiles/ai-nova-flip-ppd183a8wp0n,"₹39,990",74,"Dual Sim, 3G, 4G, 5G, VoLTE, Wi-Fi, NFC",Octa Core Processor,"8 GB RAM, 256 GB inbuilt",4000 mAh Battery with 45W Fast Charging,"6.9 inches, 1080 x 2640 px, 144 Hz Display with Punch Hole","Foldable Display, Dual Display",50 MP + 13 MP Dual Rear & 16 MP Front Camera,Memory Card Not Supported
931,Tecno Spark GO 3,https://www.smartprix.com/mobiles/tecno-spark-go-3-ppd14d94on3z,"₹8,999",41,"Dual Sim, 3G, 4G, VoLTE, Wi-Fi, IR Blaster","Unisoc T7250, Octa Core, 1.8 GHz Processor","4 GB RAM, 64 GB inbuilt",5000 mAh Battery with 15W Fast Charging,"6.74 inches, 720 x 1600 px, 120 Hz Display with Punch Hole",13 MP Rear & 8 MP Front Camera,"Memory Card Supported, upto 1 TB",Android v15
932,Honor X8d,https://www.smartprix.com/mobiles/honor-x8d-ppd1d4hzv9yb,"₹21,990",63,"Dual Sim, 3G, 4G, Wi-Fi, NFC, IR Blaster","Snapdragon 6s 4G Gen 2, Octa Core, 2.3 GHz Processor","8 GB RAM, 128 GB inbuilt",7000 mAh Battery with 45W Fast Charging,"6.77 inches, 1080 x 2392 px, 120 Hz Display with Punch Hole",108 MP + 5 MP Dual Rear & 16 MP Front Camera,Memory Card Supported,Android v15
933,Lava Play Max,https://www.smartprix.com/mobiles/lava-play-max-ppd1x56hfq2v,"₹13,999",54,"Dual Sim, 3G, 4G, 5G, VoLTE, Wi-Fi","Dimensity 7300, Octa Core, 2.5 GHz Processor","6 GB RAM, 128 GB inbuilt",5000 mAh Battery with 33W Fast Charging,"6.72 inches, 1080 x 1920 px, 120 Hz Display with Punch Hole",50 MP Rear & 8 MP Front Camera,"Memory Card (Hybrid), upto 1 TB",Android v15
934,Huawei Mate 80 Pro Max,https://www.smartprix.com/mobiles/huawei-mate-80-pro-max-ppd16bs6x1au,"₹1,09,990",80,"Dual Sim, 3G, 4G, 5G, Wi-Fi, NFC, IR Blaster",Kirin 9030,"16 GB RAM, 512 GB inbuilt",6000 mAh Battery with 100W Fast Charging,"6.9 inches, 1320 x 2848 px, 120 Hz Display",50 MP Quad Rear & 13 MP Front Camera,HarmonyOS v6.0,No FM Radio
935,Oppo Find X9 5G (16GB RAM + 512GB),https://www.smartprix.com/mobiles/oppo-find-x9-5g-16gb-ram-512gb-ppd1qbmlkchb,"₹84,999",90,"Dual Sim, 3G, 4G, 5G, VoLTE, Wi-Fi, NFC, IR Blaster","Dimensity 9500, Octa Core, 4.21 GHz Processor","16 GB RAM, 512 GB inbuilt",7025 mAh Battery with 80W Fast Charging,"6.59 inches, 1256 x 2760 px, 120 Hz Display with Punch Hole",50 MP + 50 MP + 50 MP Triple Rear & 32 MP Front Camera,Android v16,No FM Radio
936,Vivo Y19s 5G (4GB RAM + 64GB),https://www.smartprix.com/mobiles/vivo-y19s-5g-4gb-ram-64gb-ppd19pid4pbd,"₹12,499",49,"Dual Sim, 3G, 4G, 5G, VoLTE, Wi-Fi","Dimensity 6300, Octa Core, 2.4 GHz Processor","4 GB RAM, 64 GB inbuilt",6000 mAh Battery with 15W Fast Charging,"6.74 inches, 720 x 1600 px, 90 Hz Display with Water Drop Notch",13 MP + 0.08 MP Dual Rear & 5 MP Front Camera,Memory Card Supported,Android v15
937,Vivo S50,https://www.smartprix.com/mobiles/vivo-s50-ppd18lwaniol,"₹39,990",76,"Dual Sim, 3G, 4G, 5G, VoLTE, Wi-Fi, NFC, IR Blaster","Snapdragon 8s Gen3, Octa Core, 3 GHz Processor","12 GB RAM, 256 GB inbuilt",6500 mAh Battery with 100W Fast Charging,"6.59 inches, 1260 x 2750 px, 120 Hz Display with Punch Hole",50 MP + 50 MP + 8 MP Triple Rear & 50 MP Front Camera,Android v16,No FM Radio
938,Xiaomi Redmi 16,https://www.smartprix.com/mobiles/xiaomi-redmi-16-ppd1fq2maf9c,"₹15,990",57,"Dual Sim, 3G, 4G, 5G, VoLTE, Wi-Fi, IR Blaster","Snapdragon 6s Gen4, Octa Core Processor","6 GB RAM, 128 GB inbuilt",7500 mAh Battery with 33W Fast Charging,"6.9 inches, 1080 x 2340 px, 144 Hz Display with Punch Hole",50 MP Dual Rear & 16 MP Front Camera,Memory Card (Hybrid),Android v16
939,Oppo K13s,https://www.smartprix.com/mobiles/oppo-k13s-ppd14gayb3r2,"₹19,990",58,"Dual Sim, 3G, 4G, 5G, Wi-Fi, NFC, IR Blaster","Snapdragon 7 Gen3, Octa Core, 2.63 GHz Processor","8 GB RAM, 256 GB inbuilt",7000 mAh Battery,"6.8 inches, 1280 x 2800 px Display",50 MP + 2 MP Dual Rear & 32 MP Front Camera,Android v15,No FM Radio
940,Apple iPhone Air (1TB),https://www.smartprix.com/mobiles/apple-iphone-air-1tb-ppd1kxdi61gt,"₹1,32,490",66,"Dual Sim, 3G, 4G, 5G, VoLTE, Wi-Fi, NFC","Apple A19 Pro, Hexa Core Processor","8 GB RAM, 1 TB inbuilt",3149 mAh Battery with Fast Charging,"6.5 inches, 1260 x 2736 px Display with Dynamic Island",48 MP Rear & 18 MP Front Camera,Memory Card Not Supported,iOS v26
941,Oppo F31 Pro Plus 5G (12GB RAM + 256GB),https://www.smartprix.com/mobiles/oppo-f31-pro-plus-5g-12gb-ram-256gb-ppd1vq8htpvi,"₹34,999",71,"Dual Sim, 3G, 4G, 5G, VoLTE, Wi-Fi","Snapdragon 7 Gen3, Octa Core, 2.63 GHz Processor","12 GB RAM, 256 GB inbuilt",7000 mAh Battery with 80W Fast Charging,"6.8 inches, 1280 x 2800 px, 120 Hz Display with Punch Hole",50 MP + 2 MP Dual Rear & 32 MP Front Camera,Android v15,No FM Radio
942,Samsung Galaxy S26 Pro,https://www.smartprix.com/mobiles/samsung-galaxy-s26-pro-ppd1etw4wt8f,"₹99,999",80,"Dual Sim, 3G, 4G, 5G, VoLTE, Vo5G, Wi-Fi, NFC","Exynos 2600, Octa Core Processor","12 GB RAM, 256 GB inbuilt",5500 mAh Battery with Fast Charging,"6.8 inches, 1200 x 2480 px, 144 Hz Display with Punch Hole",50 MP + 50 MP + 50 MP Triple Rear & 50 MP Front Camera,Android v16,Bluetooth
943,Oppo A5x 5G (4GB RAM + 64GB),https://www.smartprix.com/mobiles/oppo-a5x-5g-4gb-ram-64gb-ppd1vpe59b1p,"₹11,499",52,"Dual Sim, 3G, 4G, 5G, VoLTE, Wi-Fi","Dimensity 6300, Octa Core, 2.4 GHz Processor","4 GB RAM, 64 GB inbuilt",6000 mAh Battery with 45W Fast Charging,"6.67 inches, 720 x 1604 px, 120 Hz Display with Punch Hole",32 MP Rear & 5 MP Front Camera,Memory Card (Hybrid),Android v15
944,Realme 15T (12GB RAM + 256GB),https://www.smartprix.com/mobiles/realme-15t-12gb-ram-256gb-ppd1ai4g3s3a,"₹26,999",68,"Dual Sim, 3G, 4G, 5G, VoLTE, Wi-Fi, IR Blaster","Dimensity 6400 Max, Octa Core, 2.5 GHz Processor","12 GB RAM, 256 GB inbuilt",7000 mAh Battery with 60W Fast Charging,"6.57 inches, 1080 x 2372 px, 120 Hz Display with Punch Hole",50 MP + 2 MP Dual Rear & 50 MP Front Camera,"Memory Card (Hybrid), upto 2 TB",Android v15
945,Lava Play Ultra 5G (8GB+128GB),https://www.smartprix.com/mobiles/lava-play-ultra-5g-8gb-128gb-ppd1nqsbmp8f,"₹16,999",64,"Dual Sim, 3G, 4G, 5G, VoLTE, Vo5G, Wi-Fi","Dimensity 7300, Octa Core, 2.5 GHz Processor","8 GB RAM, 128 GB inbuilt",5000 mAh Battery with 33W Fast Charging,"6.67 inches, 1080 x 1920 px, 120 Hz Display with Punch Hole",64 MP + 5 MP Dual Rear & 13 MP Front Camera,"Memory Card (Hybrid), upto 1 TB",Android v15
946,Realme P4 Pro 5G (12GB RAM + 256GB),https://www.smartprix.com/mobiles/realme-p4-pro-5g-12gb-ram-256gb-ppd1pyjz8ltg,"₹31,999",74,"Dual Sim, 3G, 4G, 5G, VoLTE, Wi-Fi, IR Blaster","Snapdragon 7 Gen 4, Octa Core Processor","12 GB RAM, 256 GB inbuilt",7000 mAh Battery with 80W Fast Charging,"6.8 inches, 1280 x 2800 px, 144 Hz Display with Punch Hole",50 MP + 8 MP Dual Rear & 50 MP Front Camera,Android v15,No FM Radio
947,Oppo K13 Turbo Pro (12GB+256GB),https://www.smartprix.com/mobiles/oppo-k13-turbo-pro-12gb-256gb-ppd1kes4c9yv,"₹36,999",72,"Dual Sim, 3G, 4G, 5G, VoLTE, Wi-Fi, IR Blaster","Snapdragon 8s Gen4, Octa Core, 3.2 GHz Processor","12 GB RAM, 256 GB inbuilt",7000 mAh Battery with 80W Fast Charging,"6.8 inches, 1280 x 2800 px, 120 Hz Display with Punch Hole",50 MP + 2 MP Dual Rear & 16 MP Front Camera,Memory Card Not Supported,Android v15
948,Oppo A5x 4G (4GB RAM + 128GB),https://www.smartprix.com/mobiles/oppo-a5x-4g-4gb-ram-128gb-ppd1o7y8tk32,"₹10,946",50,"Dual Sim, 3G, 4G, VoLTE, Wi-Fi, IR Blaster","Snapdragon 6s 4G Gen1, Octa Core, 2.1 GHz Processor","4 GB RAM, 128 GB inbuilt",6000 mAh Battery with 45W Fast Charging,"6.67 inches, 720 x 1604 px, 90 Hz Display with Punch Hole",32 MP Rear & 5 MP Front Camera,Memory Card (Hybrid),Android v15
949,Oppo A5x 5G (6GB RAM + 128GB),https://www.smartprix.com/mobiles/oppo-a5x-5g-6gb-ram-128gb-ppd12l7m71g1,"₹13,999",53,"Dual Sim, 3G, 4G, 5G, VoLTE, Wi-Fi","Dimensity 6300, Octa Core, 2.4 GHz Processor","6 GB RAM, 128 GB inbuilt",6000 mAh Battery with 45W Fast Charging,"6.67 inches, 720 x 1604 px, 120 Hz Display with Punch Hole",32 MP Rear & 5 MP Front Camera,Memory Card (Hybrid),Android v15
950,Realme 15 5G (8GB RAM + 256GB),https://www.smartprix.com/mobiles/realme-15-5g-8gb-ram-256gb-ppd135jqj7qj,"₹24,990",66,"Dual Sim, 3G, 4G, 5G, VoLTE, Wi-Fi","Dimensity 7300 Plus, Octa Core Processor","8 GB RAM, 256 GB inbuilt",7000 mAh Battery with 80W Fast Charging,"6.8 inches, 1280 x 2800 px, 144 Hz Display with Punch Hole",50 MP + 8 MP Dual Rear & 50 MP Front Camera,Android v15,No FM Radio
951,Realme 15 Pro 5G (12GB RAM + 512GB),https://www.smartprix.com/mobiles/realme-15-pro-5g-12gb-ram-512gb-ppd129rz5bl8,"₹37,999",77,"Dual Sim, 3G, 4G, 5G, VoLTE, Wi-Fi","Snapdragon 7 Gen4, Octa Core, 2.8 GHz Processor","12 GB RAM, 512 GB inbuilt",7000 mAh Battery with 80W Fast Charging,"6.8 inches, 1280 x 2800 px, 144 Hz Display with Punch Hole",50 MP + 50 MP Dual Rear & 50 MP Front Camera,Android v15,No FM Radio
952,Ai+ Pulse (6GB RAM +128GB),https://www.smartprix.com/mobiles/ai-pulse-6gb-ram-128gb-ppd1b6e9z751,"₹7,999",46,"Dual Sim, 3G, 4G, VoLTE, Wi-Fi","Unisoc T615, Octa Core, 1.8 GHz Processor","6 GB RAM, 128 GB inbuilt",5000 mAh Battery with 10W Fast Charging,"6.75 inches, 720 x 1600 px, 90 Hz Display with Water Drop Notch",50 MP Rear & 5 MP Front Camera,"Memory Card Supported, upto 1 TB",Android v15
953,OPPO Reno 14 5G (12GB RAM + 512GB),https://www.smartprix.com/mobiles/oppo-reno-14-5g-12gb-ram-512gb-ppd1a3pfnuv2,"₹47,999",79,"Dual Sim, 3G, 4G, 5G, VoLTE, Wi-Fi, IR Blaster","Dimensity 8350, Octa Core, 3.35 GHz Processor","12 GB RAM, 512 GB inbuilt",6000 mAh Battery with 80W Fast Charging,"6.59 inches, 1256 x 2760 px, 120 Hz Display with Punch Hole",50 MP + 50 MP + 8 MP Triple Rear & 50 MP Front Camera,Android v15,No FM Radio
954,Infinix Note 50s 5G (6GB RAM + 128GB),https://www.smartprix.com/mobiles/infinix-note-50s-5g-6gb-ram-128gb-ppd1rqgbbp2p,"₹17,999",62,"Dual Sim, 3G, 4G, 5G, VoLTE, Wi-Fi, IR Blaster","Dimensity 7300 Ultimate, Octa Core, 2.5 GHz Processor","6 GB RAM, 128 GB inbuilt",5500 mAh Battery with 45W Fast Charging,"6.78 inches, 1080 x 2436 px, 144 Hz Display with Punch Hole",64 MP + 2 MP Dual Rear & 13 MP Front Camera,Android v15,Bluetooth
955,Xiaomi Redmi A4 5G (6GB RAM + 128GB),https://www.smartprix.com/mobiles/xiaomi-redmi-a4-5g-6gb-ram-128gb-ppd1dcuzasw6,"₹12,999",52,"Dual Sim, 3G, 4G, 5G, VoLTE, Wi-Fi","Snapdragon 4s Gen2, Octa Core, 2 GHz Processor","6 GB RAM, 128 GB inbuilt",5160 mAh Battery with 18W Fast Charging,"6.88 inches, 720 x 1640 px, 120 Hz Display with Water Drop Notch",50 MP Dual Rear & 5 MP Front Camera,"Memory Card Supported, upto 1 TB",Android v14
956,OPPO A5 5G (8GB RAM + 128GB),https://www.smartprix.com/mobiles/oppo-a5-5g-8gb-ram-128gb-ppd1g2cicm5t,"₹17,999",57,"Dual Sim, 3G, 4G, 5G, VoLTE, Wi-Fi, NFC","Dimensity 6300, Octa Core, 2.4 GHz Processor","8 GB RAM, 128 GB inbuilt",6000 mAh Battery with 45W Fast Charging,"6.67 inches, 720 x 1604 px, 120 Hz Display with Punch Hole",50 MP + 2 MP Dual Rear & 8 MP Front Camera,"Memory Card (Hybrid), upto 2 TB",Android v15
957,Huawei Mate X7,https://www.smartprix.com/mobiles/huawei-mate-x7-ppd1m8m32yit,"₹1,64,990",86,"Dual Sim, 3G, 4G, 5G, VoLTE, Wi-Fi, NFC, IR Blaster","Kirin 9030, Octa Core Processor","12 GB RAM, 256 GB inbuilt",5525 mAh Battery with 66W Fast Charging,"8 inches, 2210 x 2416 px, 120 Hz Display with Punch Hole","Foldable Display, Dual Display",50 MP + 50 MP + 40 MP Triple Rear & 8 MP + 8 MP Dual Front Camera,HarmonyOS v6.0
958,BlackZone Aviator,https://www.smartprix.com/mobiles/blackzone-aviator-ppd1c989gpaa,"₹8,499",39,"Dual Sim, 3G, 4G, VoLTE, Wi-Fi","Snapdragon 710, Octa Core, 2.2 GHz Processor","12 GB RAM, 128 GB inbuilt",5000 mAh Battery,"6.3 inches, 1560 x 720 px Display with Large Notch",12 MP + 5 MP Dual Rear & 20 MP Front Camera,Android v14,No FM Radio
959,Lava Storm Lite 5G,https://www.smartprix.com/mobiles/lava-storm-lite-5g-ppd1ovy0sg00,"₹9,999",49,"Dual Sim, 3G, 4G, 5G, VoLTE, Wi-Fi","Dimensity 6400, Octa Core, 2.5 GHz Processor","4 GB RAM, 64 GB inbuilt",5000 mAh Battery with Fast Charging,"6.75 inches, 720 x 1600 px, 120 Hz Display with Water Drop Notch",50 MP + Ultra Wide Dual Rear & 5 MP Front Camera,"Memory Card Supported, upto 1 TB",Android v15
960,Tecno Pova Curve 5G (8GB RAM + 128GB),https://www.smartprix.com/mobiles/tecno-pova-curve-5g-8gb-ram-128gb-ppd1hbbnlmo1,"₹17,999",63,"Dual Sim, 3G, 4G, 5G, VoLTE, Wi-Fi, NFC, IR Blaster","Dimensity 7300 Ultimate, Octa Core, 2.5 GHz Processor","8 GB RAM, 128 GB inbuilt",5500 mAh Battery with 45W Fast Charging,"6.78 inches, 1080 x 2436 px, 144 Hz Display with Punch Hole",64 MP + AI Camera Dual Rear & 13 MP Front Camera,Android v15,Bluetooth
961,Realme GT 7T (12GB RAM + 512GB),https://www.smartprix.com/mobiles/realme-gt-7t-12gb-ram-512gb-ppd19vpidi86,"₹41,999",80,"Dual Sim, 3G, 4G, 5G, VoLTE, Vo5G, Wi-Fi, NFC, IR Blaster","Dimensity 8400-MAX, Octa Core, 3.25 GHz Processor","12 GB RAM, 512 GB inbuilt",7000 mAh Battery with 120W Fast Charging,"6.8 inches, 1280 x 2800 px, 120 Hz Display with Punch Hole",50 MP + 8 MP Dual Rear & 32 MP Front Camera,Memory Card Not Supported,Android v15
962,Vivo Y20 5G,https://www.smartprix.com/mobiles/vivo-y20-5g-ppd12nses0i4,"₹11,999",53,"Dual Sim, 3G, 4G, 5G, VoLTE, Wi-Fi","Dimensity 6400, Octa Core, 2.4 GHz Processor","4 GB RAM, 128 GB inbuilt",5700 mAh Battery with 20W Fast Charging,"6.74 inches, 720 x 1600 px, 90 Hz Display with Water Drop Notch",50 MP + 0.08 MP Dual Rear & 8 MP Front Camera,"Memory Card Supported, upto 2 TB",Android v16
963,itel Zeno 5G,https://www.smartprix.com/mobiles/itel-zeno-5g-ppd18jjrpv18,"₹9,999",53,"Dual Sim, 3G, 4G, 5G, VoLTE, Wi-Fi, IR Blaster","Dimensity 6300, Octa Core, 2.4 GHz Processor","4 GB RAM, 128 GB inbuilt",5000 mAh Battery with 18W Fast Charging,"6.67 inches, 720 x 1612 px, 120 Hz Display with Punch Hole",50 MP Dual Rear & 8 MP Front Camera,"Memory Card Supported, upto 1 TB",Android v14
964,Realme Narzo 80x 5G (8GB RAM + 128GB),https://www.smartprix.com/mobiles/realme-narzo-80x-5g-8gb-ram-128gb-ppd1nqmx4rvo,"₹13,999",58,"Dual Sim, 3G, 4G, 5G, VoLTE, Wi-Fi","Dimensity 6400, Octa Core, 2.5 GHz Processor","8 GB RAM, 128 GB inbuilt",6000 mAh Battery with 45W Fast Charging,"6.72 inches, 1080 x 2400 px, 120 Hz Display with Punch Hole",50 MP + 2 MP Dual Rear & 8 MP Front Camera,Memory Card (Hybrid),Android v15
965,Nubia Red Magic 10 Air,https://www.smartprix.com/mobiles/nubia-red-magic-10-air-ppd1bgayusv0,"₹40,999",74,"Dual Sim, 3G, 4G, 5G, VoLTE, Wi-Fi, NFC, IR Blaster","Snapdragon 8 Gen3, Octa Core, 3.3 GHz Processor","12 GB RAM, 256 GB inbuilt",6000 mAh Battery with 80W Fast Charging,"6.8 inches, 1116 x 2480 px, 120 Hz Display",50 MP + 50 MP Dual Rear & 16 MP Front Camera,Android v15,No FM Radio
966,Honor Power,https://www.smartprix.com/mobiles/honor-power-ppd1le0bwy9s,"₹23,990",63,"Dual Sim, 3G, 4G, 5G, VoLTE, Wi-Fi, NFC, IR Blaster","Snapdragon 7 Gen3, Octa Core, 2.63 GHz Processor","8 GB RAM, 256 GB inbuilt",8000 mAh Battery with 66W Fast Charging,"6.78 inches, 1224 x 2700 px, 120 Hz Display with Punch Hole",50 MP + 5 MP Dual Rear & 16 MP Front Camera,Android v15,No FM Radio
967,Vivo Y40,https://www.smartprix.com/mobiles/vivo-y40-ppd1upiaa7j7,"₹19,999",55,"Dual Sim, 3G, 4G, 5G, VoLTE, Wi-Fi",Octa Core Processor,"8 GB RAM, 128 GB inbuilt",7300 mAh Battery with 44W Fast Charging,"6.68 inches, 720 x 1608 px, 120 Hz Display with Punch Hole",50 MP + 2 MP Dual Rear & 32 MP Front Camera,Memory Card Not Supported,Android v16
968,Samsung Galaxy F16 5G (8GB RAM + 128GB),https://www.smartprix.com/mobiles/samsung-galaxy-f16-5g-8gb-ram-128gb-ppd16wnheemz,"₹15,499",55,"Dual Sim, 3G, 4G, 5G, VoLTE, Wi-Fi, NFC","Dimensity 6300, Octa Core, 2.4 GHz Processor","8 GB RAM, 128 GB inbuilt",5000 mAh Battery with 25W Fast Charging,"6.7 inches, 1080 x 2340 px, 90 Hz Display with Punch Hole",50 MP + 5 MP + 2 MP Triple Rear & 13 MP Front Camera,"Memory Card (Hybrid), upto 1.5 TB",Android v15
969,Samsung Galaxy M16 5G (6GB RAM + 128GB),https://www.smartprix.com/mobiles/samsung-galaxy-m16-5g-6gb-ram-128gb-ppd1uaek4l1g,"₹14,497",55,"Dual Sim, 3G, 4G, 5G, VoLTE, Wi-Fi, NFC","Dimensity 6300, Octa Core, 2.4 GHz Processor","6 GB RAM, 128 GB inbuilt",5000 mAh Battery with 25W Fast Charging,"6.7 inches, 1080 x 2340 px, 90 Hz Display with Punch Hole",50 MP + 5 MP + 2 MP Triple Rear & 13 MP Front Camera,"Memory Card (Hybrid), upto 1.5 TB",Android v14
970,Apple iPhone 16e (512GB),https://www.smartprix.com/mobiles/apple-iphone-16e-512gb-ppd12u1gz1o9,"₹89,900",66,"Dual Sim, 3G, 4G, 5G, VoLTE, Wi-Fi, NFC","Bionic A18, Hexa Core, 4.04 GHz Processor","8 GB RAM, 512 GB inbuilt",4005 mAh Battery with Fast Charging,"6.1 inches, 1170 x 2532 px Display with Small Notch",48 MP Rear & 12 MP Front Camera,Memory Card Not Supported,iOS v18
971,Samsung Galaxy A06 5G (6GB RAM + 128GB),https://www.smartprix.com/mobiles/samsung-galaxy-a06-5g-6gb-ram-128gb-ppd1986yoj8g,"₹14,499",53,"Dual Sim, 3G, 4G, 5G, VoLTE, Wi-Fi","Dimensity 6300, Octa Core, 2.4 GHz Processor","6 GB RAM, 128 GB inbuilt",5000 mAh Battery with 25W Fast Charging,"6.7 inches, 720 x 1600 px, 90 Hz Display with Water Drop Notch",50 MP + 2 MP Dual Rear & 8 MP Front Camera,"Memory Card Supported, upto 1 TB",Android v15
972,Vivo X300 Pro Mini,https://www.smartprix.com/mobiles/vivo-x300-pro-mini-ppd14yzp3czh,"₹59,990",81,"Dual Sim, 3G, 4G, 5G, VoLTE, Wi-Fi, NFC, IR Blaster","Dimensity 9500, Octa Core Processor","12 GB RAM, 256 GB inbuilt",5800 mAh Battery with 100W Fast Charging,"6.3 inches, 1216 x 2640 px, 120 Hz Display with Punch Hole",50 MP + 50 MP + 50 MP Triple Rear & 50 MP Front Camera,Memory Card Not Supported,Android v16
973,Xiaomi 16 Ultra,https://www.smartprix.com/mobiles/xiaomi-16-ultra-ppd1i0sctmon,"₹1,19,990",90,"Dual Sim, 3G, 4G, 5G, VoLTE, Vo5G, Wi-Fi, NFC, IR Blaster","Snapdragon 8 Elite 2, Octa Core Processor","16 GB RAM, 512 GB inbuilt",6000 mAh Battery with 120W Fast Charging,"6.85 inches, 1440 x 3200 px, 120 Hz Display with Punch Hole",200 MP Quad Rear & 32 MP Front Camera,Android v16,No FM Radio
974,Vivo V50 5G (12GB RAM + 512GB),https://www.smartprix.com/mobiles/vivo-v50-5g-12gb-ram-512gb-ppd1ya1r77dh,"₹37,999",72,"Dual Sim, 3G, 4G, 5G, VoLTE, Wi-Fi","Snapdragon 7 Gen3, Octa Core, 2.63 GHz Processor","12 GB RAM, 512 GB inbuilt",6000 mAh Battery with 90W Fast Charging,"6.77 inches, 1080 x 2392 px, 120 Hz Display with Punch Hole",50 MP + 50 MP Dual Rear & 50 MP Front Camera,Memory Card Not Supported,Android v15
975,Motorola Moto G06,https://www.smartprix.com/mobiles/motorola-moto-g06-ppd1f7t3cyqd,"₹7,999",49,"Dual Sim, 3G, 4G, VoLTE, Wi-Fi, NFC","Helio G81 Ultra, Octa Core, 2 GHz Processor","4 GB RAM, 64 GB inbuilt",5200 mAh Battery with 10W Fast Charging,"6.88 inches, 720 x 1640 px, 120 Hz Display with Punch Hole",50 MP Rear & 8 MP Front Camera,"Memory Card Supported, upto 1 TB",Android v15
976,Vivo Y60,https://www.smartprix.com/mobiles/vivo-y60-ppd1nmljhkd1,"₹22,990",55,"Dual Sim, 3G, 4G, 5G, VoLTE, Wi-Fi, NFC",Octa Core Processor,"8 GB RAM, 256 GB inbuilt",5150 mAh Battery with 33W Fast Charging,"6.67 inches, 1080 x 2408 px Display with Water Drop Notch",50 MP + 12 MP + 2 MP Triple Rear & 16 MP Front Camera,Memory Card Supported,Android v15
977,Xiaomi Redmi Note 14 Pro (8GB RAM + 256GB),https://www.smartprix.com/mobiles/xiaomi-redmi-note-14-pro-8gb-ram-256gb-ppd1ozzt6s69,"₹23,999",62,"Dual Sim, 3G, 4G, 5G, VoLTE, Wi-Fi, IR Blaster","Dimensity 7300 Ultra, Octa Core, 2.5 GHz Processor","8 GB RAM, 256 GB inbuilt",5500 mAh Battery with 45W Fast Charging,"6.67 inches, 1220 x 2712 px, 120 Hz Display with Punch Hole",50 MP + 8 MP + 2 MP Triple Rear & 20 MP Front Camera,Android v14,No FM Radio
978,Realme GT 7 Pro (16GB RAM + 512GB),https://www.smartprix.com/mobiles/realme-gt-7-pro-16gb-ram-512gb-ppd1c8evl5xg,"₹54,999",81,"Dual Sim, 3G, 4G, 5G, VoLTE, Wi-Fi, NFC, IR Blaster","Snapdragon 8 Elite, Octa Core, 4.32 GHz Processor","16 GB RAM, 512 GB inbuilt",5800 mAh Battery with 120W Fast Charging,"6.78 inches, 1264 x 2780 px, 120 Hz Display with Punch Hole",50 MP + 50 MP + 8 MP Triple Rear & 16 MP Front Camera,Memory Card Not Supported,Android v15
979,Xiaomi Redmi A4 5G (4GB RAM + 128GB),https://www.smartprix.com/mobiles/xiaomi-redmi-a4-5g-4gb-ram-128gb-ppd17rd5q5qr,"₹11,999",50,"Dual Sim, 3G, 4G, 5G, VoLTE, Wi-Fi","Snapdragon 4s Gen2, Octa Core, 2 GHz Processor","4 GB RAM, 128 GB inbuilt",5160 mAh Battery with 18W Fast Charging,"6.88 inches, 720 x 1640 px, 120 Hz Display with Water Drop Notch",50 MP Dual Rear & 5 MP Front Camera,"Memory Card Supported, upto 1 TB",Android v14
980,Tecno Pop 9 5G (4GB RAM + 128GB),https://www.smartprix.com/mobiles/tecno-pop-9-5g-4gb-ram-128gb-ppd1udiukp15,"₹9,999",53,"Dual Sim, 3G, 4G, 5G, VoLTE, Wi-Fi, NFC, IR Blaster","Dimensity 6300, Octa Core, 2.4 GHz Processor","4 GB RAM, 128 GB inbuilt",5000 mAh Battery with 18W Fast Charging,"6.67 inches, 720 x 1612 px, 120 Hz Display with Punch Hole",48 MP Dual Rear & 8 MP Front Camera,"Memory Card Supported, upto 1 TB",Android v14
981,Vivo V40e 5G (8GB RAM + 256GB),https://www.smartprix.com/mobiles/vivo-v40e-5g-8gb-ram-256gb-ppd1fi50he8e,"₹30,999",67,"Dual Sim, 3G, 4G, 5G, VoLTE, Wi-Fi","Dimensity 7300, Octa Core, 2.5 GHz Processor","8 GB RAM, 256 GB inbuilt",5500 mAh Battery with 80W Fast Charging,"6.77 inches, 1080 x 2392 px, 120 Hz Display with Punch Hole",50 MP + 8 MP Dual Rear & 50 MP Front Camera,Android v14,No FM Radio
982,Motorola Moto Edge 60 Neo,https://www.smartprix.com/mobiles/motorola-moto-edge-60-neo-ppd194b1d7oe,"₹41,990",70,"Dual Sim, 3G, 4G, 5G, VoLTE, Wi-Fi, NFC","Dimensity 7400, Octa Core, 2.6 GHz Processor","8 GB RAM, 128 GB inbuilt",5200 mAh Battery with 65W Fast Charging,"6.36 inches, 1200 x 2670 px, 120 Hz Display with Punch Hole",50 MP + 13 MP + 10 MP Triple Rear & 32 MP Front Camera,Android v15,No FM Radio
983,Apple iPhone 16 Pro Max (512GB),https://www.smartprix.com/mobiles/apple-iphone-16-pro-max-512gb-ppd16rgw83je,"₹1,54,900",81,"Dual Sim, 3G, 4G, 5G, VoLTE, Wi-Fi, NFC","Bionic A18 Pro, Hexa Core, 4.05 GHz Processor","8 GB RAM, 512 GB inbuilt",4685 mAh Battery with Fast Charging,"6.9 inches, 1320 x 2868 px, 120 Hz Display with Dynamic Island",48 MP + 48 MP + 12 MP Triple Rear & 12 MP Front Camera,Memory Card Not Supported,iOS v18
984,iQOO Neo 10 Pro 5G,https://www.smartprix.com/mobiles/iqoo-neo-10-pro-5g-ppd1fena6eij,"₹37,990",75,"Dual Sim, 3G, 4G, 5G, VoLTE, Wi-Fi, NFC, IR Blaster","Dimensity 9400, Octa Core, 3.63 GHz Processor","12 GB RAM, 256 GB inbuilt",6100 mAh Battery with 120W Fast Charging,"6.78 inches, 1260 x 2800 px, 144 Hz Display with Punch Hole",50 MP + 50 MP Dual Rear & 16 MP Front Camera,Android v15,No FM Radio
985,Motorola Moto G43 5G,https://www.smartprix.com/mobiles/motorola-moto-g43-5g-ppd1wpgaw8qa,"₹9,990",52,"Dual Sim, 3G, 4G, 5G, VoLTE, Wi-Fi","Dimensity 6300, Octa Core, 2.4 GHz Processor","4 GB RAM, 128 GB inbuilt",5000 mAh Battery with 10W Fast Charging,"6.56 inches, 720 x 1600 px, 90 Hz Display with Punch Hole",50 MP + Depth Sensor Dual Rear & 8 MP Front Camera,"Memory Card (Hybrid), upto 1 TB",Android v14
986,Realme C65 5G (8GB RAM + 128GB),https://www.smartprix.com/mobiles/realme-c65-5g-8gb-ram-128gb-ppd1qi55btk8,"₹12,299",55,"Dual Sim, 3G, 4G, 5G, VoLTE, Wi-Fi","Dimensity 6300, Octa Core, 2.4 GHz Processor","8 GB RAM, 128 GB inbuilt",5000 mAh Battery with 15W Fast Charging,"6.67 inches, 720 x 1604 px, 120 Hz Display with Punch Hole",50 MP Rear & 8 MP Front Camera,"Memory Card (Hybrid), upto 2 TB",Android v14
987,Oppo A3 5G 2024,https://www.smartprix.com/mobiles/oppo-a3-5g-2024-ppd1y7fhpz6t,"₹13,999",54,"Dual Sim, 3G, 4G, 5G, VoLTE, Wi-Fi","Dimensity 6300, Octa Core, 2.4 GHz Processor","6 GB RAM, 128 GB inbuilt",5100 mAh Battery with 45W Fast Charging,"6.67 inches, 720 x 1604 px, 120 Hz Display with Punch Hole",50 MP Dual Rear & 5 MP Front Camera,"Memory Card (Hybrid), upto 2 TB",Android v14
988,Vivo V40 Pro 5G (12GB RAM + 512GB),https://www.smartprix.com/mobiles/vivo-v40-pro-5g-12gb-ram-512gb-ppd10sfwxlec,"₹47,999",76,"Dual Sim, 3G, 4G, 5G, VoLTE, Wi-Fi","Dimensity 9200 Plus, Octa Core, 3.35 GHz Processor","12 GB RAM, 512 GB inbuilt",5500 mAh Battery with 80W Fast Charging,"6.78 inches, 1260 x 2800 px, 120 Hz Display with Punch Hole",50 MP + 50 MP + 50 MP Triple Rear & 50 MP Front Camera,Memory Card Not Supported,Android v14
989,Vivo V40 5G (8GB RAM + 256GB),https://www.smartprix.com/mobiles/vivo-v40-5g-8gb-ram-256gb-ppd1wo4wfkxo,"₹36,999",71,"Dual Sim, 3G, 4G, 5G, VoLTE, Wi-Fi","Snapdragon 7 Gen3, Octa Core, 2.63 GHz Processor","8 GB RAM, 256 GB inbuilt",5500 mAh Battery with 80W Fast Charging,"6.78 inches, 1260 x 2800 px, 120 Hz Display with Punch Hole",50 MP + 50 MP Dual Rear & 50 MP Front Camera,Memory Card Not Supported,Android v14
990,Realme 13 Pro Plus 5G (12GB RAM + 256GB),https://www.smartprix.com/mobiles/realme-13-pro-plus-5g-12gb-ram-256gb-ppd1yeq5v7u6,"₹26,998",70,"Dual Sim, 3G, 4G, 5G, VoLTE, Wi-Fi","Snapdragon 7s Gen2, Octa Core, 2.4 GHz Processor","12 GB RAM, 256 GB inbuilt",5200 mAh Battery with 80W Fast Charging,"6.7 inches, 1080 x 2412 px, 120 Hz Display with Punch Hole",50 MP + 50 MP + 8 MP Triple Rear & 32 MP Front Camera,Memory Card Not Supported,Android v14
991,Honor Magic 7 Pro,https://www.smartprix.com/mobiles/honor-magic-7-pro-ppd1v4fykovk,"₹66,990",85,"Dual Sim, 3G, 4G, 5G, VoLTE, Wi-Fi, NFC, IR Blaster","Snapdragon 8 Elite, Octa Core, 4.32 GHz Processor","12 GB RAM, 256 GB inbuilt",5850 mAh Battery with 100W Fast Charging,"6.8 inches, 1280 x 2800 px, 120 Hz Display with Punch Hole",200 MP + 50 MP + 50 MP Triple Rear & 50 MP Front Camera,Android v15,No FM Radio
992,OnePlus Nord CE 4 Lite 5G (8GB RAM + 256GB),https://www.smartprix.com/mobiles/oneplus-nord-ce-4-lite-5g-8gb-ram-256gb-ppd1ntccgxvs,"₹23,973",64,"Dual Sim, 3G, 4G, 5G, VoLTE, Wi-Fi","Snapdragon 695, Octa Core, 2.2 GHz Processor","8 GB RAM, 256 GB inbuilt",5500 mAh Battery with 80W Fast Charging,"6.67 inches, 1080 x 2400 px, 120 Hz Display with Punch Hole",50 MP + 2 MP Dual Rear & 16 MP Front Camera,"Memory Card (Hybrid), upto 2 TB",Android v14
993,Samsung Galaxy A06,https://www.smartprix.com/mobiles/samsung-galaxy-a06-ppd1bnusdypb,"₹9,125",46,"Dual Sim, 3G, 4G, VoLTE, Wi-Fi","Helio G85, Octa Core, 2 GHz Processor","4 GB RAM, 64 GB inbuilt",5000 mAh Battery with 25W Fast Charging,"6.74 inches, 720 x 1600 px Display with Water Drop Notch",50 MP + 2 MP Dual Rear & 8 MP Front Camera,"Memory Card Supported, upto 1 TB",Android v14
994,OPPO Reno 12F 5G,https://www.smartprix.com/mobiles/oppo-reno-12f-ppd1hbyb8dyv,"₹29,990",67,"Dual Sim, 3G, 4G, 5G, VoLTE, Wi-Fi, NFC, IR Blaster","Dimensity 6300, Octa Core, 2.4 GHz Processor","12 GB RAM, 256 GB inbuilt",5000 mAh Battery with 45W Fast Charging,"6.67 inches, 1080 x 2400 px, 120 Hz Display with Punch Hole",50 MP + 8 MP + 2 MP Triple Rear & 32 MP Front Camera,Memory Card (Hybrid),Android v14
995,Oppo Find X8 Pro 5G,https://www.smartprix.com/mobiles/oppo-find-x8-pro-5g-ppd1z3p3hqe0,"₹86,990",90,"Dual Sim, 3G, 4G, 5G, VoLTE, Wi-Fi, NFC, IR Blaster","Dimensity 9400, Octa Core, 3.63 GHz Processor","16 GB RAM, 512 GB inbuilt",5910 mAh Battery with 80W Fast Charging,"6.78 inches, 1264 x 2780 px, 120 Hz Display with Punch Hole",50 MP Quad Rear & 32 MP Front Camera,Android v15,No FM Radio
996,Infinix Note 40 5G,https://www.smartprix.com/mobiles/infinix-note-40-5g-ppd14rl5nuhi,"₹19,999",64,"Dual Sim, 3G, 4G, 5G, VoLTE, Wi-Fi, NFC, IR Blaster","Dimensity 7020, Octa Core, 2.2 GHz Processor","8 GB RAM, 256 GB inbuilt",5000 mAh Battery with 33W Fast Charging,"6.78 inches, 1080 x 2436 px, 120 Hz Display with Punch Hole",108 MP + 2 MP + 2 MP Triple Rear & 32 MP Front Camera,Android v14,Bluetooth
997,Realme Neo 7,https://www.smartprix.com/mobiles/realme-gt-neo-7-ppd1ftew5ide,"₹24,990",74,"Dual Sim, 3G, 4G, 5G, VoLTE, Vo5G, Wi-Fi, NFC, IR Blaster","Dimensity 9300 Plus, Octa Core, 3.25 GHz Processor","12 GB RAM, 256 GB inbuilt",7000 mAh Battery with 80W Fast Charging,"6.78 inches, 1264 x 2780 px, 120 Hz Display with Punch Hole",50 MP + 8 MP Dual Rear & 16 MP Front Camera,Android v15,No FM Radio
998,Realme Narzo 70 Pro 5G (8GB RAM + 256GB),https://www.smartprix.com/mobiles/realme-narzo-70-pro-5g-8gb-ram-256gb-ppd1m64tiu74,"₹25,999",62,"Dual Sim, 3G, 4G, 5G, VoLTE, Wi-Fi","Dimensity 7050, Octa Core, 2.6 GHz Processor","8 GB RAM, 256 GB inbuilt",5000 mAh Battery with 67W Fast Charging,"6.67 inches, 1080 x 2400 px, 120 Hz Display with Punch Hole",50 MP + 8 MP + 2 MP Triple Rear & 16 MP Front Camera,"Memory Card (Hybrid), upto 2 TB",Android v14
999,Vivo V30 Pro (12GB RAM + 512GB),https://www.smartprix.com/mobiles/vivo-v30-pro-12gb-ram-512gb-ppd1q8wh1qhk,"₹43,999",72,"Dual Sim, 3G, 4G, 5G, VoLTE, Wi-Fi","Dimensity 8200, Octa Core, 3.1 GHz Processor","12 GB RAM, 512 GB inbuilt",5000 mAh Battery with 80W Fast Charging,"6.78 inches, 1260 x 2800 px, 120 Hz Display with Punch Hole",50 MP + 50 MP + 50 MP Triple Rear & 50 MP Front Camera,Android v14,No FM Radio
1000,Vivo Y200e 5G (8GB RAM + 128GB),https://www.smartprix.com/mobiles/vivo-y200e-5g-8gb-ram-128gb-ppd1txh3sz16,"₹19,999",61,"Dual Sim, 3G, 4G, 5G, VoLTE, Wi-Fi","Snapdragon 4 Gen2, Octa Core, 2.2 GHz Processor","8 GB RAM, 128 GB inbuilt",5000 mAh Battery with 44W Fast Charging,"6.67 inches, 1080 x 2400 px, 120 Hz Display with Punch Hole",50 MP + 2 MP Dual Rear & 16 MP Front Camera,"Memory Card (Hybrid), upto 1 TB",Android v14
1001,Energizer P28K,https://www.smartprix.com/mobiles/energizer-p28k-ppd12ojw98bm,"₹22,990",62,"Dual Sim, 3G, 4G, Wi-Fi, NFC","Helio G99, Octa Core, 2.2 GHz Processor","8 GB RAM, 256 GB inbuilt",28000 mAh Battery with 33W Fast Charging,"6.78 inches, 1080 x 2460 px Display with Punch Hole",60 MP + 20 MP + 2 MP Triple Rear & 16 MP Front Camera,Memory Card Supported,Android v14
1002,Samsung Galaxy S24 (8GB RAM + 128GB),https://www.smartprix.com/mobiles/samsung-galaxy-s24-8gb-ram-256gb-ppd1z9j7hz4z,"₹43,399",72,"Dual Sim, 3G, 4G, 5G, VoLTE, Vo5G, Wi-Fi, NFC","Exynos 2400, Deca Core, 3.2 GHz Processor","8 GB RAM, 128 GB inbuilt",4000 mAh Battery with 25W Fast Charging,"6.2 inches, 1080 x 2340 px, 120 Hz Display with Punch Hole",50 MP + 12 MP + 10 MP Triple Rear & 12 MP Front Camera,Android v14,No FM Radio
1003,Motorola Moto G34 5G (8GB RAM + 128GB),https://www.smartprix.com/mobiles/motorola-moto-g34-5g-8gb-ram-128gb-ppd1l5wui1qr,"₹14,999",55,"Dual Sim, 3G, 4G, 5G, VoLTE, Vo5G, Wi-Fi","Snapdragon 695, Octa Core, 2.2 GHz Processor","8 GB RAM, 128 GB inbuilt",5000 mAh Battery with 18W Fast Charging,"6.5 inches, 720 x 1600 px, 120 Hz Display with Punch Hole",50 MP + 2 MP Dual Rear & 16 MP Front Camera,"Memory Card (Hybrid), upto 1 TB",Android v14
1004,Nothing Phone 2a (12GB RAM + 256GB),https://www.smartprix.com/mobiles/nothing-phone-2a-12gb-ram-256gb-ppd16cl1k7os,"₹27,999",71,"Dual Sim, 3G, 4G, 5G, VoLTE, Wi-Fi, NFC","Dimensity 7200 Pro, Octa Core, 2.8 GHz Processor","12 GB RAM, 256 GB inbuilt",5000 mAh Battery with 45W Fast Charging,"6.7 inches, 1084 x 2412 px, 120 Hz Display with Punch Hole",50 MP + 50 MP Dual Rear & 32 MP Front Camera,Android v14,No FM Radio
1005,Samsung Galaxy A25 5G (8GB RAM + 256GB),https://www.smartprix.com/mobiles/samsung-galaxy-a25-5g-8gb-ram-256gb-ppd1f0uk0cg2,"₹25,790",59,"Dual Sim, 3G, 4G, 5G, VoLTE, Wi-Fi, NFC","Exynos 1280, Octa Core, 2.4 GHz Processor","8 GB RAM, 256 GB inbuilt",5000 mAh Battery with 25W Fast Charging,"6.5 inches, 1080 x 2340 px, 120 Hz Display with Water Drop Notch",50 MP + 8 MP + 2 MP Triple Rear & 13 MP Front Camera,"Memory Card (Hybrid), upto 1 TB",Android v14
1006,Poco M6 Pro 5G (8GB RAM + 256GB),https://www.smartprix.com/mobiles/poco-m6-pro-5g-8gb-ram-256gb-ppd1mxkzuscu,"₹14,999",54,"Dual Sim, 3G, 4G, 5G, VoLTE, Wi-Fi, IR Blaster","Snapdragon 4 Gen2, Octa Core, 2.2 GHz Processor","8 GB RAM, 256 GB inbuilt",5000 mAh Battery with 18W Fast Charging,"6.79 inches, 1080 x 2460 px, 90 Hz Display with Punch Hole",50 MP + 2 MP Dual Rear & 8 MP Front Camera,"Memory Card (Hybrid), upto 1 TB",Android v13
1007,Nubia Red Magic 10 Pro Plus 5G,https://www.smartprix.com/mobiles/nubia-red-magic-10-pro-plus-5g-ppd15r8zrv2q,"₹69,990",83,"Dual Sim, 3G, 4G, 5G, VoLTE, Wi-Fi, NFC, IR Blaster","Snapdragon 8 Elite, Octa Core, 4.32 GHz Processor","16 GB RAM, 512 GB inbuilt",7050 mAh Battery with 120W Fast Charging,"6.85 inches, 1216 x 2688 px, 144 Hz Display",50 MP + 50 MP + 2 MP Triple Rear & 16 MP Front Camera,Android v15,No FM Radio
1008,Xiaomi Redmi 13C 4G,https://www.smartprix.com/mobiles/xiaomi-redmi-13c-ppd1wm1taryl,"₹8,999",48,"Dual Sim, 3G, 4G, VoLTE, Wi-Fi","Helio G85, Octa Core, 2 GHz Processor","4 GB RAM, 128 GB inbuilt",5000 mAh Battery with 18W Fast Charging,"6.74 inches, 720 x 1600 px, 90 Hz Display with Water Drop Notch",50 MP + 2 MP + 0.08 MP Triple Rear & 8 MP Front Camera,"Memory Card Supported, upto 1 TB",Android v13
1009,Samsung Galaxy A25 5G,https://www.smartprix.com/mobiles/samsung-galaxy-a25-5g-ppd1i5pkjvsh,"₹18,399",59,"Dual Sim, 3G, 4G, 5G, VoLTE, Wi-Fi, NFC","Exynos 1280, Octa Core, 2.4 GHz Processor","8 GB RAM, 128 GB inbuilt",5000 mAh Battery with 25W Fast Charging,"6.5 inches, 1080 x 2340 px, 120 Hz Display with Water Drop Notch",50 MP + 8 MP + 2 MP Triple Rear & 13 MP Front Camera,"Memory Card (Hybrid), upto 1 TB",Android v14
1010,Apple iPhone 17 Plus,https://www.smartprix.com/mobiles/apple-iphone-17-plus-ppd1ujn8d35n,"₹99,999",66,"Dual Sim, 3G, 4G, 5G, VoLTE, Wi-Fi, NFC","Apple A19, Hexa Core Processor","8 GB RAM, 256 GB inbuilt","6.8 inches, 1284 x 3200 px, 120 Hz Display with Small Notch",48 MP + 48 MP Dual Rear & 18 MP Front Camera,Memory Card Not Supported,iOS v26,No FM Radio
1011,Motorola Moto G54 5G (12GB RAM +256GB),https://www.smartprix.com/mobiles/motorola-moto-g54-5g-12gb-ram-256gb-ppd1d1u6gq18,"₹21,999",61,"Dual Sim, 3G, 4G, 5G, VoLTE, Wi-Fi","Dimensity 7020, Octa Core, 2.2 GHz Processor","12 GB RAM, 256 GB inbuilt",6000 mAh Battery with 33W Fast Charging,"6.5 inches, 1080 x 2400 px, 120 Hz Display with Punch Hole",50 MP + 8 MP Dual Rear & 16 MP Front Camera,"Memory Card (Hybrid), upto 1 TB",Android v13
1012,Realme GT 5 (240W),https://www.smartprix.com/mobiles/realme-gt-5-240w-ppd1hjaiyy6z,"₹42,990",75,"Dual Sim, 3G, 4G, 5G, VoLTE, Vo5G, Wi-Fi, NFC, IR Blaster","Snapdragon 8 Gen2, Octa Core, 3.2 GHz Processor","24 GB RAM, 1 TB inbuilt",4600 mAh Battery with 240W Fast Charging,"6.74 inches, 1240 x 2772 px, 144 Hz Display with Punch Hole",50 MP + 8 MP + 2 MP Triple Rear & 16 MP Front Camera,Memory Card Not Supported,Android v13
1013,Motorola Moto G84 5G,https://www.smartprix.com/mobiles/motorola-moto-g84-5g-ppd1znj5zzp1,"₹22,999",61,"Dual Sim, 3G, 4G, 5G, VoLTE, Wi-Fi, NFC","Snapdragon 695, Octa Core, 2.2 GHz Processor","12 GB RAM, 256 GB inbuilt",5000 mAh Battery with 30W Fast Charging,"6.55 inches, 1080 x 2400 px, 120 Hz Display with Punch Hole",50 MP + 8 MP Dual Rear & 16 MP Front Camera,Memory Card (Hybrid),Android v13
1014,Poco M6 Pro 5G (6GB RAM + 128GB),https://www.smartprix.com/mobiles/poco-m6-pro-5g-6gb-ram-128gb-ppd1s0cdyh58,"₹13,999",53,"Dual Sim, 3G, 4G, 5G, VoLTE, Wi-Fi, IR Blaster","Snapdragon 4 Gen2, Octa Core, 2.2 GHz Processor","6 GB RAM, 128 GB inbuilt",5000 mAh Battery with 18W Fast Charging,"6.79 inches, 1080 x 2460 px, 90 Hz Display with Punch Hole",50 MP + 2 MP Dual Rear & 8 MP Front Camera,"Memory Card (Hybrid), upto 1 TB",Android v13
1015,Motorola Moto G54 5G,https://www.smartprix.com/mobiles/motorola-moto-g54-5g-ppd1zo6tkw9k,"₹15,999",58,"Dual Sim, 3G, 4G, 5G, VoLTE, Wi-Fi","Dimensity 7020, Octa Core, 2.2 GHz Processor","8 GB RAM, 128 GB inbuilt",6000 mAh Battery with 33W Fast Charging,"6.5 inches, 1080 x 2400 px, 120 Hz Display with Punch Hole",50 MP + 8 MP Dual Rear & 16 MP Front Camera,"Memory Card (Hybrid), upto 1 TB",Android v13
1016,Oppo A78 4G,https://www.smartprix.com/mobiles/oppo-a78-4g-ppd1bsinr4na,"₹15,490",55,"Dual Sim, 3G, 4G, VoLTE, Wi-Fi, NFC","Snapdragon 680, Octa Core, 2.4 GHz Processor","8 GB RAM, 128 GB inbuilt",5000 mAh Battery with 67W Fast Charging,"6.43 inches, 1080 x 2400 px, 90 Hz Display with Punch Hole",50 MP + 2 MP Dual Rear & 8 MP Front Camera,"Memory Card Supported, upto 1 TB",Android v13
1017,Samsung Galaxy Z Flip 6 5G,https://www.smartprix.com/mobiles/samsung-galaxy-z-flip-6-ppd1t5275osz,"₹70,199",86,"Dual Sim, 3G, 4G, 5G, VoLTE, Vo5G, Wi-Fi, NFC","Snapdragon 8 Gen3, Octa Core, 3.3 GHz Processor","12 GB RAM, 256 GB inbuilt",4000 mAh Battery with 25W Fast Charging,"6.7 inches, 1080 x 2640 px, 120 Hz Display with Punch Hole","Foldable Display, Dual Display",50 MP + 12 MP Dual Rear & 10 MP Front Camera,Memory Card Not Supported
1018,Nokia Magic Max,https://www.smartprix.com/mobiles/nokia-magic-max-ppd1p6wz2gn5,"₹49,990",75,"Dual Sim, 3G, 4G, 5G, VoLTE, Wi-Fi, NFC","Snapdragon 8+ Gen1, Octa Core, 3.2 GHz Processor","16 GB RAM, 256 GB inbuilt",5000 mAh Battery with 67W Fast Charging,"6.7 inches, 1080 x 2400 px, 120 Hz Display with Punch Hole",108 MP + 13 MP Dual Rear & 32 MP Front Camera,Android v13,Bluetooth
1019,Motorola Razr 50 Ultra 5G,https://www.smartprix.com/mobiles/motorola-razr-50-ultra-ppd18p9mo5gz,"₹59,990",85,"Dual Sim, 3G, 4G, 5G, VoLTE, Wi-Fi, NFC","Snapdragon 8s Gen3, Octa Core, 3 GHz Processor","12 GB RAM, 512 GB inbuilt",4000 mAh Battery with 45W Fast Charging,"6.9 inches, 1080 x 2640 px, 165 Hz Display with Punch Hole","Foldable Display, Dual Display",50 MP + 50 MP Dual Rear & 32 MP Front Camera,Memory Card Not Supported
